{
  "layer": 2,
  "name": "UNITS",
  "version": "1.1.0",
  "lastUpdated": "2026-01-20",
  "lastSession": "0.SETUP.1.1",
  "status": "NOT_STARTED",
  "coverage": {
    "baseline": 80,
    "added": 0,
    "total": 80,
    "implemented": 0,
    "percentage": "0%"
  },
  "openForAdditions": true,
  "additionHistory": [],
  "enhancementHistory": [],
  "categories": {
    "LENGTH": {
      "file": "length.js",
      "baseline": 10,
      "added": 0,
      "total": 10,
      "implemented": 0,
      "items": [],
      "openForAdditions": true
    },
    "VELOCITY": {
      "file": "velocity.js",
      "baseline": 8,
      "added": 0,
      "total": 8,
      "implemented": 0,
      "items": [],
      "openForAdditions": true
    },
    "FEED": {
      "file": "feed.js",
      "baseline": 8,
      "added": 0,
      "total": 8,
      "implemented": 0,
      "items": [],
      "openForAdditions": true
    },
    "ANGULAR": {
      "file": "angular.js",
      "baseline": 8,
      "added": 0,
      "total": 8,
      "implemented": 0,
      "items": [],
      "openForAdditions": true
    },
    "FORCE": {
      "file": "force.js",
      "baseline": 8,
      "added": 0,
      "total": 8,
      "implemented": 0,
      "items": [],
      "openForAdditions": true
    },
    "PRESSURE": {
      "file": "pressure.js",
      "baseline": 8,
      "added": 0,
      "total": 8,
      "implemented": 0,
      "items": [],
      "openForAdditions": true
    },
    "TEMPERATURE": {
      "file": "temperature.js",
      "baseline": 6,
      "added": 0,
      "total": 6,
      "implemented": 0,
      "items": [],
      "openForAdditions": true
    },
    "POWER": {
      "file": "power.js",
      "baseline": 8,
      "added": 0,
      "total": 8,
      "implemented": 0,
      "items": [],
      "openForAdditions": true
    },
    "THERMAL": {
      "file": "thermal.js",
      "baseline": 8,
      "added": 0,
      "total": 8,
      "implemented": 0,
      "items": [],
      "openForAdditions": true
    },
    "SURFACE_FINISH": {
      "file": "surface_finish.js",
      "baseline": 8,
      "added": 0,
      "total": 8,
      "implemented": 0,
      "items": [],
      "openForAdditions": true
    }
  },
  "pendingCascades": [],
  "pendingEnhancements": [],
  "history": [
    {
      "session": "0.SETUP.1.1",
      "action": "registry_upgraded",
      "note": "Upgraded to support additions and enhancements"
    }
  ]
}