tool_id,brand,tool_type,grade_name,iso,toolpath,op,cut,strategy,dia_in,flutes,vc_sfm,rpm,fz_in,feed_ipm,ap_in,ae_in,coolant,css,hb_min,hb_max,flute_source,source_file
ADD-Accupro-ACCU-0.0050,Accupro,drill,1018 Steel (P),P,Drill,drilling,roughing,conventional,0.005,2,344,263170,0.0007,373,0,0.0051,flood,0,120,300,record,Accupro_catalog
ADD-Accupro-ACCU-0.0050,Accupro,drill,1018 Steel (P),P,Peck,drilling,roughing,plunge,0.005,2,241,184219,0.0004,130.55,0,0.0051,flood,0,120,300,record,Accupro_catalog
ADD-Accupro-ACCU-0.0050,Accupro,drill,1045 Steel (P),P,Drill,drilling,roughing,conventional,0.005,2,291,222682,0.0007,315.61,0,0.0051,flood,0,170,260,record,Accupro_catalog
ADD-Accupro-ACCU-0.0050,Accupro,drill,1045 Steel (P),P,Peck,drilling,roughing,plunge,0.005,2,204,155877,0.0004,110.46,0,0.0051,flood,0,170,260,record,Accupro_catalog
ADD-Accupro-ACCU-0.0050,Accupro,drill,4140/4340 Alloy (P),P,Drill,drilling,roughing,conventional,0.005,2,265,202438,0.0007,286.92,0,0.0051,flood,0,180,350,record,Accupro_catalog
ADD-Accupro-ACCU-0.0050,Accupro,drill,4140/4340 Alloy (P),P,Peck,drilling,roughing,plunge,0.005,2,185,141707,0.0004,100.42,0,0.0051,flood,0,180,350,record,Accupro_catalog
ADD-Accupro-ACCU-0.0050-drill,Accupro,drill,1018 Steel (P),P,Drill,drilling,roughing,conventional,0.005,2,344,263170,0.0007,373,0,0.0051,flood,0,120,300,record,Accupro_catalog
ADD-Accupro-ACCU-0.0050-drill,Accupro,drill,1018 Steel (P),P,Peck,drilling,roughing,plunge,0.005,2,241,184219,0.0004,130.55,0,0.0051,flood,0,120,300,record,Accupro_catalog
ADD-Accupro-ACCU-0.0050-drill,Accupro,drill,1045 Steel (P),P,Drill,drilling,roughing,conventional,0.005,2,291,222682,0.0007,315.61,0,0.0051,flood,0,170,260,record,Accupro_catalog
ADD-Accupro-ACCU-0.0050-drill,Accupro,drill,1045 Steel (P),P,Peck,drilling,roughing,plunge,0.005,2,204,155877,0.0004,110.46,0,0.0051,flood,0,170,260,record,Accupro_catalog
ADD-Accupro-ACCU-0.0050-drill,Accupro,drill,4140/4340 Alloy (P),P,Drill,drilling,roughing,conventional,0.005,2,265,202438,0.0007,286.92,0,0.0051,flood,0,180,350,record,Accupro_catalog
ADD-Accupro-ACCU-0.0050-drill,Accupro,drill,4140/4340 Alloy (P),P,Peck,drilling,roughing,plunge,0.005,2,185,141707,0.0004,100.42,0,0.0051,flood,0,180,350,record,Accupro_catalog
ADD-Accupro-ACCU-0.0050-drill-109,Accupro,drill,1018 Steel (P),P,Drill,drilling,roughing,conventional,0.005,2,344,263170,0.0007,373,0,0.0051,flood,0,120,300,record,Accupro_catalog
ADD-Accupro-ACCU-0.0050-drill-109,Accupro,drill,1018 Steel (P),P,Peck,drilling,roughing,plunge,0.005,2,241,184219,0.0004,130.55,0,0.0051,flood,0,120,300,record,Accupro_catalog
ADD-Accupro-ACCU-0.0050-drill-109,Accupro,drill,1045 Steel (P),P,Drill,drilling,roughing,conventional,0.005,2,291,222682,0.0007,315.61,0,0.0051,flood,0,170,260,record,Accupro_catalog
ADD-Accupro-ACCU-0.0050-drill-109,Accupro,drill,1045 Steel (P),P,Peck,drilling,roughing,plunge,0.005,2,204,155877,0.0004,110.46,0,0.0051,flood,0,170,260,record,Accupro_catalog
ADD-Accupro-ACCU-0.0050-drill-109,Accupro,drill,4140/4340 Alloy (P),P,Drill,drilling,roughing,conventional,0.005,2,265,202438,0.0007,286.92,0,0.0051,flood,0,180,350,record,Accupro_catalog
ADD-Accupro-ACCU-0.0050-drill-109,Accupro,drill,4140/4340 Alloy (P),P,Peck,drilling,roughing,plunge,0.005,2,185,141707,0.0004,100.42,0,0.0051,flood,0,180,350,record,Accupro_catalog
ADD-Accupro-ACCU-0.0060,Accupro,drill,1018 Steel (P),P,Drill,drilling,roughing,conventional,0.006,2,344,219885,0.0007,311.65,0,0.0059,flood,0,120,300,record,Accupro_catalog
ADD-Accupro-ACCU-0.0060,Accupro,drill,1018 Steel (P),P,Peck,drilling,roughing,plunge,0.006,2,241,153920,0.0004,109.08,0,0.0059,flood,0,120,300,record,Accupro_catalog
ADD-Accupro-ACCU-0.0060,Accupro,drill,1045 Steel (P),P,Drill,drilling,roughing,conventional,0.006,2,291,186057,0.0007,263.7,0,0.0059,flood,0,170,260,record,Accupro_catalog
ADD-Accupro-ACCU-0.0060,Accupro,drill,1045 Steel (P),P,Peck,drilling,roughing,plunge,0.006,2,204,130240,0.0004,92.3,0,0.0059,flood,0,170,260,record,Accupro_catalog
ADD-Accupro-ACCU-0.0060,Accupro,drill,4140/4340 Alloy (P),P,Drill,drilling,roughing,conventional,0.006,2,265,169142,0.0007,239.73,0,0.0059,flood,0,180,350,record,Accupro_catalog
ADD-Accupro-ACCU-0.0060,Accupro,drill,4140/4340 Alloy (P),P,Peck,drilling,roughing,plunge,0.006,2,185,118400,0.0004,83.91,0,0.0059,flood,0,180,350,record,Accupro_catalog
ADD-Accupro-ACCU-0.0060-drill,Accupro,drill,1018 Steel (P),P,Drill,drilling,roughing,conventional,0.006,2,344,219885,0.0007,311.65,0,0.0059,flood,0,120,300,record,Accupro_catalog
ADD-Accupro-ACCU-0.0060-drill,Accupro,drill,1018 Steel (P),P,Peck,drilling,roughing,plunge,0.006,2,241,153920,0.0004,109.08,0,0.0059,flood,0,120,300,record,Accupro_catalog
ADD-Accupro-ACCU-0.0060-drill,Accupro,drill,1045 Steel (P),P,Drill,drilling,roughing,conventional,0.006,2,291,186057,0.0007,263.7,0,0.0059,flood,0,170,260,record,Accupro_catalog
ADD-Accupro-ACCU-0.0060-drill,Accupro,drill,1045 Steel (P),P,Peck,drilling,roughing,plunge,0.006,2,204,130240,0.0004,92.3,0,0.0059,flood,0,170,260,record,Accupro_catalog
ADD-Accupro-ACCU-0.0060-drill,Accupro,drill,4140/4340 Alloy (P),P,Drill,drilling,roughing,conventional,0.006,2,265,169142,0.0007,239.73,0,0.0059,flood,0,180,350,record,Accupro_catalog
ADD-Accupro-ACCU-0.0060-drill,Accupro,drill,4140/4340 Alloy (P),P,Peck,drilling,roughing,plunge,0.006,2,185,118400,0.0004,83.91,0,0.0059,flood,0,180,350,record,Accupro_catalog
ADD-Accupro-ACCU-0.0070,Accupro,end_mill,1018 Steel (P),P,Rough,milling,roughing,conventional,0.007,4,459,250356,0.001,1025.08,0.007,0.0028,flood,0,120,300,record,Accupro_catalog
ADD-Accupro-ACCU-0.0070,Accupro,end_mill,1018 Steel (P),P,HEM Adaptive,milling,roughing,adaptive,0.007,4,643,350499,0.0012,1722.14,0.014,0.0007,flood,0,120,300,record,Accupro_catalog
ADD-Accupro-ACCU-0.0070,Accupro,end_mill,1018 Steel (P),P,Trochoidal,milling,roughing,trochoidal,0.007,4,689,375534,0.0013,1998.91,0.0175,0.0006,flood,0,120,300,record,Accupro_catalog
ADD-Accupro-ACCU-0.0070,Accupro,end_mill,1018 Steel (P),P,Slot,milling,roughing,slot,0.007,4,367,200285,0.0009,738.06,0.0035,0.007,flood,0,120,300,record,Accupro_catalog
ADD-Accupro-ACCU-0.0070,Accupro,end_mill,1018 Steel (P),P,Ramp,milling,roughing,plunge,0.007,4,322,175249,0.0005,358.78,0.007,0.0028,flood,0,120,300,record,Accupro_catalog
ADD-Accupro-ACCU-0.0070,Accupro,end_mill,1018 Steel (P),P,Semi,milling,semi_finishing,conventional,0.007,4,509,277180,0.0008,873.01,0.007,0.0035,flood,0,120,300,record,Accupro_catalog
ADD-Accupro-ACCU-0.0070,Accupro,end_mill,1018 Steel (P),P,Finish,milling,finishing,conventional,0.007,4,558,304004,0.0006,765.99,0.007,0.0051,flood,0,120,300,record,Accupro_catalog
ADD-Accupro-ACCU-0.0070,Accupro,end_mill,1018 Steel (P),P,HSM,milling,finishing,hsm,0.007,4,725,395205,0.0006,995.79,0.0011,0.0035,flood,0,120,300,record,Accupro_catalog
ADD-Accupro-ACCU-0.0070,Accupro,end_mill,1045 Steel (P),P,Rough,milling,roughing,conventional,0.007,4,389,211840,0.001,867.38,0.007,0.0028,flood,0,170,260,record,Accupro_catalog
ADD-Accupro-ACCU-0.0070,Accupro,end_mill,1045 Steel (P),P,HEM Adaptive,milling,roughing,adaptive,0.007,4,544,296576,0.0012,1457.19,0.014,0.0007,flood,0,170,260,record,Accupro_catalog
ADD-Accupro-ACCU-0.0070,Accupro,end_mill,1045 Steel (P),P,Trochoidal,milling,roughing,trochoidal,0.007,4,583,317760,0.0013,1691.38,0.0175,0.0006,flood,0,170,260,record,Accupro_catalog
ADD-Accupro-ACCU-0.0070,Accupro,end_mill,1045 Steel (P),P,Slot,milling,roughing,slot,0.007,4,311,169472,0.0009,624.51,0.0035,0.007,flood,0,170,260,record,Accupro_catalog
ADD-Accupro-ACCU-0.0070,Accupro,end_mill,1045 Steel (P),P,Ramp,milling,roughing,plunge,0.007,4,272,148288,0.0005,303.58,0.007,0.0028,flood,0,170,260,record,Accupro_catalog
ADD-Accupro-ACCU-0.0070,Accupro,end_mill,1045 Steel (P),P,Semi,milling,semi_finishing,conventional,0.007,4,430,234537,0.0008,738.7,0.007,0.0035,flood,0,170,260,record,Accupro_catalog
ADD-Accupro-ACCU-0.0070,Accupro,end_mill,1045 Steel (P),P,Finish,milling,finishing,conventional,0.007,4,472,257234,0.0006,648.15,0.007,0.0051,flood,0,170,260,record,Accupro_catalog
ADD-Accupro-ACCU-0.0070,Accupro,end_mill,1045 Steel (P),P,HSM,milling,finishing,hsm,0.007,4,614,334404,0.0006,842.59,0.0011,0.0035,flood,0,170,260,record,Accupro_catalog
ADD-Accupro-ACCU-0.0070,Accupro,end_mill,4140/4340 Alloy (P),P,Rough,milling,roughing,conventional,0.007,4,353,192582,0.001,788.52,0.007,0.0028,flood,0,180,350,record,Accupro_catalog
ADD-Accupro-ACCU-0.0070,Accupro,end_mill,4140/4340 Alloy (P),P,HEM Adaptive,milling,roughing,adaptive,0.007,4,495,269614,0.0012,1324.72,0.014,0.0007,flood,0,180,350,record,Accupro_catalog
ADD-Accupro-ACCU-0.0070,Accupro,end_mill,4140/4340 Alloy (P),P,Trochoidal,milling,roughing,trochoidal,0.007,4,530,288872,0.0013,1537.62,0.0175,0.0006,flood,0,180,350,record,Accupro_catalog
ADD-Accupro-ACCU-0.0070,Accupro,end_mill,4140/4340 Alloy (P),P,Slot,milling,roughing,slot,0.007,4,283,154065,0.0009,567.74,0.0035,0.007,flood,0,180,350,record,Accupro_catalog
ADD-Accupro-ACCU-0.0070,Accupro,end_mill,4140/4340 Alloy (P),P,Ramp,milling,roughing,plunge,0.007,4,247,134807,0.0005,275.98,0.007,0.0028,flood,0,180,350,record,Accupro_catalog
ADD-Accupro-ACCU-0.0070,Accupro,end_mill,4140/4340 Alloy (P),P,Semi,milling,semi_finishing,conventional,0.007,4,391,213215,0.0008,671.54,0.007,0.0035,flood,0,180,350,record,Accupro_catalog
ADD-Accupro-ACCU-0.0070,Accupro,end_mill,4140/4340 Alloy (P),P,Finish,milling,finishing,conventional,0.007,4,429,233849,0.0006,589.23,0.007,0.0051,flood,0,180,350,record,Accupro_catalog
ADD-Accupro-ACCU-0.0070,Accupro,end_mill,4140/4340 Alloy (P),P,HSM,milling,finishing,hsm,0.007,4,558,304004,0.0006,765.99,0.0011,0.0035,flood,0,180,350,record,Accupro_catalog
ADD-Accupro-ACCU-0.0070-end_mill,Accupro,end_mill,1018 Steel (P),P,Rough,milling,roughing,conventional,0.007,4,459,250356,0.001,1025.08,0.007,0.0028,flood,0,120,300,record,Accupro_catalog
ADD-Accupro-ACCU-0.0070-end_mill,Accupro,end_mill,1018 Steel (P),P,HEM Adaptive,milling,roughing,adaptive,0.007,4,643,350499,0.0012,1722.14,0.014,0.0007,flood,0,120,300,record,Accupro_catalog
ADD-Accupro-ACCU-0.0070-end_mill,Accupro,end_mill,1018 Steel (P),P,Trochoidal,milling,roughing,trochoidal,0.007,4,689,375534,0.0013,1998.91,0.0175,0.0006,flood,0,120,300,record,Accupro_catalog
ADD-Accupro-ACCU-0.0070-end_mill,Accupro,end_mill,1018 Steel (P),P,Slot,milling,roughing,slot,0.007,4,367,200285,0.0009,738.06,0.0035,0.007,flood,0,120,300,record,Accupro_catalog
ADD-Accupro-ACCU-0.0070-end_mill,Accupro,end_mill,1018 Steel (P),P,Ramp,milling,roughing,plunge,0.007,4,322,175249,0.0005,358.78,0.007,0.0028,flood,0,120,300,record,Accupro_catalog
ADD-Accupro-ACCU-0.0070-end_mill,Accupro,end_mill,1018 Steel (P),P,Semi,milling,semi_finishing,conventional,0.007,4,509,277180,0.0008,873.01,0.007,0.0035,flood,0,120,300,record,Accupro_catalog
ADD-Accupro-ACCU-0.0070-end_mill,Accupro,end_mill,1018 Steel (P),P,Finish,milling,finishing,conventional,0.007,4,558,304004,0.0006,765.99,0.007,0.0051,flood,0,120,300,record,Accupro_catalog
ADD-Accupro-ACCU-0.0070-end_mill,Accupro,end_mill,1018 Steel (P),P,HSM,milling,finishing,hsm,0.007,4,725,395205,0.0006,995.79,0.0011,0.0035,flood,0,120,300,record,Accupro_catalog
ADD-Accupro-ACCU-0.0070-end_mill,Accupro,end_mill,1045 Steel (P),P,Rough,milling,roughing,conventional,0.007,4,389,211840,0.001,867.38,0.007,0.0028,flood,0,170,260,record,Accupro_catalog
ADD-Accupro-ACCU-0.0070-end_mill,Accupro,end_mill,1045 Steel (P),P,HEM Adaptive,milling,roughing,adaptive,0.007,4,544,296576,0.0012,1457.19,0.014,0.0007,flood,0,170,260,record,Accupro_catalog
ADD-Accupro-ACCU-0.0070-end_mill,Accupro,end_mill,1045 Steel (P),P,Trochoidal,milling,roughing,trochoidal,0.007,4,583,317760,0.0013,1691.38,0.0175,0.0006,flood,0,170,260,record,Accupro_catalog
ADD-Accupro-ACCU-0.0070-end_mill,Accupro,end_mill,1045 Steel (P),P,Slot,milling,roughing,slot,0.007,4,311,169472,0.0009,624.51,0.0035,0.007,flood,0,170,260,record,Accupro_catalog
ADD-Accupro-ACCU-0.0070-end_mill,Accupro,end_mill,1045 Steel (P),P,Ramp,milling,roughing,plunge,0.007,4,272,148288,0.0005,303.58,0.007,0.0028,flood,0,170,260,record,Accupro_catalog
ADD-Accupro-ACCU-0.0070-end_mill,Accupro,end_mill,1045 Steel (P),P,Semi,milling,semi_finishing,conventional,0.007,4,430,234537,0.0008,738.7,0.007,0.0035,flood,0,170,260,record,Accupro_catalog
ADD-Accupro-ACCU-0.0070-end_mill,Accupro,end_mill,1045 Steel (P),P,Finish,milling,finishing,conventional,0.007,4,472,257234,0.0006,648.15,0.007,0.0051,flood,0,170,260,record,Accupro_catalog
ADD-Accupro-ACCU-0.0070-end_mill,Accupro,end_mill,1045 Steel (P),P,HSM,milling,finishing,hsm,0.007,4,614,334404,0.0006,842.59,0.0011,0.0035,flood,0,170,260,record,Accupro_catalog
ADD-Accupro-ACCU-0.0070-end_mill,Accupro,end_mill,4140/4340 Alloy (P),P,Rough,milling,roughing,conventional,0.007,4,353,192582,0.001,788.52,0.007,0.0028,flood,0,180,350,record,Accupro_catalog
ADD-Accupro-ACCU-0.0070-end_mill,Accupro,end_mill,4140/4340 Alloy (P),P,HEM Adaptive,milling,roughing,adaptive,0.007,4,495,269614,0.0012,1324.72,0.014,0.0007,flood,0,180,350,record,Accupro_catalog
ADD-Accupro-ACCU-0.0070-end_mill,Accupro,end_mill,4140/4340 Alloy (P),P,Trochoidal,milling,roughing,trochoidal,0.007,4,530,288872,0.0013,1537.62,0.0175,0.0006,flood,0,180,350,record,Accupro_catalog
ADD-Accupro-ACCU-0.0070-end_mill,Accupro,end_mill,4140/4340 Alloy (P),P,Slot,milling,roughing,slot,0.007,4,283,154065,0.0009,567.74,0.0035,0.007,flood,0,180,350,record,Accupro_catalog
ADD-Accupro-ACCU-0.0070-end_mill,Accupro,end_mill,4140/4340 Alloy (P),P,Ramp,milling,roughing,plunge,0.007,4,247,134807,0.0005,275.98,0.007,0.0028,flood,0,180,350,record,Accupro_catalog
ADD-Accupro-ACCU-0.0070-end_mill,Accupro,end_mill,4140/4340 Alloy (P),P,Semi,milling,semi_finishing,conventional,0.007,4,391,213215,0.0008,671.54,0.007,0.0035,flood,0,180,350,record,Accupro_catalog
ADD-Accupro-ACCU-0.0070-end_mill,Accupro,end_mill,4140/4340 Alloy (P),P,Finish,milling,finishing,conventional,0.007,4,429,233849,0.0006,589.23,0.007,0.0051,flood,0,180,350,record,Accupro_catalog
ADD-Accupro-ACCU-0.0070-end_mill,Accupro,end_mill,4140/4340 Alloy (P),P,HSM,milling,finishing,hsm,0.007,4,558,304004,0.0006,765.99,0.0011,0.0035,flood,0,180,350,record,Accupro_catalog
ADD-Accupro-ACCU-0.0080,Accupro,end_mill,1018 Steel (P),P,Rough,milling,roughing,conventional,0.008,4,459,219524,0.001,898.84,0.008,0.0031,flood,0,120,300,record,Accupro_catalog
ADD-Accupro-ACCU-0.0080,Accupro,end_mill,1018 Steel (P),P,HEM Adaptive,milling,roughing,adaptive,0.008,4,643,307334,0.0012,1510.05,0.016,0.0008,flood,0,120,300,record,Accupro_catalog
ADD-Accupro-ACCU-0.0080,Accupro,end_mill,1018 Steel (P),P,Trochoidal,milling,roughing,trochoidal,0.008,4,689,329286,0.0013,1752.73,0.02,0.0006,flood,0,120,300,record,Accupro_catalog
ADD-Accupro-ACCU-0.0080,Accupro,end_mill,1018 Steel (P),P,Slot,milling,roughing,slot,0.008,4,367,175619,0.0009,647.16,0.004,0.008,flood,0,120,300,record,Accupro_catalog
ADD-Accupro-ACCU-0.0080,Accupro,end_mill,1018 Steel (P),P,Ramp,milling,roughing,plunge,0.008,4,322,153667,0.0005,314.59,0.008,0.0031,flood,0,120,300,record,Accupro_catalog
ADD-Accupro-ACCU-0.0080,Accupro,end_mill,1018 Steel (P),P,Semi,milling,semi_finishing,conventional,0.008,4,509,243044,0.0008,765.49,0.008,0.0039,flood,0,120,300,record,Accupro_catalog
ADD-Accupro-ACCU-0.0080,Accupro,end_mill,1018 Steel (P),P,Finish,milling,finishing,conventional,0.008,4,558,266565,0.0006,671.66,0.008,0.0059,flood,0,120,300,record,Accupro_catalog
ADD-Accupro-ACCU-0.0080,Accupro,end_mill,1018 Steel (P),P,HSM,milling,finishing,hsm,0.008,4,725,346534,0.0006,873.16,0.0012,0.004,flood,0,120,300,record,Accupro_catalog
ADD-Accupro-ACCU-0.0080,Accupro,end_mill,1045 Steel (P),P,Rough,milling,roughing,conventional,0.008,4,389,185751,0.001,760.56,0.008,0.0031,flood,0,170,260,record,Accupro_catalog
ADD-Accupro-ACCU-0.0080,Accupro,end_mill,1045 Steel (P),P,HEM Adaptive,milling,roughing,adaptive,0.008,4,544,260052,0.0012,1277.74,0.016,0.0008,flood,0,170,260,record,Accupro_catalog
ADD-Accupro-ACCU-0.0080,Accupro,end_mill,1045 Steel (P),P,Trochoidal,milling,roughing,trochoidal,0.008,4,583,278627,0.0013,1483.09,0.02,0.0006,flood,0,170,260,record,Accupro_catalog
ADD-Accupro-ACCU-0.0080,Accupro,end_mill,1045 Steel (P),P,Slot,milling,roughing,slot,0.008,4,311,148601,0.0009,547.6,0.004,0.008,flood,0,170,260,record,Accupro_catalog
ADD-Accupro-ACCU-0.0080,Accupro,end_mill,1045 Steel (P),P,Ramp,milling,roughing,plunge,0.008,4,272,130026,0.0005,266.19,0.008,0.0031,flood,0,170,260,record,Accupro_catalog
ADD-Accupro-ACCU-0.0080,Accupro,end_mill,1045 Steel (P),P,Semi,milling,semi_finishing,conventional,0.008,4,430,205653,0.0008,647.73,0.008,0.0039,flood,0,170,260,record,Accupro_catalog
ADD-Accupro-ACCU-0.0080,Accupro,end_mill,1045 Steel (P),P,Finish,milling,finishing,conventional,0.008,4,472,225555,0.0006,568.33,0.008,0.0059,flood,0,170,260,record,Accupro_catalog
ADD-Accupro-ACCU-0.0080,Accupro,end_mill,1045 Steel (P),P,HSM,milling,finishing,hsm,0.008,4,614,293221,0.0006,738.82,0.0012,0.004,flood,0,170,260,record,Accupro_catalog
ADD-Accupro-ACCU-0.0080,Accupro,end_mill,4140/4340 Alloy (P),P,Rough,milling,roughing,conventional,0.008,4,353,168865,0.001,691.42,0.008,0.0031,flood,0,180,350,record,Accupro_catalog
ADD-Accupro-ACCU-0.0080,Accupro,end_mill,4140/4340 Alloy (P),P,HEM Adaptive,milling,roughing,adaptive,0.008,4,495,236411,0.0012,1161.58,0.016,0.0008,flood,0,180,350,record,Accupro_catalog
ADD-Accupro-ACCU-0.0080,Accupro,end_mill,4140/4340 Alloy (P),P,Trochoidal,milling,roughing,trochoidal,0.008,4,530,253297,0.0013,1348.26,0.02,0.0006,flood,0,180,350,record,Accupro_catalog
ADD-Accupro-ACCU-0.0080,Accupro,end_mill,4140/4340 Alloy (P),P,Slot,milling,roughing,slot,0.008,4,283,135092,0.0009,497.82,0.004,0.008,flood,0,180,350,record,Accupro_catalog
ADD-Accupro-ACCU-0.0080,Accupro,end_mill,4140/4340 Alloy (P),P,Ramp,milling,roughing,plunge,0.008,4,247,118205,0.0005,241.99,0.008,0.0031,flood,0,180,350,record,Accupro_catalog
ADD-Accupro-ACCU-0.0080,Accupro,end_mill,4140/4340 Alloy (P),P,Semi,milling,semi_finishing,conventional,0.008,4,391,186957,0.0008,588.84,0.008,0.0039,flood,0,180,350,record,Accupro_catalog
ADD-Accupro-ACCU-0.0080,Accupro,end_mill,4140/4340 Alloy (P),P,Finish,milling,finishing,conventional,0.008,4,429,205050,0.0006,516.66,0.008,0.0059,flood,0,180,350,record,Accupro_catalog
ADD-Accupro-ACCU-0.0080,Accupro,end_mill,4140/4340 Alloy (P),P,HSM,milling,finishing,hsm,0.008,4,558,266565,0.0006,671.66,0.0012,0.004,flood,0,180,350,record,Accupro_catalog
ADD-Accupro-ACCU-0.0080-end_mill,Accupro,end_mill,1018 Steel (P),P,Rough,milling,roughing,conventional,0.008,4,459,219524,0.001,898.84,0.008,0.0031,flood,0,120,300,record,Accupro_catalog
ADD-Accupro-ACCU-0.0080-end_mill,Accupro,end_mill,1018 Steel (P),P,HEM Adaptive,milling,roughing,adaptive,0.008,4,643,307334,0.0012,1510.05,0.016,0.0008,flood,0,120,300,record,Accupro_catalog
ADD-Accupro-ACCU-0.0080-end_mill,Accupro,end_mill,1018 Steel (P),P,Trochoidal,milling,roughing,trochoidal,0.008,4,689,329286,0.0013,1752.73,0.02,0.0006,flood,0,120,300,record,Accupro_catalog
ADD-Accupro-ACCU-0.0080-end_mill,Accupro,end_mill,1018 Steel (P),P,Slot,milling,roughing,slot,0.008,4,367,175619,0.0009,647.16,0.004,0.008,flood,0,120,300,record,Accupro_catalog
ADD-Accupro-ACCU-0.0080-end_mill,Accupro,end_mill,1018 Steel (P),P,Ramp,milling,roughing,plunge,0.008,4,322,153667,0.0005,314.59,0.008,0.0031,flood,0,120,300,record,Accupro_catalog
ADD-Accupro-ACCU-0.0080-end_mill,Accupro,end_mill,1018 Steel (P),P,Semi,milling,semi_finishing,conventional,0.008,4,509,243044,0.0008,765.49,0.008,0.0039,flood,0,120,300,record,Accupro_catalog
ADD-Accupro-ACCU-0.0080-end_mill,Accupro,end_mill,1018 Steel (P),P,Finish,milling,finishing,conventional,0.008,4,558,266565,0.0006,671.66,0.008,0.0059,flood,0,120,300,record,Accupro_catalog
ADD-Accupro-ACCU-0.0080-end_mill,Accupro,end_mill,1018 Steel (P),P,HSM,milling,finishing,hsm,0.008,4,725,346534,0.0006,873.16,0.0012,0.004,flood,0,120,300,record,Accupro_catalog
ADD-Accupro-ACCU-0.0080-end_mill,Accupro,end_mill,1045 Steel (P),P,Rough,milling,roughing,conventional,0.008,4,389,185751,0.001,760.56,0.008,0.0031,flood,0,170,260,record,Accupro_catalog
ADD-Accupro-ACCU-0.0080-end_mill,Accupro,end_mill,1045 Steel (P),P,HEM Adaptive,milling,roughing,adaptive,0.008,4,544,260052,0.0012,1277.74,0.016,0.0008,flood,0,170,260,record,Accupro_catalog
ADD-Accupro-ACCU-0.0080-end_mill,Accupro,end_mill,1045 Steel (P),P,Trochoidal,milling,roughing,trochoidal,0.008,4,583,278627,0.0013,1483.09,0.02,0.0006,flood,0,170,260,record,Accupro_catalog
ADD-Accupro-ACCU-0.0080-end_mill,Accupro,end_mill,1045 Steel (P),P,Slot,milling,roughing,slot,0.008,4,311,148601,0.0009,547.6,0.004,0.008,flood,0,170,260,record,Accupro_catalog
ADD-Accupro-ACCU-0.0080-end_mill,Accupro,end_mill,1045 Steel (P),P,Ramp,milling,roughing,plunge,0.008,4,272,130026,0.0005,266.19,0.008,0.0031,flood,0,170,260,record,Accupro_catalog
ADD-Accupro-ACCU-0.0080-end_mill,Accupro,end_mill,1045 Steel (P),P,Semi,milling,semi_finishing,conventional,0.008,4,430,205653,0.0008,647.73,0.008,0.0039,flood,0,170,260,record,Accupro_catalog
ADD-Accupro-ACCU-0.0080-end_mill,Accupro,end_mill,1045 Steel (P),P,Finish,milling,finishing,conventional,0.008,4,472,225555,0.0006,568.33,0.008,0.0059,flood,0,170,260,record,Accupro_catalog
ADD-Accupro-ACCU-0.0080-end_mill,Accupro,end_mill,1045 Steel (P),P,HSM,milling,finishing,hsm,0.008,4,614,293221,0.0006,738.82,0.0012,0.004,flood,0,170,260,record,Accupro_catalog
ADD-Accupro-ACCU-0.0080-end_mill,Accupro,end_mill,4140/4340 Alloy (P),P,Rough,milling,roughing,conventional,0.008,4,353,168865,0.001,691.42,0.008,0.0031,flood,0,180,350,record,Accupro_catalog
ADD-Accupro-ACCU-0.0080-end_mill,Accupro,end_mill,4140/4340 Alloy (P),P,HEM Adaptive,milling,roughing,adaptive,0.008,4,495,236411,0.0012,1161.58,0.016,0.0008,flood,0,180,350,record,Accupro_catalog
ADD-Accupro-ACCU-0.0080-end_mill,Accupro,end_mill,4140/4340 Alloy (P),P,Trochoidal,milling,roughing,trochoidal,0.008,4,530,253297,0.0013,1348.26,0.02,0.0006,flood,0,180,350,record,Accupro_catalog
ADD-Accupro-ACCU-0.0080-end_mill,Accupro,end_mill,4140/4340 Alloy (P),P,Slot,milling,roughing,slot,0.008,4,283,135092,0.0009,497.82,0.004,0.008,flood,0,180,350,record,Accupro_catalog
ADD-Accupro-ACCU-0.0080-end_mill,Accupro,end_mill,4140/4340 Alloy (P),P,Ramp,milling,roughing,plunge,0.008,4,247,118205,0.0005,241.99,0.008,0.0031,flood,0,180,350,record,Accupro_catalog
ADD-Accupro-ACCU-0.0080-end_mill,Accupro,end_mill,4140/4340 Alloy (P),P,Semi,milling,semi_finishing,conventional,0.008,4,391,186957,0.0008,588.84,0.008,0.0039,flood,0,180,350,record,Accupro_catalog
ADD-Accupro-ACCU-0.0080-end_mill,Accupro,end_mill,4140/4340 Alloy (P),P,Finish,milling,finishing,conventional,0.008,4,429,205050,0.0006,516.66,0.008,0.0059,flood,0,180,350,record,Accupro_catalog
ADD-Accupro-ACCU-0.0080-end_mill,Accupro,end_mill,4140/4340 Alloy (P),P,HSM,milling,finishing,hsm,0.008,4,558,266565,0.0006,671.66,0.0012,0.004,flood,0,180,350,record,Accupro_catalog
ADD-Accupro-ACCU-0.0090,Accupro,end_mill,1018 Steel (P),P,Rough,milling,roughing,conventional,0.009,4,459,194600,0.001,796.79,0.009,0.0035,flood,0,120,300,record,Accupro_catalog
ADD-Accupro-ACCU-0.0090,Accupro,end_mill,1018 Steel (P),P,HEM Adaptive,milling,roughing,adaptive,0.009,4,643,272440,0.0012,1338.6,0.018,0.0009,flood,0,120,300,record,Accupro_catalog
ADD-Accupro-ACCU-0.0090,Accupro,end_mill,1018 Steel (P),P,Trochoidal,milling,roughing,trochoidal,0.009,4,689,291900,0.0013,1553.74,0.0225,0.0007,flood,0,120,300,record,Accupro_catalog
ADD-Accupro-ACCU-0.0090,Accupro,end_mill,1018 Steel (P),P,Slot,milling,roughing,slot,0.009,4,367,155680,0.0009,573.69,0.0045,0.009,flood,0,120,300,record,Accupro_catalog
ADD-Accupro-ACCU-0.0090,Accupro,end_mill,1018 Steel (P),P,Ramp,milling,roughing,plunge,0.009,4,322,136220,0.0005,278.88,0.009,0.0035,flood,0,120,300,record,Accupro_catalog
ADD-Accupro-ACCU-0.0090,Accupro,end_mill,1018 Steel (P),P,Semi,milling,semi_finishing,conventional,0.009,4,509,215450,0.0008,678.58,0.009,0.0043,flood,0,120,300,record,Accupro_catalog
ADD-Accupro-ACCU-0.0090,Accupro,end_mill,1018 Steel (P),P,Finish,milling,finishing,conventional,0.009,4,558,236300,0.0006,595.4,0.009,0.0067,flood,0,120,300,record,Accupro_catalog
ADD-Accupro-ACCU-0.0090,Accupro,end_mill,1018 Steel (P),P,HSM,milling,finishing,hsm,0.009,4,725,307190,0.0006,774.02,0.0014,0.0045,flood,0,120,300,record,Accupro_catalog
ADD-Accupro-ACCU-0.0090,Accupro,end_mill,1045 Steel (P),P,Rough,milling,roughing,conventional,0.009,4,389,164661,0.001,674.2,0.009,0.0035,flood,0,170,260,record,Accupro_catalog
ADD-Accupro-ACCU-0.0090,Accupro,end_mill,1045 Steel (P),P,HEM Adaptive,milling,roughing,adaptive,0.009,4,544,230526,0.0012,1132.66,0.018,0.0009,flood,0,170,260,record,Accupro_catalog
ADD-Accupro-ACCU-0.0090,Accupro,end_mill,1045 Steel (P),P,Trochoidal,milling,roughing,trochoidal,0.009,4,583,246992,0.0013,1314.7,0.0225,0.0007,flood,0,170,260,record,Accupro_catalog
ADD-Accupro-ACCU-0.0090,Accupro,end_mill,1045 Steel (P),P,Slot,milling,roughing,slot,0.009,4,311,131729,0.0009,485.43,0.0045,0.009,flood,0,170,260,record,Accupro_catalog
ADD-Accupro-ACCU-0.0090,Accupro,end_mill,1045 Steel (P),P,Ramp,milling,roughing,plunge,0.009,4,272,115263,0.0005,235.97,0.009,0.0035,flood,0,170,260,record,Accupro_catalog
ADD-Accupro-ACCU-0.0090,Accupro,end_mill,1045 Steel (P),P,Semi,milling,semi_finishing,conventional,0.009,4,430,182304,0.0008,574.19,0.009,0.0043,flood,0,170,260,record,Accupro_catalog
ADD-Accupro-ACCU-0.0090,Accupro,end_mill,1045 Steel (P),P,Finish,milling,finishing,conventional,0.009,4,472,199946,0.0006,503.8,0.009,0.0067,flood,0,170,260,record,Accupro_catalog
ADD-Accupro-ACCU-0.0090,Accupro,end_mill,1045 Steel (P),P,HSM,milling,finishing,hsm,0.009,4,614,259930,0.0006,654.94,0.0014,0.0045,flood,0,170,260,record,Accupro_catalog
ADD-Accupro-ACCU-0.0090,Accupro,end_mill,4140/4340 Alloy (P),P,Rough,milling,roughing,conventional,0.009,4,353,149692,0.001,612.91,0.009,0.0035,flood,0,180,350,record,Accupro_catalog
ADD-Accupro-ACCU-0.0090,Accupro,end_mill,4140/4340 Alloy (P),P,HEM Adaptive,milling,roughing,adaptive,0.009,4,495,209569,0.0012,1029.69,0.018,0.0009,flood,0,180,350,record,Accupro_catalog
ADD-Accupro-ACCU-0.0090,Accupro,end_mill,4140/4340 Alloy (P),P,Trochoidal,milling,roughing,trochoidal,0.009,4,530,224538,0.0013,1195.18,0.0225,0.0007,flood,0,180,350,record,Accupro_catalog
ADD-Accupro-ACCU-0.0090,Accupro,end_mill,4140/4340 Alloy (P),P,Slot,milling,roughing,slot,0.009,4,283,119754,0.0009,441.3,0.0045,0.009,flood,0,180,350,record,Accupro_catalog
ADD-Accupro-ACCU-0.0090,Accupro,end_mill,4140/4340 Alloy (P),P,Ramp,milling,roughing,plunge,0.009,4,247,104785,0.0005,214.52,0.009,0.0035,flood,0,180,350,record,Accupro_catalog
ADD-Accupro-ACCU-0.0090,Accupro,end_mill,4140/4340 Alloy (P),P,Semi,milling,semi_finishing,conventional,0.009,4,391,165731,0.0008,521.99,0.009,0.0043,flood,0,180,350,record,Accupro_catalog
ADD-Accupro-ACCU-0.0090,Accupro,end_mill,4140/4340 Alloy (P),P,Finish,milling,finishing,conventional,0.009,4,429,181769,0.0006,458,0.009,0.0067,flood,0,180,350,record,Accupro_catalog
ADD-Accupro-ACCU-0.0090,Accupro,end_mill,4140/4340 Alloy (P),P,HSM,milling,finishing,hsm,0.009,4,558,236300,0.0006,595.4,0.0014,0.0045,flood,0,180,350,record,Accupro_catalog
ADD-Accupro-ACCU-0.0090-end_mill,Accupro,end_mill,1018 Steel (P),P,Rough,milling,roughing,conventional,0.009,4,459,194600,0.001,796.79,0.009,0.0035,flood,0,120,300,record,Accupro_catalog
ADD-Accupro-ACCU-0.0090-end_mill,Accupro,end_mill,1018 Steel (P),P,HEM Adaptive,milling,roughing,adaptive,0.009,4,643,272440,0.0012,1338.6,0.018,0.0009,flood,0,120,300,record,Accupro_catalog
ADD-Accupro-ACCU-0.0090-end_mill,Accupro,end_mill,1018 Steel (P),P,Trochoidal,milling,roughing,trochoidal,0.009,4,689,291900,0.0013,1553.74,0.0225,0.0007,flood,0,120,300,record,Accupro_catalog
ADD-Accupro-ACCU-0.0090-end_mill,Accupro,end_mill,1018 Steel (P),P,Slot,milling,roughing,slot,0.009,4,367,155680,0.0009,573.69,0.0045,0.009,flood,0,120,300,record,Accupro_catalog
ADD-Accupro-ACCU-0.0090-end_mill,Accupro,end_mill,1018 Steel (P),P,Ramp,milling,roughing,plunge,0.009,4,322,136220,0.0005,278.88,0.009,0.0035,flood,0,120,300,record,Accupro_catalog
ADD-Accupro-ACCU-0.0090-end_mill,Accupro,end_mill,1018 Steel (P),P,Semi,milling,semi_finishing,conventional,0.009,4,509,215450,0.0008,678.58,0.009,0.0043,flood,0,120,300,record,Accupro_catalog
ADD-Accupro-ACCU-0.0090-end_mill,Accupro,end_mill,1018 Steel (P),P,Finish,milling,finishing,conventional,0.009,4,558,236300,0.0006,595.4,0.009,0.0067,flood,0,120,300,record,Accupro_catalog
ADD-Accupro-ACCU-0.0090-end_mill,Accupro,end_mill,1018 Steel (P),P,HSM,milling,finishing,hsm,0.009,4,725,307190,0.0006,774.02,0.0014,0.0045,flood,0,120,300,record,Accupro_catalog
ADD-Accupro-ACCU-0.0090-end_mill,Accupro,end_mill,1045 Steel (P),P,Rough,milling,roughing,conventional,0.009,4,389,164661,0.001,674.2,0.009,0.0035,flood,0,170,260,record,Accupro_catalog
ADD-Accupro-ACCU-0.0090-end_mill,Accupro,end_mill,1045 Steel (P),P,HEM Adaptive,milling,roughing,adaptive,0.009,4,544,230526,0.0012,1132.66,0.018,0.0009,flood,0,170,260,record,Accupro_catalog
ADD-Accupro-ACCU-0.0090-end_mill,Accupro,end_mill,1045 Steel (P),P,Trochoidal,milling,roughing,trochoidal,0.009,4,583,246992,0.0013,1314.7,0.0225,0.0007,flood,0,170,260,record,Accupro_catalog
ADD-Accupro-ACCU-0.0090-end_mill,Accupro,end_mill,1045 Steel (P),P,Slot,milling,roughing,slot,0.009,4,311,131729,0.0009,485.43,0.0045,0.009,flood,0,170,260,record,Accupro_catalog
ADD-Accupro-ACCU-0.0090-end_mill,Accupro,end_mill,1045 Steel (P),P,Ramp,milling,roughing,plunge,0.009,4,272,115263,0.0005,235.97,0.009,0.0035,flood,0,170,260,record,Accupro_catalog
ADD-Accupro-ACCU-0.0090-end_mill,Accupro,end_mill,1045 Steel (P),P,Semi,milling,semi_finishing,conventional,0.009,4,430,182304,0.0008,574.19,0.009,0.0043,flood,0,170,260,record,Accupro_catalog
ADD-Accupro-ACCU-0.0090-end_mill,Accupro,end_mill,1045 Steel (P),P,Finish,milling,finishing,conventional,0.009,4,472,199946,0.0006,503.8,0.009,0.0067,flood,0,170,260,record,Accupro_catalog
ADD-Accupro-ACCU-0.0090-end_mill,Accupro,end_mill,1045 Steel (P),P,HSM,milling,finishing,hsm,0.009,4,614,259930,0.0006,654.94,0.0014,0.0045,flood,0,170,260,record,Accupro_catalog
ADD-Accupro-ACCU-0.0090-end_mill,Accupro,end_mill,4140/4340 Alloy (P),P,Rough,milling,roughing,conventional,0.009,4,353,149692,0.001,612.91,0.009,0.0035,flood,0,180,350,record,Accupro_catalog
ADD-Accupro-ACCU-0.0090-end_mill,Accupro,end_mill,4140/4340 Alloy (P),P,HEM Adaptive,milling,roughing,adaptive,0.009,4,495,209569,0.0012,1029.69,0.018,0.0009,flood,0,180,350,record,Accupro_catalog
ADD-Accupro-ACCU-0.0090-end_mill,Accupro,end_mill,4140/4340 Alloy (P),P,Trochoidal,milling,roughing,trochoidal,0.009,4,530,224538,0.0013,1195.18,0.0225,0.0007,flood,0,180,350,record,Accupro_catalog
ADD-Accupro-ACCU-0.0090-end_mill,Accupro,end_mill,4140/4340 Alloy (P),P,Slot,milling,roughing,slot,0.009,4,283,119754,0.0009,441.3,0.0045,0.009,flood,0,180,350,record,Accupro_catalog
ADD-Accupro-ACCU-0.0090-end_mill,Accupro,end_mill,4140/4340 Alloy (P),P,Ramp,milling,roughing,plunge,0.009,4,247,104785,0.0005,214.52,0.009,0.0035,flood,0,180,350,record,Accupro_catalog
ADD-Accupro-ACCU-0.0090-end_mill,Accupro,end_mill,4140/4340 Alloy (P),P,Semi,milling,semi_finishing,conventional,0.009,4,391,165731,0.0008,521.99,0.009,0.0043,flood,0,180,350,record,Accupro_catalog
ADD-Accupro-ACCU-0.0090-end_mill,Accupro,end_mill,4140/4340 Alloy (P),P,Finish,milling,finishing,conventional,0.009,4,429,181769,0.0006,458,0.009,0.0067,flood,0,180,350,record,Accupro_catalog
ADD-Accupro-ACCU-0.0090-end_mill,Accupro,end_mill,4140/4340 Alloy (P),P,HSM,milling,finishing,hsm,0.009,4,558,236300,0.0006,595.4,0.0014,0.0045,flood,0,180,350,record,Accupro_catalog
ADD-Accupro-ACCU-0.0100,Accupro,drill,1018 Steel (P),P,Drill,drilling,roughing,conventional,0.01,2,344,131585,0.0007,186.5,0,0.0098,flood,0,120,300,record,Accupro_catalog
ADD-Accupro-ACCU-0.0100,Accupro,drill,1018 Steel (P),P,Peck,drilling,roughing,plunge,0.01,2,241,92109,0.0004,65.27,0,0.0098,flood,0,120,300,record,Accupro_catalog
ADD-Accupro-ACCU-0.0100,Accupro,drill,1045 Steel (P),P,Drill,drilling,roughing,conventional,0.01,2,291,111341,0.0007,157.81,0,0.0098,flood,0,170,260,record,Accupro_catalog
ADD-Accupro-ACCU-0.0100,Accupro,drill,1045 Steel (P),P,Peck,drilling,roughing,plunge,0.01,2,204,77939,0.0004,55.23,0,0.0098,flood,0,170,260,record,Accupro_catalog
ADD-Accupro-ACCU-0.0100,Accupro,drill,4140/4340 Alloy (P),P,Drill,drilling,roughing,conventional,0.01,2,265,101219,0.0007,143.46,0,0.0098,flood,0,180,350,record,Accupro_catalog
ADD-Accupro-ACCU-0.0100,Accupro,drill,4140/4340 Alloy (P),P,Peck,drilling,roughing,plunge,0.01,2,185,70853,0.0004,50.21,0,0.0098,flood,0,180,350,record,Accupro_catalog
ADD-Accupro-ACCU-0.0100-drill,Accupro,drill,1018 Steel (P),P,Drill,drilling,roughing,conventional,0.01,2,344,131585,0.0007,186.5,0,0.0098,flood,0,120,300,record,Accupro_catalog
ADD-Accupro-ACCU-0.0100-drill,Accupro,drill,1018 Steel (P),P,Peck,drilling,roughing,plunge,0.01,2,241,92109,0.0004,65.27,0,0.0098,flood,0,120,300,record,Accupro_catalog
ADD-Accupro-ACCU-0.0100-drill,Accupro,drill,1045 Steel (P),P,Drill,drilling,roughing,conventional,0.01,2,291,111341,0.0007,157.81,0,0.0098,flood,0,170,260,record,Accupro_catalog
ADD-Accupro-ACCU-0.0100-drill,Accupro,drill,1045 Steel (P),P,Peck,drilling,roughing,plunge,0.01,2,204,77939,0.0004,55.23,0,0.0098,flood,0,170,260,record,Accupro_catalog
ADD-Accupro-ACCU-0.0100-drill,Accupro,drill,4140/4340 Alloy (P),P,Drill,drilling,roughing,conventional,0.01,2,265,101219,0.0007,143.46,0,0.0098,flood,0,180,350,record,Accupro_catalog
ADD-Accupro-ACCU-0.0100-drill,Accupro,drill,4140/4340 Alloy (P),P,Peck,drilling,roughing,plunge,0.01,2,185,70853,0.0004,50.21,0,0.0098,flood,0,180,350,record,Accupro_catalog
ADD-Accupro-ACCU-0.0100-drill-113,Accupro,drill,1018 Steel (P),P,Drill,drilling,roughing,conventional,0.01,2,344,131585,0.0007,186.5,0,0.0098,flood,0,120,300,record,Accupro_catalog
ADD-Accupro-ACCU-0.0100-drill-113,Accupro,drill,1018 Steel (P),P,Peck,drilling,roughing,plunge,0.01,2,241,92109,0.0004,65.27,0,0.0098,flood,0,120,300,record,Accupro_catalog
ADD-Accupro-ACCU-0.0100-drill-113,Accupro,drill,1045 Steel (P),P,Drill,drilling,roughing,conventional,0.01,2,291,111341,0.0007,157.81,0,0.0098,flood,0,170,260,record,Accupro_catalog
ADD-Accupro-ACCU-0.0100-drill-113,Accupro,drill,1045 Steel (P),P,Peck,drilling,roughing,plunge,0.01,2,204,77939,0.0004,55.23,0,0.0098,flood,0,170,260,record,Accupro_catalog
ADD-Accupro-ACCU-0.0100-drill-113,Accupro,drill,4140/4340 Alloy (P),P,Drill,drilling,roughing,conventional,0.01,2,265,101219,0.0007,143.46,0,0.0098,flood,0,180,350,record,Accupro_catalog
ADD-Accupro-ACCU-0.0100-drill-113,Accupro,drill,4140/4340 Alloy (P),P,Peck,drilling,roughing,plunge,0.01,2,185,70853,0.0004,50.21,0,0.0098,flood,0,180,350,record,Accupro_catalog
ADD-Accupro-ACCU-0.0100-end_mill,Accupro,end_mill,1018 Steel (P),P,Rough,milling,roughing,conventional,0.01,4,459,175446,0.001,718.36,0.01,0.0039,flood,0,120,300,record,Accupro_catalog
ADD-Accupro-ACCU-0.0100-end_mill,Accupro,end_mill,1018 Steel (P),P,HEM Adaptive,milling,roughing,adaptive,0.01,4,643,245625,0.0012,1206.85,0.02,0.001,flood,0,120,300,record,Accupro_catalog
ADD-Accupro-ACCU-0.0100-end_mill,Accupro,end_mill,1018 Steel (P),P,Trochoidal,milling,roughing,trochoidal,0.01,4,689,263170,0.0013,1400.81,0.025,0.0008,flood,0,120,300,record,Accupro_catalog
ADD-Accupro-ACCU-0.0100-end_mill,Accupro,end_mill,1018 Steel (P),P,Slot,milling,roughing,slot,0.01,4,367,140357,0.0009,517.22,0.005,0.01,flood,0,120,300,record,Accupro_catalog
ADD-Accupro-ACCU-0.0100-end_mill,Accupro,end_mill,1018 Steel (P),P,Ramp,milling,roughing,plunge,0.01,4,322,122812,0.0005,251.43,0.01,0.0039,flood,0,120,300,record,Accupro_catalog
ADD-Accupro-ACCU-0.0100-end_mill,Accupro,end_mill,1018 Steel (P),P,Semi,milling,semi_finishing,conventional,0.01,4,509,194244,0.0008,611.79,0.01,0.0051,flood,0,120,300,record,Accupro_catalog
ADD-Accupro-ACCU-0.0100-end_mill,Accupro,end_mill,1018 Steel (P),P,Finish,milling,finishing,conventional,0.01,4,558,213042,0.0006,536.8,0.01,0.0075,flood,0,120,300,record,Accupro_catalog
ADD-Accupro-ACCU-0.0100-end_mill,Accupro,end_mill,1018 Steel (P),P,HSM,milling,finishing,hsm,0.01,4,725,276955,0.0006,697.84,0.0015,0.005,flood,0,120,300,record,Accupro_catalog
