{
  "category": "DATABASES",
  "version": "1.1.0",
  "lastUpdated": "2026-01-20",
  "lastSession": "0.SETUP.1.1",
  "status": "NOT_STARTED",
  "summary": {
    "baseline": 62,
    "added": 0,
    "total": 62,
    "extracted": 0,
    "migrated": 0,
    "fullyWired": 0
  },
  "openForAdditions": true,
  "additionHistory": [],
  "consumerMap": {},
  "databases": {
    "materials": {
      "_meta": {
        "baseline": 6,
        "added": 0,
        "total": 6,
        "openForAdditions": true
      },
      "PRISM_MATERIALS_MASTER": {
        "status": "NOT_EXTRACTED",
        "version": "0.0.0",
        "minConsumers": 15,
        "actualConsumers": 0,
        "consumers": [],
        "fields": [],
        "enhancementHistory": []
      },
      "PRISM_MATERIAL_KC_DATABASE": {
        "status": "NOT_EXTRACTED",
        "version": "0.0.0",
        "minConsumers": 8,
        "actualConsumers": 0,
        "consumers": [],
        "fields": [],
        "enhancementHistory": []
      }
    }
  }
}