{
  "layer": 5,
  "name": "GATEWAY",
  "version": "1.1.0",
  "lastUpdated": "2026-01-20",
  "lastSession": "0.SETUP.1.1",
  "status": "NOT_STARTED",
  "coverage": {
    "baseline": 500,
    "added": 0,
    "total": 500,
    "implemented": 0,
    "percentage": "0%"
  },
  "openForAdditions": true,
  "additionHistory": [],
  "enhancementHistory": [],
  "categories": {
    "GATEWAY_CORE": {
      "file": "gateway_core.js",
      "baseline": 20,
      "added": 0,
      "total": 20,
      "implemented": 0,
      "items": [],
      "openForAdditions": true
    },
    "ROUTE_DEFINITIONS": {
      "file": "route_definitions.js",
      "baseline": 470,
      "added": 0,
      "total": 470,
      "implemented": 0,
      "items": [],
      "openForAdditions": true
    },
    "UTILIZATION_TRACKER": {
      "file": "utilization_tracker.js",
      "baseline": 10,
      "added": 0,
      "total": 10,
      "implemented": 0,
      "items": [],
      "openForAdditions": true
    }
  },
  "pendingCascades": [],
  "pendingEnhancements": [],
  "history": [
    {
      "session": "0.SETUP.1.1",
      "action": "registry_upgraded",
      "note": "Upgraded to support additions and enhancements"
    }
  ]
}