{
  "layer": 0,
  "name": "CONSTANTS",
  "version": "1.1.0",
  "lastUpdated": "2026-01-20",
  "lastSession": "0.SETUP.1.1",
  "status": "NOT_STARTED",
  "coverage": {
    "baseline": 127,
    "added": 0,
    "total": 127,
    "implemented": 0,
    "percentage": "0%"
  },
  "openForAdditions": true,
  "additionHistory": [],
  "enhancementHistory": [],
  "categories": {
    "TOLERANCES": {
      "file": "tolerances.js",
      "baseline": 12,
      "added": 0,
      "total": 12,
      "implemented": 0,
      "items": [],
      "openForAdditions": true
    },
    "PHYSICS": {
      "file": "physics.js",
      "baseline": 45,
      "added": 0,
      "total": 45,
      "implemented": 0,
      "items": [],
      "openForAdditions": true
    },
    "LIMITS": {
      "file": "limits.js",
      "baseline": 30,
      "added": 0,
      "total": 30,
      "implemented": 0,
      "items": [],
      "openForAdditions": true
    },
    "AI_ML": {
      "file": "ai_ml.js",
      "baseline": 25,
      "added": 0,
      "total": 25,
      "implemented": 0,
      "items": [],
      "openForAdditions": true
    },
    "UTILIZATION": {
      "file": "utilization.js",
      "baseline": 15,
      "added": 0,
      "total": 15,
      "implemented": 0,
      "items": [],
      "openForAdditions": true
    }
  },
  "pendingCascades": [],
  "pendingEnhancements": [],
  "history": [
    {
      "session": "0.SETUP.1.1",
      "action": "registry_upgraded",
      "note": "Upgraded to support additions and enhancements"
    }
  ]
}