{
  "layer": 3,
  "name": "ERROR_LOGGING",
  "version": "1.1.0",
  "lastUpdated": "2026-01-20",
  "lastSession": "0.SETUP.1.1",
  "status": "NOT_STARTED",
  "coverage": {
    "baseline": 20,
    "added": 0,
    "total": 20,
    "implemented": 0,
    "percentage": "0%"
  },
  "openForAdditions": true,
  "additionHistory": [],
  "enhancementHistory": [],
  "categories": {
    "ERROR_BOUNDARY": {
      "file": "error_boundary.js",
      "baseline": 5,
      "added": 0,
      "total": 5,
      "implemented": 0,
      "items": [],
      "openForAdditions": true
    },
    "ERROR_TYPES": {
      "file": "error_types.js",
      "baseline": 8,
      "added": 0,
      "total": 8,
      "implemented": 0,
      "items": [],
      "openForAdditions": true
    },
    "LOGGER": {
      "file": "logger.js",
      "baseline": 4,
      "added": 0,
      "total": 4,
      "implemented": 0,
      "items": [],
      "openForAdditions": true
    },
    "LOG_CATEGORIES": {
      "file": "log_categories.js",
      "baseline": 3,
      "added": 0,
      "total": 3,
      "implemented": 0,
      "items": [],
      "openForAdditions": true
    }
  },
  "pendingCascades": [],
  "pendingEnhancements": [],
  "history": [
    {
      "session": "0.SETUP.1.1",
      "action": "registry_upgraded",
      "note": "Upgraded to support additions and enhancements"
    }
  ]
}