vendor,id,holder_type,taper,gauge_length_mm,body_diameter_mm,max_rpm,runout_um
generic,generic:ER16:BT40:0,ER16,BT40,70,42,25000,5
generic,generic:ER25:BT40:1,ER25,BT40,80,50,20000,5
generic,generic:ER32:BT40:2,ER32,BT40,90,55,18000,5
generic,generic:ER40:BT40:3,ER40,BT40,100,63,15000,8
generic,generic:ER16:CAT40:4,ER16,CAT40,75,42,25000,5
generic,generic:ER32:CAT40:5,ER32,CAT40,95,55,18000,5
generic,generic:ER16:HSK-A63:6,ER16,HSK-A63,60,42,30000,3
generic,generic:ER32:HSK-A63:7,ER32,HSK-A63,80,55,22000,3
generic,generic:Shrink_6:BT40:8,Shrink_6,BT40,75,28,40000,3
generic,generic:Shrink_10:BT40:9,Shrink_10,BT40,80,32,35000,3
generic,generic:Shrink_12:BT40:10,Shrink_12,BT40,85,35,30000,3
generic,generic:Shrink_16:BT40:11,Shrink_16,BT40,90,40,28000,3
generic,generic:Shrink_20:BT40:12,Shrink_20,BT40,100,45,25000,3
generic,generic:Hydraulic_12:BT40:13,Hydraulic_12,BT40,85,40,30000,3
generic,generic:Hydraulic_16:BT40:14,Hydraulic_16,BT40,95,48,25000,3
generic,generic:Hydraulic_20:BT40:15,Hydraulic_20,BT40,100,55,22000,3
generic,generic:Weldon_6:BT40:16,Weldon_6,BT40,80,35,20000,10
generic,generic:Weldon_10:BT40:17,Weldon_10,BT40,85,40,18000,10
generic,generic:Weldon_12:BT40:18,Weldon_12,BT40,90,42,16000,10
generic,generic:Weldon_16:BT40:19,Weldon_16,BT40,95,50,14000,10
generic,generic:Weldon_20:BT40:20,Weldon_20,BT40,100,55,12000,10
generic,generic:Weldon_25:BT40:21,Weldon_25,BT40,110,63,10000,12
generic,generic:Shell_22:BT40:22,Shell_22,BT40,50,38,15000,8
generic,generic:Shell_27:BT40:23,Shell_27,BT40,55,45,12000,8
generic,generic:Shell_32:BT40:24,Shell_32,BT40,60,50,10000,10
generic,generic:ER32:CAT50:25,ER32,CAT50,100,60,14000,5
generic,generic:Shell_32:CAT50:26,Shell_32,CAT50,65,55,8000,10
tungaloy,HSKE32ER16X60,ER,HSK-E32,40,28,,
tungaloy,HSKE32ER20X60,ER,HSK-E32,40,34,,
tungaloy,HSKE32ER25X65,ER,HSK-E32,45,42,,
tungaloy,HSKE40ER16X60,ER,HSK-E40,40,28,,
tungaloy,HSKE40ER16X80,ER,HSK-E40,60,28,,
tungaloy,HSKE40ER20X80,ER,HSK-E40,60,34,,
tungaloy,HSKE40ER25X80,ER,HSK-E40,60,42,,
tungaloy,HSKE40ER32X80,ER,HSK-E40,60,50,,
tungaloy,HSKE50ER16X100,ER,HSK-E50,74,28,,
tungaloy,HSKE50ER16X100M,ER,HSK-E50,74,22,,
tungaloy,HSKE50ER16X80,ER,HSK-E50,54,28,,
tungaloy,HSKE50ER20X80,ER,HSK-E50,54,34,,
tungaloy,HSKE50ER25X80,ER,HSK-E50,54,42,,
tungaloy,HSKE50ER32X80,ER,HSK-E50,54,50,,
tungaloy,HSKE50ER32X100,ER,HSK-E50,74,50,,
tungaloy,HSKE63ER16X80,ER,HSK-E63,54,28,,
tungaloy,HSKE63ER16X100,ER,HSK-E63,74,28,,
tungaloy,HSKE63ER20X75,ER,HSK-E63,49,34,,
tungaloy,HSKE63ER32X100,ER,HSK-E63,75,50,,
tungaloy,HSKA63ER16X100M,ER,HSK-A63,74,22,,
tungaloy,HSKA63ER16X120M,ER,HSK-A63,94,22,,
tungaloy,HSKA63ER16X160M,ER,HSK-A63,134,22,,
tungaloy,HSKA63ER20X100M,ER,HSK-A63,74,28,,
tungaloy,HSKA63ER20X120M,ER,HSK-A63,94,28,,
tungaloy,HSKA63ER20X160M,ER,HSK-A63,134,28,,
tungaloy,HSKA100ER16X100M,ER,HSK-A100,71,22,,
tungaloy,HSKA100ER16X160M,ER,HSK-A100,131,22,,
tungaloy,HSKA100ER20X100M,ER,HSK-A100,71,28,,
tungaloy,HSKA40ER16X60,ER,HSK-A40,40,28,,
tungaloy,HSKA40ER16X80,ER,HSK-A40,60,28,,
tungaloy,HSKA50ER20X100,ER,HSK-A50,74,34,,
tungaloy,HSKA63ER16X100,ER,HSK-A63,74,28,,
tungaloy,HSKA63ER16X120,ER,HSK-A63,94,28,,
tungaloy,HSKA63ER16X160,ER,HSK-A63,134,28,,
tungaloy,HSKA63ER20X100,ER,HSK-A63,74,34,,
tungaloy,HSKA63ER20X120,ER,HSK-A63,94,34,,
tungaloy,HSKA63ER20X160,ER,HSK-A63,134,34,,
tungaloy,HSKA100ER16X100,ER,HSK-A100,71,28,,
tungaloy,HSKA100ER16X160,ER,HSK-A100,131,28,,
tungaloy,HSKA100ER20X100,ER,HSK-A100,71,34,,
tungaloy,HSKA100ER20X160,ER,HSK-A100,131,34,,
tungaloy,HSKA40ER25X80,ER,HSK-A40,60,42,,
tungaloy,HSKA40ER25X100,ER,HSK-A40,80,42,,
tungaloy,HSKA40ER32X100,ER,HSK-A40,80,50,,
tungaloy,HSKA63ER25X80,ER,HSK-A63,54,42,,
tungaloy,HSKA63ER25X100,ER,HSK-A63,74,42,,
tungaloy,HSKA63ER25X120,ER,HSK-A63,94,42,,
tungaloy,HSKA63ER25X160,ER,HSK-A63,134,42,,
tungaloy,HSKA63ER32X80,ER,HSK-A63,54,50,,
tungaloy,HSKA63ER32X100,ER,HSK-A63,74,50,,
tungaloy,HSKA63ER32X120,ER,HSK-A63,94,50,,
tungaloy,HSKA63ER32X140,ER,HSK-A63,114,50,,
tungaloy,HSKA63ER32X160,ER,HSK-A63,134,50,,
tungaloy,HSKA63ER40X80,ER,HSK-A63,54,63,,
tungaloy,HSKA63ER40X100,ER,HSK-A63,74,63,,
tungaloy,HSKA63ER40X120,ER,HSK-A63,94,63,,
tungaloy,HSKA100ER25X100,ER,HSK-A100,71,42,,
tungaloy,HSKA100ER25X120,ER,HSK-A100,91,42,,
tungaloy,HSKA100ER25X160,ER,HSK-A100,134,42,,
tungaloy,HSKA100ER32X100,ER,HSK-A100,71,50,,
tungaloy,HSKA100ER32X120,ER,HSK-A100,91,50,,
tungaloy,HSKA100ER32X160,ER,HSK-A100,131,50,,
tungaloy,HSKA100ER40X100,ER,HSK-A100,71,63,,
tungaloy,HSKA100ER40X120,ER,HSK-A100,91,63,,
tungaloy,HSKA100ER40X160,ER,HSK-A100,131,63,,
tungaloy,HSKFM63ER16X100,ER,HSK-FM63,74,28,,
tungaloy,HSKFM63ER16X160,ER,HSK-FM63,134,28,,
tungaloy,HSKFM63ER32X100,ER,HSK-FM63,74,50,,
tungaloy,HSKFM63ER40X80,ER,HSK-FM63,63,50,,
tungaloy,HSKA63ER32SHORT,ER,HSK-A63,56.1,50,,
tungaloy,HSKA100ER32SHORT,ER,HSK-A100,60.5,50,,
tungaloy,HSKA100ER40SHORT,ER,HSK-A100,75.5,70,,
tungaloy,HSKA63MAXIN20X95,milling_chuck,HSK-A63,56,53,,
tungaloy,HSKA63MAXIN32X113,milling_chuck,HSK-A63,70,70,,
tungaloy,HSKA100MAXIN20X115,milling_chuck,HSK-A100,56,53,,
tungaloy,HSKA63ER32X120BIN,ER,HSK-A63,94,50,,
tungaloy,HSKA50HYDRO6X80,hydraulic,HSK-A50,54,23,,
tungaloy,HSKA50HYDRO8X80,hydraulic,HSK-A50,54,25,,
tungaloy,HSKA50HYDRO16X95,hydraulic,HSK-A50,69,34,,
tungaloy,HSKA50HYDRO20X100,hydraulic,HSK-A50,74,38,,
tungaloy,HSKA63HYDRO6X80,hydraulic,HSK-A63,54,23,,
tungaloy,HSKA63HYDRO8X80,hydraulic,HSK-A63,54,25,,
tungaloy,HSKA63HYDRO10X85,hydraulic,HSK-A63,59,27,,
tungaloy,HSKA63HYDRO12X90,hydraulic,HSK-A63,64,29,,
tungaloy,HSKA63HYDRO14X90,hydraulic,HSK-A63,64,30,,
tungaloy,HSKA63HYDRO16X95,hydraulic,HSK-A63,69,34,,
tungaloy,HSKA63HYDRO18X95,hydraulic,HSK-A63,69,36,,
tungaloy,HSKA63HYDRO20X100,hydraulic,HSK-A63,74,38,,
tungaloy,HSKA63HYDRO25X120,hydraulic,HSK-A63,94,46,,
tungaloy,HSKA63HYDRO32X125,hydraulic,HSK-A63,99,56,,
tungaloy,HSKA80HYDRO6X85,hydraulic,HSK-A80,59,23,,
tungaloy,HSKA80HYDRO14X95,hydraulic,HSK-A80,69,30,,
tungaloy,HSKA80HYDRO16X100,hydraulic,HSK-A80,74,34,,
tungaloy,HSKA80HYDRO18X100,hydraulic,HSK-A80,74,36,,
tungaloy,HSKA80HYDRO20X105,hydraulic,HSK-A80,79,38,,
tungaloy,HSKA80HYDRO25X115,hydraulic,HSK-A80,89,46,,
tungaloy,HSKA100HYDRO6X85,hydraulic,HSK-A100,56,23,,
tungaloy,HSKA100HYDRO8X85,hydraulic,HSK-A100,56,25,,
tungaloy,HSKA100HYDRO10X90,hydraulic,HSK-A100,61,27,,
tungaloy,HSKA100HYDRO12X95,hydraulic,HSK-A100,66,29,,
tungaloy,HSKA100HYDRO14X95,hydraulic,HSK-A100,66,30,,
tungaloy,HSKA100HYDRO16X100,hydraulic,HSK-A100,71,34,,
tungaloy,HSKA100HYDRO18X100,hydraulic,HSK-A100,71,36,,
tungaloy,HSKA100HYDRO20X105,hydraulic,HSK-A100,76,38,,
tungaloy,HSKA100HYDRO25X115,hydraulic,HSK-A100,86,46,,
tungaloy,HSKA63HYDRO6X150,hydraulic,HSK-A63,124,26,,
tungaloy,HSKA63HYDRO6X200,hydraulic,HSK-A63,174,26,,
tungaloy,HSKA63HYDRO8X150,hydraulic,HSK-A63,124,28,,
tungaloy,HSKA63HYDRO10X150,hydraulic,HSK-A63,124,30,,
tungaloy,HSKA63HYDRO10X200,hydraulic,HSK-A63,174,30,,
tungaloy,HSKA63HYDRO12X150,hydraulic,HSK-A63,124,32,,
tungaloy,HSKA63HYDRO12X200,hydraulic,HSK-A63,174,32,,
tungaloy,HSKA63HYDRO14X150,hydraulic,HSK-A63,124,34,,
tungaloy,HSKA63HYDRO16X150,hydraulic,HSK-A63,124,38,,
tungaloy,HSKA63HYDRO16X200,hydraulic,HSK-A63,174,38,,
tungaloy,HSKA63HYDRO20X150,hydraulic,HSK-A63,124,42,,
tungaloy,HSKA63HYDRO20X200,hydraulic,HSK-A63,174,42,,
tungaloy,HSKA63HYDRO25X150,hydraulic,HSK-A63,124,50,,
tungaloy,HSKA63HYDRO25X200,hydraulic,HSK-A63,174,50,,
tungaloy,HSKA100HYDRO6X150,hydraulic,HSK-A100,124,26,,
tungaloy,HSKA100HYDRO6X200,hydraulic,HSK-A100,174,26,,
tungaloy,HSKA100HYDRO8X150,hydraulic,HSK-A100,124,28,,
tungaloy,HSKA100HYDRO8X200,hydraulic,HSK-A100,174,28,,
tungaloy,HSKA100HYDRO10X150,hydraulic,HSK-A100,124,30,,
tungaloy,HSKA100HYDRO10X200,hydraulic,HSK-A100,174,30,,
tungaloy,HSKA100HYDRO12X150,hydraulic,HSK-A100,124,32,,
tungaloy,HSKA100HYDRO12X200,hydraulic,HSK-A100,174,32,,
tungaloy,HSKA100HYDRO14X150,hydraulic,HSK-A100,124,34,,
tungaloy,HSKA100HYDRO14X200,hydraulic,HSK-A100,174,34,,
tungaloy,HSKA100HYDRO16X150,hydraulic,HSK-A100,124,38,,
tungaloy,HSKA100HYDRO16X200,hydraulic,HSK-A100,174,38,,
tungaloy,HSKA100HYDRO18X150,hydraulic,HSK-A100,124,40,,
tungaloy,HSKA100HYDRO18X200,hydraulic,HSK-A100,174,40,,
tungaloy,HSKA100HYDRO20X150,hydraulic,HSK-A100,124,42,,
tungaloy,HSKA100HYDRO20X200,hydraulic,HSK-A100,174,42,,
tungaloy,HSKA100HYDRO25X200,hydraulic,HSK-A100,174,50,,
tungaloy,HSKA63EM1X4.250,end_mill,HSK-A63,81.79,65.02,,
tungaloy,HSKA63EM1-1/4X4.250,end_mill,HSK-A63,81.79,71.37,,
tungaloy,HSKA63EM25X110,end_mill,HSK-A63,84,65,,
tungaloy,HSKA63EM32X110,end_mill,HSK-A63,84,72,,
tungaloy,HSKA63SRKIN1/4X3.150,shrink_fit,HSK-A63,54,21.01,,
tungaloy,HSKA63SRKIN1/4X6.30,shrink_fit,HSK-A63,134.01,21.01,,
tungaloy,HSKA63SRKIN5/16X3.150,shrink_fit,HSK-A63,56.31,21.01,,
tungaloy,HSKA63SRKIN3/8X3.346,shrink_fit,HSK-A63,58.93,23.88,,
tungaloy,HSKA63SRKIN3/8X6.30,shrink_fit,HSK-A63,134.01,23.88,,
tungaloy,HSKA63SRKIN7/16X3.543,shrink_fit,HSK-A63,63.98,23.88,,
tungaloy,HSKA63SRKIN1/2X3.543,shrink_fit,HSK-A63,63.98,23.88,,
tungaloy,HSKA63SRKIN5/8X3.740,shrink_fit,HSK-A63,68.99,26.92,,
tungaloy,HSKA63SRKIN5/8X6.30,shrink_fit,HSK-A63,134.01,26.92,,
tungaloy,HSKA63SRKIN3/4X3.937,shrink_fit,HSK-A63,73.99,33.02,,
tungaloy,HSKA63SRKIN3/4X6.30,shrink_fit,HSK-A63,134.01,33.02,,
tungaloy,HSKA63SRKIN7/8X3.937,shrink_fit,HSK-A63,73.99,43.94,,
tungaloy,HSKA63SRKIN1X4.528,shrink_fit,HSK-A63,89,43.94,,
tungaloy,HSKA63SRKIN1-1/4X4.72,shrink_fit,HSK-A63,93.98,43.94,,
tungaloy,HSKA100SRKIN1/4X3.500,shrink_fit,HSK-A100,59.89,21.01,,
tungaloy,HSKA100SRKIN1/4X6.250,shrink_fit,HSK-A100,129.74,21.01,,
tungaloy,HSKA100SRKIN5/16X3.500,shrink_fit,HSK-A100,59.89,21.01,,
tungaloy,HSKA100SRKIN5/16X4.750,shrink_fit,HSK-A100,91.64,21.01,,
tungaloy,HSKA100SRKIN5/16X6.250,shrink_fit,HSK-A100,129.74,21.01,,
tungaloy,HSKA100SRKIN3/8X3.625,shrink_fit,HSK-A100,63.07,23.88,,
tungaloy,HSKA100SRKIN3/8X6.250,shrink_fit,HSK-A100,129.74,23.88,,
tungaloy,HSKA100SRKIN7/16X3.750,shrink_fit,HSK-A100,66.24,23.88,,
tungaloy,HSKA100SRKIN7/16X6.250,shrink_fit,HSK-A100,129.74,23.88,,
tungaloy,HSKA100SRKIN1/2X3.750,shrink_fit,HSK-A100,66.24,23.88,,
tungaloy,HSKA100SRKIN1/2X5.000,shrink_fit,HSK-A100,97.99,23.88,,
tungaloy,HSKA100SRKIN5/8X4.000,shrink_fit,HSK-A100,72.59,26.92,,
tungaloy,HSKA100SRKIN5/8X5.000,shrink_fit,HSK-A100,97.99,26.92,,
tungaloy,HSKA100SRKIN3/4X4.125,shrink_fit,HSK-A100,78.79,33.02,,
tungaloy,HSKA100SRKIN3/4X6.250,shrink_fit,HSK-A100,129.74,33.02,,
tungaloy,HSKA100SRKIN7/8X4.125,shrink_fit,HSK-A100,75.77,43.94,,
tungaloy,HSKA100SRKIN1X4.500,shrink_fit,HSK-A100,85.29,43.94,,
tungaloy,HSKA63SRKIN6X80,shrink_fit,HSK-A63,54,21,,
tungaloy,HSKA63SRKIN6X120,shrink_fit,HSK-A63,94,21,,
tungaloy,HSKA63SRKIN6X160,shrink_fit,HSK-A63,134,21,,
tungaloy,HSKA63SRKIN8X80,shrink_fit,HSK-A63,54,21,,
tungaloy,HSKA63SRKIN8X120,shrink_fit,HSK-A63,94,21,,
tungaloy,HSKA63SRKIN8X160,shrink_fit,HSK-A63,134,21,,
tungaloy,HSKA63SRKIN10X85,shrink_fit,HSK-A63,59,24,,
tungaloy,HSKA63SRKIN10X120,shrink_fit,HSK-A63,94,24,,
tungaloy,HSKA63SRKIN10X160,shrink_fit,HSK-A63,134,24,,
tungaloy,HSKA63SRKIN12X90,shrink_fit,HSK-A63,64,24,,
tungaloy,HSKA63SRKIN12X120,shrink_fit,HSK-A63,94,24,,
tungaloy,HSKA63SRKIN12X160,shrink_fit,HSK-A63,134,24,,
tungaloy,HSKA63SRKIN14X90,shrink_fit,HSK-A63,64,27,,
tungaloy,HSKA63SRKIN14X120,shrink_fit,HSK-A63,94,27,,
tungaloy,HSKA63SRKIN14X160,shrink_fit,HSK-A63,134,27,,
tungaloy,HSKA63SRKIN16X75,shrink_fit,HSK-A63,49,27,,
tungaloy,HSKA63SRKIN16X95,shrink_fit,HSK-A63,69,27,,
tungaloy,HSKA63SRKIN16X120,shrink_fit,HSK-A63,94,27,,
tungaloy,HSKA63SRKIN16X160,shrink_fit,HSK-A63,134,27,,
tungaloy,HSKA63SRKIN18X95,shrink_fit,HSK-A63,69,33,,
tungaloy,HSKA63SRKIN18X120,shrink_fit,HSK-A63,94,33,,
tungaloy,HSKA63SRKIN18X160,shrink_fit,HSK-A63,134,33,,
tungaloy,HSKA63SRKIN20X75,shrink_fit,HSK-A63,49,33,,
tungaloy,HSKA63SRKIN20X100,shrink_fit,HSK-A63,74,33,,
tungaloy,HSKA63SRKIN20X120,shrink_fit,HSK-A63,94,33,,
tungaloy,HSKA63SRKIN20X160,shrink_fit,HSK-A63,134,33,,
tungaloy,HSKA63SRKIN25X85,shrink_fit,HSK-A63,59,44,,
tungaloy,HSKA63SRKIN25X115,shrink_fit,HSK-A63,89,44,,
tungaloy,HSKA63SRKIN32X85,shrink_fit,HSK-A63,59,44,,
tungaloy,HSKA63SRKIN32X120,shrink_fit,HSK-A63,94,44,,
tungaloy,HSKA100SRKIN6X85,shrink_fit,HSK-A100,56,21,,
tungaloy,HSKA100SRKIN6X120,shrink_fit,HSK-A100,91,21,,
tungaloy,HSKA100SRKIN6X160,shrink_fit,HSK-A100,131,21,,
tungaloy,HSKA100SRKIN8X85,shrink_fit,HSK-A100,56,21,,
tungaloy,HSKA100SRKIN8X120,shrink_fit,HSK-A100,91,21,,
tungaloy,HSKA100SRKIN8X160,shrink_fit,HSK-A100,131,21,,
tungaloy,HSKA100SRKIN10X90,shrink_fit,HSK-A100,61,24,,
tungaloy,HSKA100SRKIN10X120,shrink_fit,HSK-A100,91,24,,
tungaloy,HSKA100SRKIN10X160,shrink_fit,HSK-A100,131,24,,
tungaloy,HSKA100SRKIN12X95,shrink_fit,HSK-A100,66,24,,
tungaloy,HSKA100SRKIN12X120,shrink_fit,HSK-A100,91,24,,
tungaloy,HSKA100SRKIN12X160,shrink_fit,HSK-A100,131,24,,
tungaloy,HSKA100SRKIN14X95,shrink_fit,HSK-A100,66,27,,
tungaloy,HSKA100SRKIN14X120,shrink_fit,HSK-A100,91,27,,
tungaloy,HSKA100SRKIN14X160,shrink_fit,HSK-A100,131,27,,
tungaloy,HSKA100SRKIN16X100,shrink_fit,HSK-A100,71,27,,
tungaloy,HSKA100SRKIN16X120,shrink_fit,HSK-A100,91,27,,
tungaloy,HSKA100SRKIN16X160,shrink_fit,HSK-A100,131,27,,
tungaloy,HSKA100SRKIN18X100,shrink_fit,HSK-A100,71,33,,
tungaloy,HSKA100SRKIN18X160,shrink_fit,HSK-A100,131,33,,
tungaloy,HSKA100SRKIN20X105,shrink_fit,HSK-A100,76,33,,
tungaloy,HSKA100SRKIN20X160,shrink_fit,HSK-A100,131,33,,
tungaloy,HSKA100SRKIN25X115,shrink_fit,HSK-A100,86,44,,
tungaloy,HSKFM63SRKIN25X115,shrink_fit,HSK-FM63,89,44,,
tungaloy,HSKE32SRK1/8X2.000,shrink_fit,HSK-E32,50.8,10.01,,
tungaloy,HSKE32SRK3/16X2.000,shrink_fit,HSK-E32,50.8,10.01,,
tungaloy,HSKE32SRK1/4X2.000,shrink_fit,HSK-E32,50.8,11,,
tungaloy,HSKE32SRK5/16X2.000,shrink_fit,HSK-E32,50.8,14,,
tungaloy,HSKE32SRK3/8X2.000,shrink_fit,HSK-E32,50.8,16,,
tungaloy,HSKE32SRK1/2X2.000,shrink_fit,HSK-E32,50.8,19.99,,
tungaloy,HSKE40SRK1/8X1.750,shrink_fit,HSK-E40,44.45,9.91,,
tungaloy,HSKE40SRK1/8X3.000,shrink_fit,HSK-E40,76.2,9.91,,
tungaloy,HSKE40SRK3/16X1.750,shrink_fit,HSK-E40,44.45,9.91,,
tungaloy,HSKE40SRK3/16X3.000,shrink_fit,HSK-E40,76.2,9.91,,
tungaloy,HSKE40SRK1/4X1.750,shrink_fit,HSK-E40,44.45,10.92,,
tungaloy,HSKE40SRK1/4X3.000,shrink_fit,HSK-E40,76.2,10.92,,
tungaloy,HSKE40SRK5/16X1.750,shrink_fit,HSK-E40,44.45,13.97,,
tungaloy,HSKE40SRK5/16X3.000,shrink_fit,HSK-E40,76.2,13.97,,
tungaloy,HSKE40SRK3/8X1.750,shrink_fit,HSK-E40,44.45,16,,
tungaloy,HSKE40SRK3/8X3.000,shrink_fit,HSK-E40,76.2,16,,
tungaloy,HSKE40SRK7/16X1.750,shrink_fit,HSK-E40,44.45,20.07,,
tungaloy,HSKE40SRK7/16X3.000,shrink_fit,HSK-E40,76.2,20.07,,
tungaloy,HSKE40SRK1/2X1.750,shrink_fit,HSK-E40,44.45,20.07,,
tungaloy,HSKE40SRK1/2X3.000,shrink_fit,HSK-E40,76.2,20.07,,
tungaloy,HSKE50SRK1/8X1.750,shrink_fit,HSK-E50,44.45,9.91,,
tungaloy,HSKE50SRK1/8X3.000,shrink_fit,HSK-E50,76.2,9.91,,
tungaloy,HSKE50SRK3/16X1.750,shrink_fit,HSK-E50,44.45,9.91,,
tungaloy,HSKE50SRK3/16X3.000,shrink_fit,HSK-E50,76.2,9.91,,
tungaloy,HSKE50SRK1/4X1.750,shrink_fit,HSK-E50,44.45,10.92,,
tungaloy,HSKE50SRK1/4X3.000,shrink_fit,HSK-E50,76.2,10.92,,
tungaloy,HSKE50SRK5/16X1.750,shrink_fit,HSK-E50,44.45,13.97,,
tungaloy,HSKE50SRK5/16X3.000,shrink_fit,HSK-E50,76.2,13.97,,
tungaloy,HSKE50SRK3/8X1.750,shrink_fit,HSK-E50,44.45,16,,
tungaloy,HSKE50SRK3/8X3.000,shrink_fit,HSK-E50,76.2,16,,
tungaloy,HSKE50SRK7/16X1.750,shrink_fit,HSK-E50,44.45,20.07,,
tungaloy,HSKE50SRK1/2X1.750,shrink_fit,HSK-E50,44.45,20.07,,
tungaloy,HSKE50SRK1/2X3.000,shrink_fit,HSK-E50,76.2,20.07,,
tungaloy,HSKE63SRK1/8X2.000,shrink_fit,HSK-E63,50.8,9.91,,
tungaloy,HSKE63SRK3/16X2.000,shrink_fit,HSK-E63,50.8,9.91,,
tungaloy,HSKE63SRK3/16X3.000,shrink_fit,HSK-E63,76.2,9.91,,
tungaloy,HSKE63SRK1/4X2.000,shrink_fit,HSK-E63,50.8,10.92,,
tungaloy,HSKE63SRK1/4X3.000,shrink_fit,HSK-E63,76.2,10.92,,
tungaloy,HSKE63SRK5/16X2.000,shrink_fit,HSK-E63,50.8,13.97,,
tungaloy,HSKE63SRK5/16X3.000,shrink_fit,HSK-E63,76.2,13.97,,
tungaloy,HSKE63SRK3/8X2.000,shrink_fit,HSK-E63,50.8,16,,
tungaloy,HSKE63SRK3/8X3.000,shrink_fit,HSK-E63,76.2,16,,
tungaloy,HSKE63SRK7/16X2.000,shrink_fit,HSK-E63,50.8,20.07,,
tungaloy,HSKE63SRK7/16X3.000,shrink_fit,HSK-E63,76.2,20.07,,
tungaloy,HSKE63SRK1/2X2.000,shrink_fit,HSK-E63,50.8,20.07,,
tungaloy,HSKE32SRK3X45,shrink_fit,HSK-E32,45,10,,
tungaloy,HSKE32SRK4X45,shrink_fit,HSK-E32,45,10,,
tungaloy,HSKE32SRK5X45,shrink_fit,HSK-E32,45,10,,
tungaloy,HSKE32SRK6X45,shrink_fit,HSK-E32,45,11,,
tungaloy,HSKE32SRK10X45,shrink_fit,HSK-E32,45,16,,
tungaloy,HSKE32SRK12X45,shrink_fit,HSK-E32,45,20,,
tungaloy,HSKE40SRK3X45,shrink_fit,HSK-E40,45,10,,
tungaloy,HSKE40SRK3X80,shrink_fit,HSK-E40,80,10,,
tungaloy,HSKE40SRK4X45,shrink_fit,HSK-E40,45,10,,
tungaloy,HSKE40SRK4X80,shrink_fit,HSK-E40,80,10,,
tungaloy,HSKE40SRK5X45,shrink_fit,HSK-E40,45,10,,
tungaloy,HSKE40SRK5X80,shrink_fit,HSK-E40,80,10,,
tungaloy,HSKE40SRK6X45,shrink_fit,HSK-E40,45,11,,
tungaloy,HSKE40SRK6X80,shrink_fit,HSK-E40,80,11,,
tungaloy,HSKE40SRK8X45,shrink_fit,HSK-E40,45,14,,
tungaloy,HSKE40SRK8X80,shrink_fit,HSK-E40,80,14,,
tungaloy,HSKE40SRK10X45,shrink_fit,HSK-E40,45,16,,
tungaloy,HSKE40SRK10X80,shrink_fit,HSK-E40,80,16,,
tungaloy,HSKE40SRK12X45,shrink_fit,HSK-E40,45,20,,
tungaloy,HSKE40SRK12X80,shrink_fit,HSK-E40,80,20,,
tungaloy,HSKE50SRK3X45,shrink_fit,HSK-E50,45,10,,
tungaloy,HSKE50SRK3X80,shrink_fit,HSK-E50,80,10,,
tungaloy,HSKE50SRK4X45,shrink_fit,HSK-E50,45,10,,
tungaloy,HSKE50SRK4X80,shrink_fit,HSK-E50,80,10,,
tungaloy,HSKE50SRK6X45,shrink_fit,HSK-E50,45,11,,
tungaloy,HSKE50SRK6X80,shrink_fit,HSK-E50,80,11,,
tungaloy,HSKE50SRK8X45,shrink_fit,HSK-E50,45,14,,
tungaloy,HSKE50SRK8X80,shrink_fit,HSK-E50,80,14,,
tungaloy,HSKE50SRK10X45,shrink_fit,HSK-E50,45,16,,
tungaloy,HSKE50SRK10X80,shrink_fit,HSK-E50,80,16,,
tungaloy,HSKE50SRK12X45,shrink_fit,HSK-E50,45,20,,
tungaloy,HSKA63SRK1/8X2.000,shrink_fit,HSK-A63,50.8,9.91,,
tungaloy,HSKA63SRK1/8X3.250,shrink_fit,HSK-A63,82.55,9.91,,
tungaloy,HSKA63SRK3/16X2.000,shrink_fit,HSK-A63,50.8,9.91,,
tungaloy,HSKA63SRK3/16X3.250,shrink_fit,HSK-A63,82.55,9.91,,
tungaloy,HSKA63SRK1/4X2.000,shrink_fit,HSK-A63,50.8,10.92,,
tungaloy,HSKA63SRK1/4X3.250,shrink_fit,HSK-A63,82.55,10.92,,
tungaloy,HSKA63SRK5/16X3.250,shrink_fit,HSK-A63,82.55,13.97,,
tungaloy,HSKA63SRK3/8X2.000,shrink_fit,HSK-A63,50.8,16,,
tungaloy,HSKA63SRK3/8X3.250,shrink_fit,HSK-A63,82.55,16,,
tungaloy,HSKA63SRK7/16X2.000,shrink_fit,HSK-A63,50.8,20.07,,
tungaloy,HSKA63SRK7/16X3.250,shrink_fit,HSK-A63,82.55,20.07,,
tungaloy,HSKA63SRK1/2X2.000,shrink_fit,HSK-A63,50.8,20.07,,
tungaloy,HSKA63SRK1/2X3.250,shrink_fit,HSK-A63,82.55,20.07,,
tungaloy,HSKA63SRK3X50,shrink_fit,HSK-A63,50,10,,
tungaloy,HSKA63SRK3X85,shrink_fit,HSK-A63,85,10,,
tungaloy,HSKA63SRK4X50,shrink_fit,HSK-A63,50,10,,
tungaloy,HSKA63SRK4X85,shrink_fit,HSK-A63,85,10,,
tungaloy,HSKA63SRK5X50,shrink_fit,HSK-A63,50,10,,
tungaloy,HSKA63SRK5X85,shrink_fit,HSK-A63,85,10,,
tungaloy,HSKA63SRK6X50,shrink_fit,HSK-A63,50,11,,
tungaloy,HSKA63SRK6X85,shrink_fit,HSK-A63,85,11,,
tungaloy,HSKA63SRK8X50,shrink_fit,HSK-A63,50,14,,
tungaloy,HSKA63SRK8X85,shrink_fit,HSK-A63,85,14,,
tungaloy,HSKA63SRK10X50,shrink_fit,HSK-A63,50,16,,
tungaloy,HSKA63SRK10X85,shrink_fit,HSK-A63,85,16,,
tungaloy,HSKA63SRK12X50,shrink_fit,HSK-A63,50,20,,
tungaloy,HSKE40SEM3/4X2.000,side_lock,HSK-E40,30.8,45,,
tungaloy,HSKA63SEM16X50,side_lock,HSK-A63,24,38,,
tungaloy,HSKA63SEM22X50,side_lock,HSK-A63,24,47,,
tungaloy,HSKA63SEM27X60,side_lock,HSK-A63,34,58,,
tungaloy,HSKA63SEM32X60,side_lock,HSK-A63,34,66,,
tungaloy,HSKA63SEM40X60,side_lock,HSK-A63,34,82,,
tungaloy,HSKA100SEM22X50,side_lock,HSK-A100,21,47,,
tungaloy,HSKA100SEM27X50,side_lock,HSK-A100,21,58,,
tungaloy,HSKA100SEM32X50,side_lock,HSK-A100,21,66,,
tungaloy,HSKA100SEM40X60,side_lock,HSK-A100,31,82,,
tungaloy,HSKA63SEMC16X60,side_lock,HSK-A63,34,32,,
tungaloy,HSKA63SEMC22X60,side_lock,HSK-A63,34,40,,
tungaloy,HSKA63SEMC27X60,side_lock,HSK-A63,34,48,,
tungaloy,HSKA63SEMC32X60,side_lock,HSK-A63,34,58,,
tungaloy,HSKA63SEMC40X70,side_lock,HSK-A63,44,70,,
tungaloy,HSKA100SEMC16X60,side_lock,HSK-A100,31,32,,
tungaloy,HSKA100SEMC22X60,side_lock,HSK-A100,31,40,,
tungaloy,HSKA100SEMC27X60,side_lock,HSK-A100,31,48,,
tungaloy,HSKA100SEMC32X60,side_lock,HSK-A100,31,58,,
tungaloy,HSKA100SEMC40X70,side_lock,HSK-A100,41,70,,
tungaloy,HSKA100SEMC50X80,side_lock,HSK-A100,51,90,,
tungaloy,HSKA63CF4-S,face_mill,HSK-A63,44,44.5,,
tungaloy,HSKA80CF4-S,face_mill,HSK-A80,47,44.5,,
tungaloy,HSKA100CF4-S,face_mill,HSK-A100,47,44.5,,
tungaloy,HSKA63ODP6X59,oil_hole_drill,HSK-A63,25,10,,
tungaloy,HSKA63ODP6X109,oil_hole_drill,HSK-A63,75,23,,
tungaloy,HSKA63ODP8X59,oil_hole_drill,HSK-A63,25,15,,
tungaloy,HSKA63ODP8X109,oil_hole_drill,HSK-A63,75,23,,
tungaloy,HSKA63ODP10X59,oil_hole_drill,HSK-A63,25,20,,
tungaloy,HSKA63ODP10X109,oil_hole_drill,HSK-A63,75,28,,
tungaloy,HSKA63ODP12X59,oil_hole_drill,HSK-A63,25,24,,
tungaloy,HSKA63ODP12X109,oil_hole_drill,HSK-A63,75,31,,
tungaloy,HSKA63ODP16X59,oil_hole_drill,HSK-A63,25,34,,
tungaloy,HSKA63ODP16X109,oil_hole_drill,HSK-A63,75,34,,
tungaloy,HSKA100ODP12X87,oil_hole_drill,HSK-A100,50,30,,
tungaloy,HSKA100ODP12X137,oil_hole_drill,HSK-A100,100,30,,
tungaloy,HSKA100ODP12X187,oil_hole_drill,HSK-A100,150,40,,
tungaloy,HSKA100ODP12X237,oil_hole_drill,HSK-A100,200,46,,
tungaloy,HSKA100ODP16X87,oil_hole_drill,HSK-A100,50,31.5,,
tungaloy,HSKA100ODP16X137,oil_hole_drill,HSK-A100,100,41.5,,
tungaloy,HSKA100ODP16X187,oil_hole_drill,HSK-A100,150,55,,
tungaloy,HSKE40ODP10X53,oil_hole_drill,HSK-E40,25,20,,
tungaloy,HSKE40ODP10X103,oil_hole_drill,HSK-E40,75,28,,
tungaloy,HSKE40ODP12X53,oil_hole_drill,HSK-E40,25,24,,
tungaloy,HSKE40ODP12X103,oil_hole_drill,HSK-E40,75,31,,
tungaloy,HSKE50ODP10X59,oil_hole_drill,HSK-E50,25,20,,
tungaloy,HSKE50ODP10X109,oil_hole_drill,HSK-E50,75,28,,
tungaloy,HSKE50ODP12X59,oil_hole_drill,HSK-E50,25,24,,
tungaloy,HSKE50ODP16X59,oil_hole_drill,HSK-E50,25,34,,
tungaloy,HSKE50ODP16X109,oil_hole_drill,HSK-E50,75,34,,
tungaloy,HSKE63ODP10X59,oil_hole_drill,HSK-E63,25,20,,
tungaloy,HSKE63ODP10X109,oil_hole_drill,HSK-E63,75,28,,
tungaloy,HSKE63ODP12X59,oil_hole_drill,HSK-E63,25,24,,
tungaloy,HSKE63ODP12X109,oil_hole_drill,HSK-E63,75,31,,
tungaloy,HSKA63B16MN100,boring,HSK-A63,74,63,,
tungaloy,HSKA63B16MN200,boring,HSK-A63,174,63,,
tungaloy,HSKA100B16MN100,boring,HSK-A100,71,102,,
tungaloy,CAT30ER16X2.750,ER,CAT30,34.8,31.7,,
tungaloy,CAT30ER20X2.562,ER,CAT30,13.06,27.99,,
tungaloy,CAT30ER32X3.268,ER,CAT30,48.01,31.7,,
tungaloy,CAT40ER16X3.937,ER,CAT40,10.06,34.8,,
tungaloy,CAT40ER16X5.906,ER,CAT40,85.09,44.5,,
tungaloy,CAT40ER20X3.937,ER,CAT40,13.06,65.02,,
tungaloy,CAT40ER20X5.906,ER,CAT40,96.01,34.01,,
tungaloy,CAT40ER25X2.562,ER,CAT40,16.05,29.97,,
tungaloy,CAT40ER25X4.000,ER,CAT40,66.55,44.5,,
tungaloy,CAT40ER25X6.000,ER,CAT40,16.05,117.35,,
tungaloy,CAT40ER32X2.562,ER,CAT40,2159,44.5,,
tungaloy,CAT40ER32X4.000,ER,CAT40,20.04,49.99,,
tungaloy,CAT40ER32X6.000,ER,CAT40,49.99,44.5,,
tungaloy,CAT40ER40X3.359,ER,CAT40,26.03,62.99,,
tungaloy,CAT40ER40X4.000,ER,CAT40,2159,44.5,,
tungaloy,CAT50ER16X3.937,ER,CAT50,10.06,65.02,,
tungaloy,CAT50ER16X5.906,ER,CAT50,88.65,69.9,,
tungaloy,CAT50ER16X8.000,ER,CAT50,10.06,75.69,,
tungaloy,CAT50ER20X3.937,ER,CAT50,65.02,69.9,,
tungaloy,CAT50ER20X5.906,ER,CAT50,13.06,115.06,,
tungaloy,CAT50ER20X8.000,ER,CAT50,117.35,69.9,,
tungaloy,CAT50ER25X4.000,ER,CAT50,16.05,65.53,,
tungaloy,CAT50ER25X6.000,ER,CAT50,117.35,69.9,,
tungaloy,CAT50ER25X8.000,ER,CAT50,16.05,167.13,,
tungaloy,CAT50ER32X4.000,ER,CAT50,64.52,69.9,,
tungaloy,CAT50ER32X6.000,ER,CAT50,20.04,116.33,,
tungaloy,CAT50ER32X8.000,ER,CAT50,167.13,69.9,,
tungaloy,CAT50ER40X4.000,ER,CAT50,26.03,66.55,,
tungaloy,CAT50ER40X6.000,ER,CAT50,117.35,69.9,,
tungaloy,CAT50ER40X8.000,ER,CAT50,26.03,167.13,,
tungaloy,CAT50ER50X4.000,ER,CAT50,77.98,69.9,,
tungaloy,CAT40FCMAXIN1-1/4X4.16,milling_chuck,CAT40,86.61,68.99,,
tungaloy,CAT40MAXIN3/4X3.75,milling_chuck,CAT40,95.1,19.05,,
tungaloy,CAT50MAXIN1-1/4X5.314,milling_chuck,CAT50,135,31.75,,
tungaloy,CAT40EM3/16X2.500,end_mill,CAT40,28.47,22,,
tungaloy,CAT40EM1/4X2.500,end_mill,CAT40,28.47,25.4,,
tungaloy,CAT40EM3/8X2.500,end_mill,CAT40,28.47,31.7,,
tungaloy,CAT40EM3/8X2.500B,end_mill,CAT40,28.47,31.7,,
tungaloy,CAT40EM7/8X4.000,end_mill,CAT40,66.55,51.99,,
tungaloy,CAT40EM1X4.000,end_mill,CAT40,66.55,65,,
tungaloy,CAT40EM1X4.000B,end_mill,CAT40,66.55,65,,
tungaloy,CAT40EM1-1/4X4.250,end_mill,CAT40,72.9,69.9,,
tungaloy,CAT40EM1-1/4X4.250B,end_mill,CAT40,72.9,69.9,,
tungaloy,CAT40EM1-1/2X4.625,end_mill,CAT40,82.42,80.01,,
tungaloy,CAT40EM1-1/2X4.625B,end_mill,CAT40,82.42,80.01,,
tungaloy,CAT50EM1/4X2.500,end_mill,CAT50,28.45,25.4,,
tungaloy,CAT50EM1/4X4.500,end_mill,CAT50,80.01,25.4,,
tungaloy,CAT50EM1/4X6.250,end_mill,CAT50,139.7,25.4,,
tungaloy,CAT50EM3/8X2.500,end_mill,CAT50,28.45,31.7,,
tungaloy,CAT50EM3/8X2.500B,end_mill,CAT50,28.45,31.7,,
tungaloy,CAT50EM3/8X4.500,end_mill,CAT50,79.25,31.7,,
tungaloy,CAT50EM3/8X6.500,end_mill,CAT50,139.7,31.7,,
tungaloy,CAT50EM3/8X6.500B,end_mill,CAT50,139.7,31.7,,
tungaloy,CAT50EM1/2X2.625,end_mill,CAT50,31.62,44.5,,
tungaloy,CAT50EM1/2X2.625B,end_mill,CAT50,31.62,44.5,,
tungaloy,CAT50EM1/2X4.625,end_mill,CAT50,82.42,44.5,,
tungaloy,CAT50EM1/2X4.625B,end_mill,CAT50,82.42,44.5,,
tungaloy,CAT50EM1/2X6.625,end_mill,CAT50,149.22,44.5,,
tungaloy,CAT50EM1/2X6.625B,end_mill,CAT50,149.22,44.5,,
tungaloy,CAT50EM5/8X3.750,end_mill,CAT50,60.2,44.5,,
tungaloy,CAT50EM5/8X3.750B,end_mill,CAT50,60.2,44.5,,
tungaloy,CAT50EM5/8X5.750,end_mill,CAT50,111,44.5,,
tungaloy,CAT50EM5/8X5.750B,end_mill,CAT50,111,44.5,,
tungaloy,CAT50EM5/8X7.750,end_mill,CAT50,177.8,44.5,,
tungaloy,CAT50EM3/4X3.750,end_mill,CAT50,60.2,45.01,,
tungaloy,CAT50EM3/4X3.750B,end_mill,CAT50,60.2,45.01,,
tungaloy,CAT50EM3/4X5.750,end_mill,CAT50,80.01,45.01,,
tungaloy,CAT50EM3/4X5.750B,end_mill,CAT50,80.01,45.01,,
tungaloy,CAT50EM3/4X7.750,end_mill,CAT50,177.8,45.01,,
tungaloy,CAT50EM3/4X7.750B,end_mill,CAT50,177.8,45.01,,
tungaloy,CAT50EM7/8X7.750,end_mill,CAT50,80.01,51.99,,
tungaloy,CAT50EM7/8X3.750,end_mill,CAT50,60.2,51.99,,
tungaloy,CAT50EM1X4.000,end_mill,CAT50,66.55,65,,
tungaloy,CAT50EM1X4.000B,end_mill,CAT50,66.55,65,,
tungaloy,CAT50EM1X6.000,end_mill,CAT50,117.35,65,,
tungaloy,CAT50EM1X6.000B,end_mill,CAT50,117.35,65,,
tungaloy,CAT50EM1X8.000,end_mill,CAT50,117.47,65,,
tungaloy,CAT50EM1-1/2X4.000,end_mill,CAT50,66.55,80.01,,
tungaloy,CAT50EM1-1/2X4.000B,end_mill,CAT50,66.55,80.01,,
tungaloy,CAT50EM1-1/2X6.000,end_mill,CAT50,117.35,80.01,,
tungaloy,CAT50EM1-1/2X8.000,end_mill,CAT50,168.15,80.01,,
tungaloy,CAT40FCSRKIN1/4X3.50,shrink_fit,CAT40,35.99,69.85,,
tungaloy,CAT40FCSRKIN3/8X3.75,shrink_fit,CAT40,76.2,24,,
tungaloy,CAT40FCSRKIN1/2X3.75,shrink_fit,CAT40,46.99,76.2,,
tungaloy,CAT40FCSRKIN5/8X3.75,shrink_fit,CAT40,76.2,27,,
tungaloy,CAT40FCSRKIN1X4.000,shrink_fit,CAT40,82.55,43.99,,
tungaloy,CAT50FCSRKIN1/2X3.75,shrink_fit,CAT50,46.99,76.2,,
tungaloy,CAT50FCSRKIN5/8X3.75,shrink_fit,CAT50,76.2,27,,
tungaloy,CAT50FCSRKIN3/4X4.00,shrink_fit,CAT50,51.99,82.55,,
tungaloy,CAT50FCSRKIN1X4.000,shrink_fit,CAT50,82.55,43.99,,
tungaloy,CAT50FCSRKIN1-1/4X4.0,shrink_fit,CAT50,51.99,82.55,,
tungaloy,CAT40SRKIN1/4X3.500,shrink_fit,CAT40,24.89,21.01,,
tungaloy,CAT40SRKIN5/16X3.500,shrink_fit,CAT40,69.85,21.01,,
tungaloy,CAT40SRKIN3/8X3.750,shrink_fit,CAT40,30.99,24,,
tungaloy,CAT40SRKIN7/16X3.750,shrink_fit,CAT40,76.2,24,,
tungaloy,CAT40SRKIN1/2X3.750,shrink_fit,CAT40,36.07,24,,
tungaloy,CAT40SRKIN5/8X3.750,shrink_fit,CAT40,76.2,27,,
tungaloy,CAT40SRKIN3/4X4.000,shrink_fit,CAT40,40.89,32.99,,
tungaloy,CAT40SRKIN7/8X4.000,shrink_fit,CAT40,82.55,43.99,,
tungaloy,CAT40SRKIN1X4.000,shrink_fit,CAT40,46.99,43.99,,
tungaloy,CAT40SRKIN1-1/4X4.000,shrink_fit,CAT40,82.55,43.99,,
tungaloy,CAT50SRKIN1/4X3.500,shrink_fit,CAT50,24.89,21.01,,
tungaloy,CAT50SRKIN5/16X3.500,shrink_fit,CAT50,68.58,21.01,,
tungaloy,CAT50SRKIN3/8X3.750,shrink_fit,CAT50,30.99,24,,
tungaloy,CAT50SRKIN7/16X3.750,shrink_fit,CAT50,76.2,24,,
tungaloy,CAT50SRKIN1/2X3.750,shrink_fit,CAT50,36.07,24,,
tungaloy,CAT50SRKIN5/8X3.750,shrink_fit,CAT50,76.2,27,,
tungaloy,CAT50SRKIN3/4X4.000,shrink_fit,CAT50,40.89,32.99,,
tungaloy,CAT50SRKIN7/8X4.000,shrink_fit,CAT50,82.55,43.99,,
tungaloy,CAT50SRKIN1X4.000,shrink_fit,CAT50,46.99,43.99,,
big_daishowa,BBT30-MEGA3S-45T,collet_chuck,BBT30,45,,40000,3
big_daishowa,BBT30-MEGA6S-60T,collet_chuck,BBT30,60,,40000,3
big_daishowa,BBT30-MEGA8S-75T,collet_chuck,BBT30,75,,40000,3
big_daishowa,BBT40-MEGA3S-60T,collet_chuck,BBT40,60,,35000,3
big_daishowa,BBT40-MEGA6S-60T,collet_chuck,BBT40,60,,35000,3
big_daishowa,BBT40-MEGA8S-90T,collet_chuck,BBT40,90,,30000,3
big_daishowa,HSK-A40-MEGA3S-75T,collet_chuck,HSK-A40,75,,32000,3
big_daishowa,HSK-A40-MEGA6S-60T,collet_chuck,HSK-A40,60,,35000,3
big_daishowa,HSK-A63-MEGA3S-75T,collet_chuck,HSK-A63,75,,32000,3
big_daishowa,HSK-A63-MEGA6S-60T,collet_chuck,HSK-A63,60,,35000,3
big_daishowa,HSK-A63-MEGA8S-90T,collet_chuck,HSK-A63,90,,30000,3
big_daishowa,C4-MEGA3S-60T,collet_chuck,Capto-C4,60,,35000,3
big_daishowa,C4-MEGA6S-60T,collet_chuck,Capto-C4,60,,30000,3
big_daishowa,C6-MEGA6S-120T,collet_chuck,Capto-C6,120,,22000,3
big_daishowa,BBT30-MEGA6N-60,collet_chuck,BBT30,60,,40000,3
big_daishowa,BBT30-MEGA10N-60,collet_chuck,BBT30,60,,40000,3
big_daishowa,BBT30-MEGA16N-60,collet_chuck,BBT30,60,,35000,3
big_daishowa,BBT30-MEGA20N-60,collet_chuck,BBT30,60,,30000,3
big_daishowa,BBT40-MEGA6N-60,collet_chuck,BBT40,60,,35000,3
big_daishowa,BBT40-MEGA10N-60,collet_chuck,BBT40,60,,35000,3
big_daishowa,BBT40-MEGA16N-60,collet_chuck,BBT40,60,,35000,3
big_daishowa,BBT40-MEGA20N-60,collet_chuck,BBT40,60,,35000,3
big_daishowa,BBT40-MEGA25N-75,collet_chuck,BBT40,75,,20000,3
big_daishowa,BBT50-MEGA6N-90,collet_chuck,BBT50,90,,20000,3
big_daishowa,C4-MEGA6N-75,collet_chuck,Capto-C4,75,,30000,3
big_daishowa,C5-MEGA6N-60,collet_chuck,Capto-C5,60,,35000,3
big_daishowa,C6-MEGA10N-60,collet_chuck,Capto-C6,60,,35000,3
big_daishowa,C8-MEGA13N-90,collet_chuck,Capto-C8,90,,20000,3
big_daishowa,BBT30-MEGA6E-60,collet_chuck,BBT30,60,,40000,3
big_daishowa,BBT30-MEGA13E-60,collet_chuck,BBT30,60,,40000,3
big_daishowa,BBT40-MEGA6E-60,collet_chuck,BBT40,60,,35000,3
big_daishowa,BBT40-MEGA13E-60,collet_chuck,BBT40,60,,30000,3
big_daishowa,HSK-A63-MEGA6E-75,collet_chuck,HSK-A63,75,,32000,3
big_daishowa,HSK-A63-MEGA13E-75,collet_chuck,HSK-A63,75,,28000,3
big_daishowa,C5-MEGA8E-55,collet_chuck,Capto-C5,55,,35000,3
big_daishowa,C6-MEGA13E-65,collet_chuck,Capto-C6,65,,30000,3
big_daishowa,BBT30-MEGAER16-60,collet_chuck,BBT30,60,,35000,3
big_daishowa,BBT40-MEGAER16-60,collet_chuck,BBT40,60,,35000,3
big_daishowa,BBT40-MEGAER32-75,collet_chuck,BBT40,75,,25000,3
big_daishowa,HSK-A63-MEGAER32-90,collet_chuck,HSK-A63,90,,25000,3
big_daishowa,BBT30-MEGA12DS-58,power_chuck,BBT30,58,,30000,3
big_daishowa,BBT30-MEGA20DS-65,power_chuck,BBT30,65,,25000,3
big_daishowa,BBT40-MEGA16DS-75A,power_chuck,BBT40,75,,30000,3
big_daishowa,BBT40-MEGA20DS-75A,power_chuck,BBT40,75,,30000,3
big_daishowa,BBT40-MEGA25DS-75A,power_chuck,BBT40,75,,27000,3
big_daishowa,BBT40-MEGA32DS-90A,power_chuck,BBT40,90,,26000,3
big_daishowa,BBT50-MEGA20DS-105,power_chuck,BBT50,105,,20000,3
big_daishowa,BBT50-MEGA32DS-105,power_chuck,BBT50,105,,20000,3
big_daishowa,BBT50-MEGA42DS-105,power_chuck,BBT50,105,,15000,3
big_daishowa,BBT50-MEGA50DS-120,power_chuck,BBT50,120,,13000,3
big_daishowa,HSK-A63-MEGA16DS-75,power_chuck,HSK-A63,75,,30000,3
big_daishowa,HSK-A63-MEGA20DS-75,power_chuck,HSK-A63,75,,30000,3
big_daishowa,HSK-A100-MEGA20DS-105,power_chuck,HSK-A100,105,,20000,3
big_daishowa,HSK-A100-MEGA32DS-105,power_chuck,HSK-A100,105,,20000,3
big_daishowa,C5-MEGA16DS-65A,power_chuck,Capto-C5,65,,30000,3
big_daishowa,C6-MEGA20DS-75A,power_chuck,Capto-C6,75,,30000,3
big_daishowa,BBT40-MEGA16DPG-75,milling_chuck,BBT40,75,,30000,3
big_daishowa,BBT40-MEGA20DPG-100,milling_chuck,BBT40,100,,30000,3
big_daishowa,BBT50-MEGA25DPG-105,milling_chuck,BBT50,105,,20000,3
big_daishowa,BBT50-MEGA32DPG-105,milling_chuck,BBT50,105,,20000,3
big_daishowa,HSK-A63-MEGA16DPG-90,milling_chuck,HSK-A63,90,,28000,3
big_daishowa,HSK-A63-MEGA20DPG-100,milling_chuck,HSK-A63,100,,25000,3
big_daishowa,HSK-A100-MEGA25DPG-105,milling_chuck,HSK-A100,105,,20000,3
big_daishowa,HSK-A100-MEGA32DPG-115,milling_chuck,HSK-A100,115,,18000,3
big_daishowa,BBT30-HMC16S-70,milling_chuck,BBT30,70,,30000,5
big_daishowa,BBT30-HMC25S-90,milling_chuck,BBT30,90,,25000,5
big_daishowa,BBT40-HMC20S-75,milling_chuck,BBT40,75,,30000,5
big_daishowa,BBT40-HMC25S-75,milling_chuck,BBT40,75,,28000,5
big_daishowa,BBT40-HMC32S-90,milling_chuck,BBT40,90,,26000,5
big_daishowa,BBT50-HMC20S-105,milling_chuck,BBT50,105,,20000,5
big_daishowa,BBT50-HMC32S-105,milling_chuck,BBT50,105,,20000,5
big_daishowa,HSK-A63-HMC20S-90,milling_chuck,HSK-A63,90,,30000,5
big_daishowa,HSK-A63-HMC25S-100,milling_chuck,HSK-A63,100,,28000,5
big_daishowa,HSK-A63-HMC32S-110,milling_chuck,HSK-A63,110,,25000,5
big_daishowa,HSK-A100-HMC20S-105,milling_chuck,HSK-A100,105,,20000,5
big_daishowa,HSK-A100-HMC32S-115,milling_chuck,HSK-A100,115,,20000,5
big_daishowa,HSK-A100-HMC42S-115,milling_chuck,HSK-A100,115,,18000,5
big_daishowa,BBT30-HDC3S-60,hydraulic,BBT30,60,,35000,3
big_daishowa,BBT30-HDC6S-60,hydraulic,BBT30,60,,35000,3
big_daishowa,BBT30-HDC12S-90,hydraulic,BBT30,90,,35000,3
big_daishowa,BBT40-HDC6S-110,hydraulic,BBT40,110,,30000,3
big_daishowa,BBT40-HDC10S-110,hydraulic,BBT40,110,,30000,3
big_daishowa,BBT40-HDC12S-110,hydraulic,BBT40,110,,30000,3
big_daishowa,BBT50-HDC6S-150,hydraulic,BBT50,150,,20000,3
big_daishowa,BBT50-HDC12S-150,hydraulic,BBT50,150,,20000,3
big_daishowa,HSK-A40-HDC6S-75,hydraulic,HSK-A40,75,,40000,3
big_daishowa,HSK-A40-HDC12S-80,hydraulic,HSK-A40,80,,35000,3
big_daishowa,HSK-A63-HDC6S-120,hydraulic,HSK-A63,120,,30000,3
big_daishowa,HSK-A63-HDC12S-120,hydraulic,HSK-A63,120,,30000,3
big_daishowa,HSK-A100-HDC6S-150,hydraulic,HSK-A100,150,,20000,3
big_daishowa,HSK-A100-HDC12S-150,hydraulic,HSK-A100,150,,20000,3
big_daishowa,BBT40-HDC.250-2.5,hydraulic,BBT40,63.5,,40000,3
big_daishowa,BBT40-HDC.500-2.5,hydraulic,BBT40,63.5,,40000,3
big_daishowa,BBT40-HDC.750-3,hydraulic,BBT40,76.2,,40000,3
big_daishowa,BBT40-HDC1.000-3,hydraulic,BBT40,76.2,,35000,3
big_daishowa,BBT40-HDC1.250-3.5,hydraulic,BBT40,88.9,,30000,3
big_daishowa,HSK-A63-HDC6J-90,hydraulic,HSK-A63,90,,30000,3
big_daishowa,HSK-A63-HDC12J-90,hydraulic,HSK-A63,90,,30000,3
big_daishowa,HSK-A63-HDC20J-120,hydraulic,HSK-A63,120,,25000,3
big_daishowa,HSK-A63-HDC32J-120,hydraulic,HSK-A63,120,,20000,3
big_daishowa,BCV40-SFC.250-3.5,shrink_fit,CAT40,88.9,,40000,3
big_daishowa,BCV40-SFC.500-3.5,shrink_fit,CAT40,88.9,,35000,3
big_daishowa,BCV40-SFC.750-4,shrink_fit,CAT40,101.6,,30000,3
big_daishowa,BCV40-SFC1.000-4,shrink_fit,CAT40,101.6,,25000,3
big_daishowa,BCV50-SFC.500-4,shrink_fit,CAT50,101.6,,20000,3
big_daishowa,BCV50-SFC1.000-4,shrink_fit,CAT50,101.6,,15000,3
big_daishowa,BCV50-SFC1.250-4,shrink_fit,CAT50,101.6,,12000,3
big_daishowa,BBT30-SRC6-75,shrink_fit,BBT30,75,,40000,3
big_daishowa,BBT30-SRC10-75,shrink_fit,BBT30,75,,35000,3
big_daishowa,BBT30-SRC12-75,shrink_fit,BBT30,75,,30000,3
big_daishowa,BBT40-SRC6-90,shrink_fit,BBT40,90,,35000,3
big_daishowa,BBT40-SRC10-90,shrink_fit,BBT40,90,,30000,3
big_daishowa,BBT40-SRC12-90,shrink_fit,BBT40,90,,28000,3
big_daishowa,BBT40-SRC16-90,shrink_fit,BBT40,90,,25000,3
big_daishowa,BBT40-SRC20-90,shrink_fit,BBT40,90,,22000,3
big_daishowa,BBT30-SFC.250-3,shrink_fit,BBT30,76.2,,40000,3
big_daishowa,BBT30-SFC.500-3,shrink_fit,BBT30,76.2,,35000,3
big_daishowa,BBT40-SFC.500-3.5,shrink_fit,BBT40,88.9,,30000,3
big_daishowa,BBT40-SFC.750-4,shrink_fit,BBT40,101.6,,25000,3
big_daishowa,BBT40-SFC1.000-4,shrink_fit,BBT40,101.6,,20000,3
big_daishowa,BBT30-SRC6S-105,shrink_fit,BBT30,105,,35000,3
big_daishowa,BBT30-SRC12S-105,shrink_fit,BBT30,105,,30000,3
big_daishowa,BBT40-SRC6S-120,shrink_fit,BBT40,120,,30000,3
big_daishowa,BBT40-SRC12S-120,shrink_fit,BBT40,120,,25000,3
big_daishowa,HSK-A63-SRC6-90,shrink_fit,HSK-A63,90,,30000,3
big_daishowa,HSK-A63-SRC10-90,shrink_fit,HSK-A63,90,,28000,3
big_daishowa,HSK-A63-SRC12-90,shrink_fit,HSK-A63,90,,25000,3
big_daishowa,HSK-A63-SRC16-90,shrink_fit,HSK-A63,90,,22000,3
big_daishowa,HSK-A63-SRC20-90,shrink_fit,HSK-A63,90,,20000,3
big_daishowa,HSK-A63-SRC6S-120,shrink_fit,HSK-A63,120,,28000,3
big_daishowa,HSK-A63-SRC12S-120,shrink_fit,HSK-A63,120,,22000,3
haimer,HAIMER-CAT40-shrink_fit-3.0,shrink_fit,CAT40,,10,,
haimer,HAIMER-CAT40-shrink_fit-4.0,shrink_fit,CAT40,,10,,
haimer,.12.4,shrink_fit,CAT40,160,32,,
haimer,.14.4,shrink_fit,CAT40,160,34,,
haimer,.16.4,shrink_fit,CAT40,160,34,,
haimer,.20.4,shrink_fit,CAT40,160,42,,
haimer,.25.4,shrink_fit,CAT40,160,53,,
haimer,HAIMER-CAT40-shrink_fit-32.0,shrink_fit,CAT40,,53,,
haimer,.06.47,shrink_fit,CAT40,80,27,,
haimer,.16.47,shrink_fit,CAT40,80,34,,
haimer,.20.47,shrink_fit,CAT40,80,42,,
haimer,.25.47,shrink_fit,CAT40,100,53,,
haimer,.32.47,shrink_fit,CAT40,100,53,,
haimer,7 .3/8z.37,shrink_fit,CAT40,160.02,44.45,,
haimer,.1/2z.37,shrink_fit,CAT40,160.02,44.45,,
haimer,.5/8z.37,shrink_fit,CAT40,160.02,44.45,,
haimer,.3/4z.37,shrink_fit,CAT40,160.02,44.45,,
haimer,.10.37,shrink_fit,CAT40,160,44.45,,
haimer,.1/8z.8,shrink_fit,CAT40,199.9,8.89,,
haimer,.3/16z.8,shrink_fit,CAT40,199.9,10.92,,
haimer,.3/8z.8,shrink_fit,CAT40,199.9,16,,
haimer,.1/2z.8,shrink_fit,CAT40,199.9,18.03,,
haimer,––,shrink_fit,CAT40,199.9,24.13,,
haimer,––,shrink_fit,CAT40,100.08,8.89,,
haimer,––,shrink_fit,CAT40,100.08,10.92,,
haimer,––,shrink_fit,CAT40,100.08,11.94,,
haimer,––,shrink_fit,CAT40,100.08,16,,
haimer,.0033,shrink_fit,CAT40,80.01,20.57,,
haimer,.03.8,shrink_fit,CAT40,200,9,,
haimer,.04.8,shrink_fit,CAT40,200,10,,
haimer,.05.8,shrink_fit,CAT40,200,11,,
haimer,.06.8,shrink_fit,CAT40,200,12,,
haimer,.08.8,shrink_fit,CAT40,200,14,,
haimer,.10.8,shrink_fit,CAT40,200,16,,
haimer,.12.8,shrink_fit,CAT40,200,18,,
haimer,––,shrink_fit,CAT40,200,24,,
haimer,.2.08,shrink_fit,CAT40,100,10,,
haimer,.2.09,shrink_fit,CAT40,100,12,,
haimer,.1/4Z.4,shrink_fit,CAT50,160.02,26.92,,
haimer,.5/16Z.4,shrink_fit,CAT50,160.02,26.92,,
haimer,.3/8Z.4,shrink_fit,CAT50,160.02,32,,
haimer,.5/8Z.4,shrink_fit,CAT50,160.02,34.04,,
haimer,.3/4Z.4,shrink_fit,CAT50,160.02,41.91,,
haimer,.7/8Z.4,shrink_fit,CAT50,160.02,41.91,,
haimer,.1Z.4,shrink_fit,CAT50,160.02,53.09,,
haimer,.06.4,shrink_fit,CAT50,160,27,,
haimer,.08.4,shrink_fit,CAT50,160,27,,
haimer,.10.4,shrink_fit,CAT50,160,32,,
haimer,.16.4,shrink_fit,CAT50,160,34,,
haimer,HAIMER-CAT50-shrink_fit-18.0,shrink_fit,CAT50,,42,,
haimer,.20.4,shrink_fit,CAT50,160,42,,
haimer,.25.4,shrink_fit,CAT50,160,53,,
haimer,.32.4,shrink_fit,CAT50,160,53,,
haimer,.3/8z.37,shrink_fit,CAT50,199.9,69.85,,
haimer,.1/2z.37,shrink_fit,CAT50,199.9,69.85,,
haimer,.5/8z.37,shrink_fit,CAT50,199.9,69.85,,
haimer,.3/4z.37,shrink_fit,CAT50,199.9,69.85,,
haimer,.1z.37,shrink_fit,CAT50,199.9,69.85,,
haimer,.06.37,shrink_fit,CAT50,200,69.85,,
haimer,.08.3,shrink_fit,CAT50,200,69.85,,
haimer,7 .10.37,shrink_fit,CAT50,200,69.85,,
haimer,.12.37,shrink_fit,CAT50,200,69.85,,
haimer,.14.37,shrink_fit,CAT50,200,69.85,,
haimer,.16.37,shrink_fit,CAT50,200,69.85,,
haimer,.18.37,shrink_fit,CAT50,200,69.85,,
haimer,.20.37,shrink_fit,CAT50,200,69.85,,
haimer,.25.37,shrink_fit,CAT50,200,69.85,,
haimer,.5/8z.67,shrink_fit,CAT50,80.01,51.05,,
haimer,.3/4z.67,shrink_fit,CAT50,85.09,67.06,,
haimer,.1z.67,shrink_fit,CAT50,89.92,62.99,,
haimer,.32.6.32.67,shrink_fit,CAT50,200,85,,
haimer,.40.6.40.67,shrink_fit,CAT50,200,94,,
haimer,.50.6.50.67,shrink_fit,CAT50,200,94,,
haimer,.3/4Z .,shrink_fit,CAT50,100.15,43.48,,
haimer,HAIMER-CAT40-shrink_fit-3.17,shrink_fit,CAT40,80.04,9.91,,
haimer,HAIMER-CAT40-shrink_fit-4.76,shrink_fit,CAT40,80.04,9.91,,
haimer,.5/8Z.4,shrink_fit,CAT40,80.01,34.04,,
haimer,.3/4Z.4,shrink_fit,CAT40,80.01,41.91,,
haimer,.7/8Z.4,shrink_fit,CAT40,80.01,41.91,,
haimer,.1Z.4,shrink_fit,CAT40,100.08,53.09,,
haimer,.1/4z.3—,shrink_fit,CAT40,65.02,22.1,,
haimer,.5/16z.3—,shrink_fit,CAT40,65.02,22.1,,
haimer,.3/8z.3—,shrink_fit,CAT40,65.02,26.42,,
haimer,.1/2z.3.1/2z.37,shrink_fit,CAT40,65.02,26.42,,
haimer,.5/8z.3.5/8z.37,shrink_fit,CAT40,65.02,29.46,,
haimer,.3/4z.3.3/4z.37,shrink_fit,CAT40,65.02,35.56,,
haimer,.1z.3.1z.37,shrink_fit,CAT40,74.93,45.47,,
haimer,.1/2Z.4,shrink_fit,CAT50,160.02,32,,
haimer,––,shrink_fit,CAT50,80.01,68.07,,
haimer,.3/4z.37,shrink_fit,CAT50,80.01,44.7,,
haimer,.1z.37,shrink_fit,CAT50,100.08,43.94,,
haimer,.1/8Z,shrink_fit,BT30,80.04,9.91,,
haimer,.5/16Z.4,shrink_fit,BT30,80.01,26.92,,
haimer,.3/8Z.4,shrink_fit,BT30,80.01,32,,
haimer,.7/16Z.4,shrink_fit,BT30,80.01,32,,
haimer,.1/2Z.4,shrink_fit,BT30,80.01,32,,
haimer,.5/8Z.4,shrink_fit,BT30,80.01,34.04,,
haimer,.3/4Z.4,shrink_fit,BT30,89.92,41.91,,
haimer,.06,shrink_fit,BT30,80,27,,
haimer,.08,shrink_fit,BT30,80,27,,
haimer,.10,shrink_fit,BT30,80,32,,
haimer,.12,shrink_fit,BT30,80,32,,
haimer,.14,shrink_fit,BT30,80,34,,
haimer,.16,shrink_fit,BT30,80,34,,
haimer,.18,shrink_fit,BT30,90,40.5,,
haimer,.20,shrink_fit,BT30,90,40.5,,
haimer,.1/8Z,shrink_fit,BT30,59.97,9.91,,
haimer,.5/16Z.4,shrink_fit,BT30,59.94,23.11,,
haimer,.3/8Z.4,shrink_fit,BT30,59.94,26.92,,
haimer,.7/16Z.4 .,shrink_fit,BT30,59.94,26.92,,
haimer,1/2Z.4,shrink_fit,BT30,59.94,26.92,,
haimer,.5/8Z.4,shrink_fit,BT30,65.02,29.97,,
haimer,.3/4Z.4,shrink_fit,BT30,69.85,35.31,,
haimer,.03.8,shrink_fit,BT30,120,6,,
haimer,.04.8,shrink_fit,BT30,120,7,,
haimer,.06.8,shrink_fit,BT30,120,9,,
haimer,.16.KKB,shrink_fit,BT30,35,36,,
haimer,.22.KKB,shrink_fit,BT30,35,42,,
haimer,.27.KKB,shrink_fit,BT30,35,42,,
haimer,HAIMER-BT40-shrink_fit-3.17,shrink_fit,BT40,,9.91,,
haimer,HAIMER-BT40-shrink_fit-4.76,shrink_fit,BT40,,9.91,,
haimer,.5/8Z.4,shrink_fit,BT40,160.02,34.04,,
haimer,.3/4Z.4,shrink_fit,BT40,160.02,41.91,,
haimer,.7/8Z.4,shrink_fit,BT40,160.02,41.91,,
haimer,.1Z.4,shrink_fit,BT40,160.02,53.09,,
haimer,.5/8Z.47,shrink_fit,BT40,89.97,34.04,,
haimer,.3/4Z.47,shrink_fit,BT40,89.97,41.91,,
haimer,.1Z.47,shrink_fit,BT40,100.13,53.09,,
haimer,.12,shrink_fit,BT40,200,32,,
haimer,.14,shrink_fit,BT40,200,34,,
haimer,.16,shrink_fit,BT40,200,34,,
haimer,.18,shrink_fit,BT40,200,42,,
haimer,.20,shrink_fit,BT40,200,42,,
haimer,.25,shrink_fit,BT40,200,53,,
haimer,HAIMER-BT40-shrink_fit-32.0,shrink_fit,BT40,,53,,
haimer,.12.2,shrink_fit,BT40,90,32,,
haimer,.14.2,shrink_fit,BT40,90,34,,
haimer,.16.2,shrink_fit,BT40,90,34,,
haimer,.20.2,shrink_fit,BT40,90,42,,
haimer,.25.2,shrink_fit,BT40,100,53,,
haimer,.16.7,shrink_fit,BT40,,34,,
haimer,.18.7,shrink_fit,BT40,,42,,
haimer,.20.7,shrink_fit,BT40,,42,,
haimer,.25.7,shrink_fit,BT40,,53,,
haimer,.1/4z.37,shrink_fit,BT40,70.1,22.1,,
haimer,7 .1/2z.37,shrink_fit,BT40,70.1,26.42,,
haimer,.5/8z.37,shrink_fit,BT40,74.93,29.46,,
haimer,.3/4z.37,shrink_fit,BT40,74.93,35.31,,
haimer,.1z.37,shrink_fit,BT40,85.09,45.47,,
haimer,.06.3.06.37,shrink_fit,BT40,160,50,,
haimer,.08.3.08.37,shrink_fit,BT40,160,50,,
haimer,2.3 .14.32.37 .14.37,shrink_fit,BT40,160,50,,
haimer,.16.3.16.37,shrink_fit,BT40,160,50,,
haimer,.18.3.18.37,shrink_fit,BT40,160,50,,
haimer,.20.3.20.37,shrink_fit,BT40,160,50,,
haimer,.03.8,shrink_fit,BT40,200,9,,
haimer,.04.8,shrink_fit,BT40,200,10,,
haimer,.05.8,shrink_fit,BT40,200,11,,
haimer,.06.8,shrink_fit,BT40,200,12,,
haimer,.08.8,shrink_fit,BT40,200,14,,
haimer,.10.8,shrink_fit,BT40,200,16,,
haimer,HAIMER-BT40-shrink_fit-16.0,shrink_fit,BT40,1.38,36,,
haimer,.22.KKB,shrink_fit,BT40,1.97,48,,
haimer,.27.KKB,shrink_fit,BT40,2.36,59,,
haimer,HAIMER-BT40-shrink_fit-40.0,shrink_fit,BT40,,87,,
haimer,.06,shrink_fit,BT50,200,27,,
haimer,.08,shrink_fit,BT50,200,27,,
haimer,.10,shrink_fit,BT50,200,32,,
haimer,.12,shrink_fit,BT50,200,32,,
haimer,.14,shrink_fit,BT50,200,34,,
haimer,.16,shrink_fit,BT50,200,34,,
haimer,.18,shrink_fit,BT50,200,42,,
haimer,.20,shrink_fit,BT50,200,42,,
haimer,.25,shrink_fit,BT50,200,53,,
haimer,.32,shrink_fit,BT50,200,53,,
haimer,.1/2z.3.1/2z.37,shrink_fit,BT50,100.08,55.12,,
haimer,.5/8z.3.5/8z.37,shrink_fit,BT50,100.08,33.27,,
haimer,.3/4z.3.3/4z.37,shrink_fit,BT50,100.08,44.7,,
haimer,.1z.3.1z.37,shrink_fit,BT50,100.08,44.7,,
haimer,12.37,shrink_fit,BT50,0,7,,
haimer,.40.6.40.67,shrink_fit,BT50,200,94,,
haimer,.50.6.50.67,shrink_fit,BT50,200,94,,
haimer,.22.KKB .,shrink_fit,BT50,100,48,,
haimer,27.KKB,shrink_fit,BT50,100,60,,
haimer,.32.KKB,shrink_fit,BT50,100,78,,
haimer,HAIMER-BT50-shrink_fit-40.0,shrink_fit,BT50,,89,,
haimer,.5/16Z.4,shrink_fit,BT30,59.99,21.08,,
haimer,.3/8Z.4,shrink_fit,BT30,59.99,24.13,,
haimer,.7/16Z.4,shrink_fit,BT30,59.99,24.13,,
haimer,.1/2Z.4,shrink_fit,BT30,59.99,24.13,,
haimer,.5/8Z.4,shrink_fit,BT30,65.07,26.92,,
haimer,.3/4Z.4,shrink_fit,BT30,70.15,40.39,,
haimer,.03,shrink_fit,BT30,,10,,
haimer,.04,shrink_fit,BT30,,10,,
haimer,.05,shrink_fit,BT30,,10,,
haimer,.06,shrink_fit,BT30,,27,,
haimer,.08,shrink_fit,BT30,,27,,
haimer,.10,shrink_fit,BT30,,32,,
haimer,.12,shrink_fit,BT30,,32,,
haimer,.14,shrink_fit,BT30,,34,,
haimer,.16,shrink_fit,BT30,,34,,
haimer,.20,shrink_fit,BT30,,40.5,,
haimer,.1/4Z.4,shrink_fit,BT40,160.02,26.92,,
haimer,.5/16Z.4,shrink_fit,BT40,160.02,26.92,,
haimer,.3/8Z.4,shrink_fit,BT40,160.02,32,,
haimer,.7/16Z.4,shrink_fit,BT40,160.02,32,,
haimer,.1/2Z.4,shrink_fit,BT40,160.02,32,,
haimer,HAIMER-BT40-shrink_fit-3.0,shrink_fit,BT40,,10,,
haimer,.06,shrink_fit,BT40,,27,,
haimer,.08,shrink_fit,BT40,,27,,
haimer,.10,shrink_fit,BT40,,32,,
haimer,.12,shrink_fit,BT40,,32,,
haimer,.14,shrink_fit,BT40,,34,,
haimer,––,shrink_fit,BT40,70.1,22.1,,
haimer,.04.8,shrink_fit,BT40,,10,,
haimer,.05.8,shrink_fit,BT40,,11,,
haimer,.1/4Z.4,shrink_fit,BT50,100.08,26.92,,
haimer,.5/16Z.,shrink_fit,BT50,100.08,26.92,,
haimer,4 .3/8Z.4,shrink_fit,BT50,100.08,32,,
haimer,––,shrink_fit,BT50,100.08,55.12,,
haimer,.1z.67,shrink_fit,BT50,104.9,72.14,,
haimer,.03,shrink_fit,SK30,,10,,
haimer,.04,shrink_fit,SK30,,10,,
haimer,.05,shrink_fit,SK30,,10,,
haimer,.06,shrink_fit,SK30,,27,,
haimer,.08,shrink_fit,SK30,,27,,
haimer,.10,shrink_fit,SK30,,32,,
haimer,.12,shrink_fit,SK30,,32,,
haimer,.16,shrink_fit,SK30,,34,,
haimer,.20,shrink_fit,SK30,,40.5,,
haimer,.08,shrink_fit,SK40,,27,,
haimer,.10,shrink_fit,SK40,,32,,
haimer,.12,shrink_fit,SK40,,32,,
haimer,.14,shrink_fit,SK40,,34,,
haimer,.16,shrink_fit,SK40,,34,,
haimer,.18,shrink_fit,SK40,,42,,
haimer,.20,shrink_fit,SK40,,42,,
haimer,.25,shrink_fit,SK40,,53,,
haimer,HAIMER-SK40-shrink_fit-32.0,shrink_fit,SK40,,53,,
haimer,.03,shrink_fit,SK40,,10,,
haimer,5 .06.2,shrink_fit,SK40,,27,,
haimer,.04.10,shrink_fit,SK40,,9,,
haimer,.05.10,shrink_fit,SK40,,9,,
haimer,.03,shrink_fit,SK40,120,9,,
haimer,.04,shrink_fit,SK40,120,10,,
haimer,.05,shrink_fit,SK40,120,11,,
haimer,.06,shrink_fit,SK40,120,12,,
haimer,.08,shrink_fit,SK40,120,14,,
haimer,.10,shrink_fit,SK40,120,16,,
haimer,.12,shrink_fit,SK40,120,18,,
haimer,.16,shrink_fit,SK40,120,22,,
haimer,.06,weldon,SK40,,25,,
haimer,.08,weldon,SK40,,28,,
haimer,.10,weldon,SK40,,35,,
haimer,.12,weldon,SK40,,42,,
haimer,.14,weldon,SK40,,42,,
haimer,.16,weldon,SK40,,48,,
haimer,.18,weldon,SK40,,48,,
haimer,.20,weldon,SK40,,52,,
haimer,.25,weldon,SK40,,65,,
haimer,HAIMER-SK40-weldon-32.0,weldon,SK40,,72,,
haimer,22.KKB,weldon,SK40,,48,,
haimer,.27.KKB,weldon,SK40,,60,,
haimer,.40.6,shrink_fit,SK40,,94,,
haimer,.50.6,shrink_fit,SK40,,94,,
haimer,.06,weldon,SK50,,25,,
haimer,.08 .,weldon,SK50,,28,,
haimer,.14,weldon,SK50,,42,,
haimer,.16,weldon,SK50,,48,,
haimer,.18,weldon,SK50,,48,,
haimer,.20,weldon,SK50,,52,,
haimer,HAIMER-SK50-weldon-25.0,weldon,SK50,,65,,
haimer,HAIMER-SK50-weldon-32.0,weldon,SK50,,72,,
haimer,HAIMER-SK50-weldon-40.0,weldon,SK50,,78,,
haimer,.10.2,weldon,SK50,,35,,
haimer,.12.2 .,weldon,SK50,,42,,
haimer,.22.KKB,weldon,SK50,,48,,
haimer,.27.KKB,weldon,SK50,,60,,
haimer,HAIMER-SK50-weldon-50.0,weldon,SK50,,120,,
haimer,.03,shrink_fit,HSK-A125,,10,,
haimer,.04,shrink_fit,HSK-A125,,10,,
haimer,.05,shrink_fit,HSK-A125,,10,,
haimer,.06,shrink_fit,HSK-A125,,27,,
haimer,.08,shrink_fit,HSK-A125,,27,,
haimer,.10,shrink_fit,HSK-A125,,32,,
haimer,.1/8Z,shrink_fit,HSK-A125,59.97,9.91,,
haimer,.3/16Z,shrink_fit,HSK-A125,59.97,9.91,,
haimer,.1/4Z,shrink_fit,HSK-A125,80.01,26.92,,
haimer,.3/8Z,shrink_fit,HSK-A125,80.01,32,,
haimer,.7/16Z,shrink_fit,HSK-A125,80.01,32,,
haimer,.1/2Z,shrink_fit,HSK-A125,89.92,32,,
haimer,.5/8Z,shrink_fit,HSK-A125,89.92,33.02,,
haimer,.12,shrink_fit,HSK-A125,,32,,
haimer,HAIMER-HSK-A125-shrink_fit-14.0,shrink_fit,HSK-A125,,34,,
haimer,HAIMER-HSK-A125-shrink_fit-16.0,shrink_fit,HSK-A125,,34,,
haimer,.22.KKB,shrink_fit,HSK-A125,,48,,
haimer,—,shrink_fit,HSK-A125,,60,,
haimer,—,shrink_fit,HSK-A125,,78,,
haimer,.3/8Z.4,shrink_fit,HSK-A125,160.02,32,,
haimer,.7/16Z.4,shrink_fit,HSK-A125,160.02,32,,
haimer,.1/2Z.4,shrink_fit,HSK-A125,160.02,32,,
haimer,.5/8Z.4,shrink_fit,HSK-A125,160.02,34.04,,
haimer,.3/4Z.4,shrink_fit,HSK-A125,160.02,41.91,,
haimer,.1Z.4,shrink_fit,HSK-A125,160.02,53.09,,
haimer,.3/8Z.47,shrink_fit,HSK-A125,85.14,32,,
haimer,.1/2Z.47,shrink_fit,HSK-A125,89.97,32,,
haimer,.5/8Z.47,shrink_fit,HSK-A125,95.05,34.04,,
haimer,.3/4Z.47,shrink_fit,HSK-A125,100.13,41.91,,
haimer,.1Z.47,shrink_fit,HSK-A125,115.11,53.09,,
haimer,HAIMER-HSK-A125-shrink_fit-30.0,shrink_fit,HSK-A125,,101,,
haimer,.18,shrink_fit,HSK-A125,,42,,
haimer,.20,shrink_fit,HSK-A125,,42,,
haimer,.25,shrink_fit,HSK-A125,,53,,
haimer,.06.37,shrink_fit,HSK-A125,160,53,,
haimer,.08.37,shrink_fit,HSK-A125,160,53,,
haimer,12.37,shrink_fit,HSK-A125,60,4,,
haimer,.14.3,shrink_fit,HSK-A125,160,53,,
haimer,7 .16.37,shrink_fit,HSK-A125,160,53,,
haimer,.18.37,shrink_fit,HSK-A125,160,53,,
haimer,.20.37,shrink_fit,HSK-A125,160,53,,
haimer,.25.37,shrink_fit,HSK-A125,160,53,,
haimer,.32.37,shrink_fit,HSK-A125,160,53,,
haimer,.5/8z.67,shrink_fit,HSK-A125,85.09,45.97,,
haimer,.3/4z.67,shrink_fit,HSK-A125,85.09,45.97,,
haimer,.16.67,shrink_fit,HSK-A125,85,46,,
haimer,.20.67,shrink_fit,HSK-A125,85,46,,
haimer,.03,shrink_fit,HSK-A125,120,,,
haimer,.04,shrink_fit,HSK-A125,120,,,
haimer,.05,shrink_fit,HSK-A125,120,,,
haimer,.06,shrink_fit,HSK-A125,120,,,
haimer,.08,shrink_fit,HSK-A125,120,,,
haimer,.10,shrink_fit,HSK-A125,120,,,
haimer,.12,shrink_fit,HSK-A125,120,,,
haimer,HAIMER-HSK-A63-shrink_fit-3.0,shrink_fit,HSK-A63,160,9,,
haimer,HAIMER-HSK-A63-shrink_fit-4.0,shrink_fit,HSK-A63,160,10,,
haimer,HAIMER-HSK-A63-shrink_fit-5.0,shrink_fit,HSK-A63,160,11,,
haimer,HAIMER-HSK-A63-shrink_fit-6.0,shrink_fit,HSK-A63,160,12,,
haimer,HAIMER-HSK-A63-shrink_fit-8.0,shrink_fit,HSK-A63,160,14,,
haimer,HAIMER-HSK-A63-shrink_fit-10.0,shrink_fit,HSK-A63,160,16,,
haimer,HAIMER-HSK-A63-shrink_fit-12.0,shrink_fit,HSK-A63,160,18,,
haimer,HAIMER-HSK-A63-shrink_fit-16.0,shrink_fit,HSK-A63,160,24,,
haimer,.3/4Z,shrink_fit,HSK-A63,160.02,42.42,,
haimer,.1Z,shrink_fit,HSK-A63,160.02,42.42,,
haimer,HAIMER-HSK-A63-shrink_fit-16.0,shrink_fit,HSK-A63,,36,,
haimer,.22.KKB,shrink_fit,HSK-A63,,48,,
haimer,.27.KKB,shrink_fit,HSK-A63,,60,,
haimer,.32.KKB,shrink_fit,HSK-A63,,78,,
haimer,HAIMER-HSK-A63-shrink_fit-40.0,shrink_fit,HSK-A63,,87,,
haimer,HAIMER-HSK-A63-shrink_fit-6.35,shrink_fit,HSK-A63,,26.92,,
haimer,HAIMER-HSK-A63-shrink_fit-7.94,shrink_fit,HSK-A63,,26.92,,
haimer,HAIMER-HSK-A63-shrink_fit-9.52,shrink_fit,HSK-A63,,32,,
haimer,HAIMER-HSK-A63-shrink_fit-12.7,shrink_fit,HSK-A63,,32,,
haimer,HAIMER-HSK-A63-shrink_fit-15.88,shrink_fit,HSK-A63,,34.04,,
haimer,HAIMER-HSK-A63-shrink_fit-6.0,shrink_fit,HSK-A63,,27,,
haimer,HAIMER-HSK-A63-shrink_fit-8.0,shrink_fit,HSK-A63,,27,,
haimer,HAIMER-HSK-A63-shrink_fit-10.0,shrink_fit,HSK-A63,,32,,
haimer,HAIMER-HSK-A63-shrink_fit-12.0,shrink_fit,HSK-A63,,32,,
haimer,HAIMER-HSK-A63-shrink_fit-14.0,shrink_fit,HSK-A63,,34,,
haimer,HAIMER-HSK-A63-shrink_fit-18.0,shrink_fit,HSK-A63,,42,,
haimer,HAIMER-HSK-A63-shrink_fit-20.0,shrink_fit,HSK-A63,,35.5,,
haimer,.25.3,shrink_fit,HSK-A63,,45,,
haimer,.1/8z.8.i,shrink_fit,HSK-A63,,8.89,,
haimer,.03.8,shrink_fit,HSK-A63,,9,,
haimer,.04.8,shrink_fit,HSK-A63,,10,,
haimer,.05.8,shrink_fit,HSK-A63,,11,,
haimer,.1z.i,shrink_fit,HSK-A63,,55.12,,
haimer,22,shrink_fit,HSK-A63,,8,,
haimer,.1/4Z.4,shrink_fit,HSK-A63,199.9,26.92,,
haimer,4 —,shrink_fit,HSK-A63,,32,,
haimer,.1/2Z.4,shrink_fit,HSK-A63,199.9,32,,
haimer,.5/8Z.4,shrink_fit,HSK-A63,199.9,34.04,,
haimer,.3/4Z.4,shrink_fit,HSK-A63,199.9,41.91,,
haimer,.1Z.4,shrink_fit,HSK-A63,199.9,53.09,,
haimer,.06,shrink_fit,HSK-A63,200,27,,
haimer,0 .12,shrink_fit,HSK-A63,200,32,,
haimer,.14,shrink_fit,HSK-A63,200,34,,
haimer,.16,shrink_fit,HSK-A63,200,34,,
haimer,.18,shrink_fit,HSK-A63,200,42,,
haimer,.20,shrink_fit,HSK-A63,200,42,,
haimer,.25,shrink_fit,HSK-A63,200,53,,
haimer,.32,shrink_fit,HSK-A63,200,53,,
haimer,.5/16z.37,shrink_fit,HSK-A63,199.9,83.06,,
haimer,.3/8z.37,shrink_fit,HSK-A63,199.9,83.06,,
haimer,.10.37,shrink_fit,HSK-A63,200,83,,
haimer,.40.6.40.67,shrink_fit,HSK-A63,200,94,,
haimer,.50.6.50.67,shrink_fit,HSK-A63,200,94,,
haimer,.16.67,shrink_fit,HSK-A63,100,46,,
haimer,.20.671),shrink_fit,HSK-A63,100,46,,
haimer,.22.KKB,shrink_fit,HSK-A63,160,48,,
haimer,.27.KKB,shrink_fit,HSK-A63,160,60,,
haimer,.32.KKB,shrink_fit,HSK-A63,160,78,,
haimer,.40.KKB,shrink_fit,HSK-A63,160,87,,
haimer,.1Z.67.I,shrink_fit,HSK-A63,228.6,108.97,,
haimer,HAIMER-HSK-A63-shrink_fit-5.0,shrink_fit,HSK-A63,0,9,,
haimer,HAIMER-HSK-A63-shrink_fit-19.05,shrink_fit,HSK-A63,,43.43,,
haimer,.03,shrink_fit,HSK-A63,45,9,,
haimer,.04,shrink_fit,HSK-A63,45,10,,
haimer,.05,shrink_fit,HSK-A63,45,11,,
haimer,.06.V2,shrink_fit,HSK-A63,45,12,,
haimer,.06.V3,shrink_fit,HSK-A63,50,12,,
haimer,.08,shrink_fit,HSK-A63,50,14,,
haimer,.10.V2,shrink_fit,HSK-A63,50,18,,
haimer,.10.V3,shrink_fit,HSK-A63,55,18,,
haimer,.12,shrink_fit,HSK-A63,50,20,,
haimer,.1/8Z,shrink_fit,HSK-A63,59.97,9.91,,
haimer,.3/16Z,shrink_fit,HSK-A63,59.97,9.91,,
haimer,.1/4Z,shrink_fit,HSK-A63,70.1,21.08,,
haimer,.3/8Z,shrink_fit,HSK-A63,80.01,23.88,,
haimer,03,shrink_fit,HSK-A63,80,9,,
haimer,.04,shrink_fit,HSK-A63,80,10,,
haimer,.05,shrink_fit,HSK-A63,80,11,,
haimer,.06,shrink_fit,HSK-A63,80,12,,
haimer,.08,shrink_fit,HSK-A63,80,14,,
haimer,.10,shrink_fit,HSK-A63,80,16,,
haimer,.12,shrink_fit,HSK-A63,80,18,,
haimer,.1/4Z,shrink_fit,HSK-A63,80.01,26.92,,
haimer,.5/16Z,shrink_fit,HSK-A63,80.01,26.92,,
haimer,.1/2Z,shrink_fit,HSK-A63,89.92,32,,
haimer,.5/8Z,shrink_fit,HSK-A63,89.92,34.04,,
haimer,.03,shrink_fit,HSK-A63,2.76,9,,
haimer,.04,shrink_fit,HSK-A63,2.76,10,,
haimer,.05,shrink_fit,HSK-A63,2.76,11,,
haimer,.06,shrink_fit,HSK-A63,2.76,12,,
haimer,.08,shrink_fit,HSK-A63,2.76,14,,
haimer,—,shrink_fit,HSK-A63,,9.91,,
haimer,.1/4Z,shrink_fit,HSK-A63,130.05,26.92,,
haimer,.5/16Z,shrink_fit,HSK-A63,130.05,26.92,,
haimer,.3/8Z,shrink_fit,HSK-A63,130.05,32,,
haimer,.7/16Z,shrink_fit,HSK-A63,130.05,32,,
haimer,.1/2Z,shrink_fit,HSK-A63,130.05,32,,
haimer,.5/8Z,shrink_fit,HSK-A63,130.05,34.04,,
haimer,.3/4Z,shrink_fit,HSK-A63,130.05,41.91,,
haimer,–.1/8Z,shrink_fit,HSK-A63,100.08,8.89,,
haimer,.3/16Z.3/16Z,shrink_fit,HSK-A63,100.08,10.92,,
haimer,.1/4Z.1/4Z,shrink_fit,HSK-A63,100.08,11.94,,
haimer,.3/8Z.3/8Z,shrink_fit,HSK-A63,100.08,16,,
haimer,.1/2Z.1/2Z,shrink_fit,HSK-A63,100.08,18.03,,
haimer,.10,shrink_fit,HSK-A63,48,16,,
haimer,.12,shrink_fit,HSK-A63,48,18,,
haimer,.1/4z,shrink_fit,HSK-A63,76.2,27,,
haimer,1) .5/16z1),shrink_fit,HSK-A63,76.2,27,,
haimer,.3/8z,shrink_fit,HSK-A63,76.2,30.99,,
haimer,.7/16z,shrink_fit,HSK-A63,76.2,32,,
haimer,.1/2z,shrink_fit,HSK-A63,76.2,33.02,,
haimer,.5/8z,shrink_fit,HSK-A63,76.2,35.99,,
haimer,.3/4z,shrink_fit,HSK-A63,76.2,41,,
haimer,.1z,shrink_fit,HSK-A63,76.2,51.99,,
haimer,.1z.5.i,shrink_fit,HSK-A63,69.85,46,,
haimer,HAIMER-HSK-A63-shrink_fit-19.05,shrink_fit,HSK-A63,1.9,43.43,,
haimer,HAIMER-HSK-A63-shrink_fit-25.4,shrink_fit,HSK-A63,2.54,54.99,,
haimer,.1/4Z.4,shrink_fit,PSC,130.05,26.92,,
haimer,HAIMER-PSC-shrink_fit-7.94,shrink_fit,PSC,,26.92,,
haimer,.1/2Z,shrink_fit,PSC,130.05,32,,
haimer,.4 .5/8Z.4,shrink_fit,PSC,130.05,34.04,,
haimer,.3/4Z.4,shrink_fit,PSC,130.05,41.91,,
haimer,HAIMER-PSC-shrink_fit-22.22,shrink_fit,PSC,,41.91,,
haimer,.1Z.4,shrink_fit,PSC,130.05,53.09,,
haimer,HAIMER-PSC-shrink_fit-3.0,shrink_fit,PSC,,10,,
haimer,HAIMER-PSC-shrink_fit-4.0,shrink_fit,PSC,,10,,
haimer,HAIMER-PSC-shrink_fit-5.0,shrink_fit,PSC,,10,,
haimer,.06,shrink_fit,PSC,160,27,,
haimer,.12,shrink_fit,PSC,160,32,,
haimer,.14,shrink_fit,PSC,160,34,,
haimer,.16,shrink_fit,PSC,160,34,,
haimer,.18,shrink_fit,PSC,160,42,,
haimer,.20,shrink_fit,PSC,160,42,,
haimer,.25,shrink_fit,PSC,160,53,,
haimer,32,shrink_fit,PSC,160,53,,
haimer,.06.3—,shrink_fit,PSC,130,53,,
haimer,.16.3.16.37,shrink_fit,PSC,130,53,,
haimer,.20.3.20.37,shrink_fit,PSC,130,53,,
haimer,.11.71),ER,PSC,160.02,,,
haimer,.16.71),ER,PSC,160.02,,,
haimer,.06,weldon,PSC,55,25,,
haimer,.08,weldon,PSC,55,28,,
haimer,.10,weldon,PSC,60,35,,
haimer,.12,weldon,PSC,60,42,,
haimer,.14,weldon,PSC,60,44,,
haimer,.16,weldon,PSC,65,48,,
haimer,.18,weldon,PSC,65,50,,
haimer,.20,weldon,PSC,65,52,,
haimer,.25,weldon,PSC,80,64,,
haimer,.32,weldon,PSC,90,72,,
haimer,.40,weldon,PSC,100,80,,
haimer,.16.KKB,weldon,PSC,40,36,,
haimer,.22.KKB,weldon,PSC,25,48,,
haimer,.27.KKB,weldon,PSC,25,60,,
haimer,.32.KKB,weldon,PSC,25,63,,
haimer,.40.KKB,weldon,PSC,40,70,,
guhring,GUH-4216-CAT40-6.35,hydraulic,CAT40,37,26,,
guhring,GUH-4216-CAT40-12.7,hydraulic,CAT40,46,32,,
guhring,GUH-4216-CAT40-19.05,hydraulic,CAT40,49,40,,
guhring,GUH-4216-CAT40-31.75,hydraulic,CAT40,61,63,,
guhring,GUH-4216-CAT50-6.35,hydraulic,CAT50,37,26,,
guhring,GUH-4216-CAT50-9.525,hydraulic,CAT50,41,30,,
guhring,GUH-4216-CAT50-12.7,hydraulic,CAT50,46,32,,
guhring,GUH-4216-CAT50-15.875,hydraulic,CAT50,49,38,,
guhring,GUH-4216-CAT50-31.75,hydraulic,CAT50,61,63,,
guhring,GUH-4764-CAT40-6.35,hydraulic,CAT40,36,21,,
guhring,GUH-4764-CAT40-12.7,hydraulic,CAT40,46,24,,
guhring,GUH-4764-CAT40-19.05,hydraulic,CAT40,49,33,,
guhring,GUH-4764-CAT40-31.75,hydraulic,CAT40,61,44,,
guhring,GUH-4764-CAT50-6.35,hydraulic,CAT50,36,21,,
guhring,GUH-4764-CAT50-9.525,hydraulic,CAT50,41,24,,
guhring,GUH-4764-CAT50-12.7,hydraulic,CAT50,46,24,,
guhring,GUH-4764-CAT50-15.875,hydraulic,CAT50,49,27,,
guhring,GUH-4764-CAT50-19.05,hydraulic,CAT50,49,33,,
guhring,GUH-4764-CAT50-25.4,hydraulic,CAT50,57,44,,
guhring,GUH-4764-CAT50-31.75,hydraulic,CAT50,61,44,,
guhring,GUH-4765-CAT50-9.525,hydraulic,CAT50,41,24,,
guhring,GUH-4765-CAT50-12.7,hydraulic,CAT50,46,24,,
guhring,GUH-4765-CAT50-25.4,hydraulic,CAT50,57,44,,