{
  "version": "2.0.0",
  "lastUpdated": "2026-01-20",
  "lastSession": "0.SETUP.1b",
  "description": "Dynamic cascade queue supporting extractions, creations, and enhancements",
  "queue": [],
  "completed": [],
  "workTypes": {
    "EXTRACTION": "Extracting existing module from v8.89.002",
    "CREATION": "Creating new module (fusion, innovation)",
    "ENHANCEMENT": "Enhancing existing module with new capabilities",
    "CASCADE": "Adding dependency to lower layer",
    "WIRING": "Connecting module to consumers/use cases"
  },
  "statistics": {
    "totalCreated": 0,
    "totalCompleted": 0,
    "byType": {
      "EXTRACTION": 0,
      "CREATION": 0,
      "ENHANCEMENT": 0,
      "CASCADE": 0,
      "WIRING": 0
    }
  }
}