{
  "version": "1.0.0",
  "lastUpdated": "2026-01-20",
  "lastSession": "0.SETUP.1b",
  "description": "Tracks all innovations, fusions, and enhancements beyond source extraction",
  "categories": {
    "FUSION_ALGORITHMS": {
      "description": "Cross-domain algorithm combinations never done before",
      "items": []
    },
    "NEW_ENGINES": {
      "description": "Completely new engines not in source",
      "items": []
    },
    "ENHANCED_MODULES": {
      "description": "Existing modules significantly enhanced",
      "items": []
    },
    "NEW_DATABASES": {
      "description": "New data sources created",
      "items": []
    },
    "PATENT_CANDIDATES": {
      "description": "Innovations worthy of patent consideration",
      "items": []
    }
  },
  "template": {
    "id": "INN-XXX",
    "name": "",
    "category": "",
    "session": "",
    "date": "",
    "description": "",
    "domains": [],
    "novelty": "",
    "implementation": "",
    "status": "PROPOSED|IN_PROGRESS|COMPLETE|VALIDATED"
  }
}