{
  "version": "1.1.0",
  "lastUpdated": "2026-01-20",
  "lastSession": "0.SETUP.1.1",
  "sourceVersion": "v8.89.002",
  "sourceLines": 986621,
  "summary": {
    "baselineModules": 831,
    "addedModules": 0,
    "totalModules": 831,
    "extracted": 0,
    "migrated": 0,
    "wired": 0,
    "enhanced": 0,
    "percentComplete": 0
  },
  "openForAdditions": true,
  "additionHistory": [],
  "categories": {
    "databases": {
      "baseline": 62,
      "added": 0,
      "total": 62,
      "extracted": 0,
      "migrated": 0,
      "subcategories": {
        "materials": {
          "baseline": 6,
          "added": 0,
          "total": 6
        },
        "machines": {
          "baseline": 7,
          "added": 0,
          "total": 7
        },
        "tools": {
          "baseline": 7,
          "added": 0,
          "total": 7
        },
        "workholding": {
          "baseline": 10,
          "added": 0,
          "total": 10
        },
        "post_processors": {
          "baseline": 7,
          "added": 0,
          "total": 7
        },
        "process": {
          "baseline": 6,
          "added": 0,
          "total": 6
        },
        "business": {
          "baseline": 4,
          "added": 0,
          "total": 4
        },
        "ai_ml": {
          "baseline": 3,
          "added": 0,
          "total": 3
        },
        "cad_cam": {
          "baseline": 3,
          "added": 0,
          "total": 3
        },
        "manufacturers": {
          "baseline": 3,
          "added": 0,
          "total": 3
        },
        "infrastructure": {
          "baseline": 6,
          "added": 0,
          "total": 6
        }
      }
    },
    "engines": {
      "baseline": 213,
      "added": 0,
      "total": 213,
      "extracted": 0,
      "migrated": 0,
      "subcategories": {
        "cad": {
          "baseline": 25,
          "added": 0,
          "total": 25
        },
        "cam": {
          "baseline": 20,
          "added": 0,
          "total": 20
        },
        "physics": {
          "baseline": 42,
          "added": 0,
          "total": 42
        },
        "ai_ml": {
          "baseline": 74,
          "added": 0,
          "total": 74
        },
        "optimization": {
          "baseline": 44,
          "added": 0,
          "total": 44
        },
        "signal": {
          "baseline": 14,
          "added": 0,
          "total": 14
        },
        "post_processor": {
          "baseline": 25,
          "added": 0,
          "total": 25
        },
        "collision": {
          "baseline": 15,
          "added": 0,
          "total": 15
        }
      }
    },
    "knowledge_bases": {
      "baseline": 14,
      "added": 0,
      "total": 14
    },
    "systems": {
      "baseline": 31,
      "added": 0,
      "total": 31
    },
    "learning": {
      "baseline": 30,
      "added": 0,
      "total": 30
    },
    "business": {
      "baseline": 22,
      "added": 0,
      "total": 22
    },
    "ui": {
      "baseline": 16,
      "added": 0,
      "total": 16
    },
    "lookups": {
      "baseline": 20,
      "added": 0,
      "total": 20
    },
    "manufacturers": {
      "baseline": 44,
      "added": 0,
      "total": 44
    },
    "phase_modules": {
      "baseline": 46,
      "added": 0,
      "total": 46
    }
  },
  "modules": {}
}