{
  "layer": 4,
  "name": "COMMUNICATION",
  "version": "1.1.0",
  "lastUpdated": "2026-01-20",
  "lastSession": "0.SETUP.1.1",
  "status": "NOT_STARTED",
  "coverage": {
    "baseline": 30,
    "added": 0,
    "total": 30,
    "implemented": 0,
    "percentage": "0%"
  },
  "openForAdditions": true,
  "additionHistory": [],
  "enhancementHistory": [],
  "categories": {
    "EVENT_BUS": {
      "file": "event_bus.js",
      "baseline": 8,
      "added": 0,
      "total": 8,
      "implemented": 0,
      "items": [],
      "openForAdditions": true
    },
    "EVENT_DEFINITIONS": {
      "file": "event_definitions.js",
      "baseline": 12,
      "added": 0,
      "total": 12,
      "implemented": 0,
      "items": [],
      "openForAdditions": true
    },
    "STATE_STORE": {
      "file": "state_store.js",
      "baseline": 6,
      "added": 0,
      "total": 6,
      "implemented": 0,
      "items": [],
      "openForAdditions": true
    },
    "STATE_SCHEMA": {
      "file": "state_schema.js",
      "baseline": 4,
      "added": 0,
      "total": 4,
      "implemented": 0,
      "items": [],
      "openForAdditions": true
    }
  },
  "pendingCascades": [],
  "pendingEnhancements": [],
  "history": [
    {
      "session": "0.SETUP.1.1",
      "action": "registry_upgraded",
      "note": "Upgraded to support additions and enhancements"
    }
  ]
}