{
  "session": "0.EXT.1",
  "date": "2026-01-20T00:20:22.369434",
  "category": "materials",
  "source": {
    "file": "PRISM_v8_89_002_TRUE_100_PERCENT.html",
    "lines": 986622
  },
  "extraction": {
    "databases_count": 6,
    "total_lines": 4062
  },
  "databases": {
    "PRISM_MATERIALS_COMPLETE_SYSTEM": {
      "file": "PRISM_MATERIALS_COMPLETE_SYSTEM.js",
      "lines": 2199,
      "source_range": "611167-613365",
      "min_consumers": 15,
      "consumers_wired": 0,
      "status": "EXTRACTED"
    },
    "PRISM_MATERIAL_KC_DATABASE": {
      "file": "PRISM_MATERIAL_KC_DATABASE.js",
      "lines": 178,
      "source_range": "82628-82805",
      "min_consumers": 8,
      "consumers_wired": 0,
      "status": "EXTRACTED"
    },
    "PRISM_EXTENDED_MATERIAL_CUTTING_DB": {
      "file": "PRISM_EXTENDED_MATERIAL_CUTTING_DB.js",
      "lines": 643,
      "source_range": "84118-84760",
      "min_consumers": 8,
      "consumers_wired": 0,
      "status": "EXTRACTED"
    },
    "PRISM_ENHANCED_MATERIAL_DATABASE": {
      "file": "PRISM_ENHANCED_MATERIAL_DATABASE.js",
      "lines": 404,
      "source_range": "540262-540665",
      "min_consumers": 8,
      "consumers_wired": 0,
      "status": "EXTRACTED"
    },
    "PRISM_CONSOLIDATED_MATERIALS": {
      "file": "PRISM_CONSOLIDATED_MATERIALS.js",
      "lines": 353,
      "source_range": "570758-571110",
      "min_consumers": 8,
      "consumers_wired": 0,
      "status": "EXTRACTED"
    },
    "PRISM_JOHNSON_COOK_DATABASE": {
      "file": "PRISM_JOHNSON_COOK_DATABASE.js",
      "lines": 285,
      "source_range": "713306-713590",
      "min_consumers": 8,
      "consumers_wired": 0,
      "status": "EXTRACTED"
    }
  }
}