Tier,Company,Parent,HQ,Product,Why_Match,Suggested_Contact_Search,Existing_Sister_Company
A,MW Components,Rosebank Industries (post-close 2026),Rosemont IL,Specialty fasteners + springs (21 brands),"Procurement-window after $3.25B sale; we serve Elgin (MW sibling)","Director of Procurement OR VP Operations Rosebank Industries OR MW Components",Elgin Fastener Group
A,Accurate Screw Machine,MW Components,Yonkers NY,Precision threaded fasteners,"MW sibling of Elgin which we already serve; tooling consistent","Director Manufacturing Accurate Screw Machine",Elgin Fastener Group
A,Ideal Fasteners,MW Components,Wallingford CT,Stock + custom threaded fasteners,"Same MW family; specialty-thread tooling overlap","VP Operations Ideal Fasteners",Elgin Fastener Group
A,RAF Electronic Hardware,MW Components,Seymour CT,Spacers standoffs threaded inserts,"MW family; small-mill work fits VMC-04 + Roku-Roku","Sourcing Manager RAF Electronic Hardware",Elgin Fastener Group
A,Western Wire Products,MW Components,St Charles MO,Wire forms,"Wire-EDM + lathe overlap; MW family","Manufacturing Director Western Wire Products",Elgin Fastener Group
A,Century Spring,MW Components,Los Angeles CA,Springs (compression/extension),"Wire forming overlap","Operations Director Century Spring",Elgin Fastener Group
A,Fox Valley Spring,MW Components,Sandwich IL,Wire forms,"Geographically close (NIL); MW family","Plant Manager Fox Valley Spring Sandwich IL",Elgin Fastener Group
A,Birmingham Fastener,Stephens Group,Birmingham AL,Construction + industrial bolts,"$334M revenue rollup; we already supply 78 programs","VP Operations Birmingham Fastener",(self - 78 programs in archive)
A,K-T Bolt Manufacturing,Birmingham Fastener,Katy TX,Industrial fasteners,"BHF acquired 2022; same parent","Plant Manager K-T Bolt Katy TX",Birmingham Fastener
A,Steel City Bolt & Screw,Birmingham Fastener,Birmingham AL,Industrial fasteners,"BHF acquired 2021; same parent","Manufacturing Director Steel City Bolt",Birmingham Fastener
A,Atlanta Rod & Manufacturing,Birmingham Fastener,Lavonia GA,Anchor bolts threaded rod,"BHF acquired 2020; same parent","VP Operations Atlanta Rod Lavonia GA",Birmingham Fastener
A,Pacific Coast Bolt,Birmingham Fastener,Camarillo CA,Industrial fasteners,"BHF West Coast operation","Plant Manager Pacific Coast Bolt",Birmingham Fastener
A,Champion Manufacturing,Birmingham Fastener,Magnolia TX,Industrial fasteners,"BHF acquired 2022","Sourcing Champion Manufacturing Magnolia TX",Birmingham Fastener
A,RB&W Corp,Park-Ohio Supply Technologies,Strongsville OH,Cold-formed automotive fasteners,"PKOH expanding aerospace/defense; greenfield for JM","Director Sourcing RB&W Corp Park-Ohio",none
A,Arden Industrial Products,Park-Ohio Supply Technologies,Strongsville OH,Industrial fasteners,"PKOH family; supply-chain mgmt customer","Procurement Manager Arden Industrial",none
A,Arcon Fastener Corp,Park-Ohio Supply Technologies,IL/OH,Specialty fasteners,"PKOH family","Operations Arcon Fastener Park-Ohio",none
A,Delo Screw Products,Park-Ohio Supply Technologies,IL,Specialty screws,"PKOH family; IL-local","Plant Manager Delo Screw IL",none
A,Columbia Nut & Bolt,Park-Ohio Supply Technologies,OH,Industrial fasteners,"PKOH family","Sourcing Columbia Nut & Bolt",none
A,Howmet Aerospace,Howmet Aerospace (NYSE HWM),Pittsburgh PA,Aerospace fasteners (formerly Alcoa Fastening),"We supplied to Arconic predecessor; aerospace volumes recovering","Director Procurement Howmet Aerospace Fastening Systems",Arconic
A,Schroth Safety Products,TransDigm Group,Allendale NJ,Aerospace restraints,"TDG aerospace family with Allfast","Sourcing Schroth Safety TransDigm",Allfast
A,AdelWiggins Group,TransDigm Group,Los Angeles CA,Aerospace clamps + couplings,"TDG aerospace family with Allfast","Procurement AdelWiggins Group TransDigm",Allfast
B,ITW Buildex,Illinois Tool Works,Itasca IL,Self-drilling/tapping screws (Teks Sammys Dec-King brands),"Geographic neighbor; ITW family","Sourcing Manager ITW Buildex Itasca IL",ITW Shakeproof
B,ITW Fastex,Illinois Tool Works,Frankfort IL,Plastic auto/appliance fasteners,"ITW family; tooling overlap","Procurement ITW Fastex Frankfort IL",ITW Shakeproof
B,ITW Deltar,Illinois Tool Works,Frankfort IL,Auto plastic injection,"ITW family; tooling work","Sourcing ITW Deltar",ITW Shakeproof
B,ITW Drawform,Illinois Tool Works,Frankfort IL,Auto cold-form,"ITW family; cold-form tooling","Operations ITW Drawform",ITW Shakeproof
B,ITW Red Head,Illinois Tool Works,Wood Dale IL,Anchors,"ITW family; Anchor-tooling overlap","Procurement ITW Red Head Wood Dale",ITW Shakeproof
B,ITW Ramset,Illinois Tool Works,Glendale Heights IL,Powder-actuated fastening,"ITW family; specialty tooling","Sourcing ITW Ramset",ITW Shakeproof
B,ITW Heartland,Illinois Tool Works,Various,Railroad fastening,"ITW family","Procurement ITW Heartland Railroad",ITW Shakeproof
B,Saturn Fasteners,Fontana Gruppo / Acument,Frankfort IN,Auto-fastener cold-heading,"Fontana family; we serve Camcar (sibling)","Plant Manager Saturn Fasteners Frankfort IN",Camcar/Fontana
B,FastenMaster,Steel Partners (OMG sibling),Agawam MA,Structural wood fasteners,"OMG's sibling brand; we make 4061 OMG programs","Sourcing FastenMaster Agawam",OMG
B,Tiger Claw,Steel Partners (OMG sibling),Plainville CT,Deck-clip systems,"OMG's sibling brand","Operations Tiger Claw Plainville",OMG
B,SFS Sycamore,SFS Group,Sycamore IL,Fastener manufacturing,"VERY close geographically (~50 mi from JM)","Plant Manager SFS Sycamore IL",SFS Group
B,SFS Hopkinton,SFS Group,Hopkinton MA,Automotive fastening,"SFS US automotive arm","Procurement SFS Hopkinton MA",SFS Group
B,EJOT-Atlas Tarleton,EJOT Holding,Bedford VA / Greer SC,Specialty fasteners,"EJOT US arm","Sourcing EJOT Atlas Tarleton",EJOT
B,Agrati US,Agrati Group,Oneida TN,Cold-formed automotive fasteners,"Agrati US plant","Operations Agrati Oneida TN",Agrati
C,Carlisle Construction Materials,Carlisle Companies (NYSE CSL),Carlisle PA,Commercial roofing,"Roofing fastener tooling; competes with OMG","Procurement Director Carlisle Construction Materials",none
C,GAF Materials Corp,Standard Industries,Parsippany NJ,Roofing materials,"Largest US roofing maker","Sourcing GAF Materials Standard Industries",none
C,Holcim Building Envelope,Holcim Group,Indianapolis IN,Roofing/insulation (formerly Firestone),"Roofing fastener supply","Procurement Holcim Building Envelope",none
C,Simpson Strong-Tie,Simpson Manufacturing (NYSE SSD),Pleasanton CA,Construction connectors,"Captive die-tooling spend","VP Procurement Simpson Strong-Tie",none
C,Hilti Group US,Hilti Group,Plano TX,Direct-fastening + anchors,"Massive cold-formed-fastener supply","Sourcing Director Hilti North America",none
C,LISI Aerospace,LISI Group,Torrance CA,Aerospace fasteners,"Cold-headed tooling fit","Procurement LISI Aerospace Torrance",none
C,B&B Specialties,Private,Wichita KS,Aerospace specialty fasteners,"Aerospace tooling-intensive","Operations B&B Specialties Wichita",none
C,Lockwell Aerospace,Private,Burbank CA,Aerospace fastener distribution,"Specialty aerospace bolts","Sourcing Lockwell Aerospace Burbank",none
C,SPS Technologies,PCC / Berkshire Hathaway,Jenkintown PA,Aerospace fasteners,"Heavy die tooling user","Procurement SPS Technologies",none
C,Cherry Aerospace,PCC / Berkshire Hathaway,Santa Ana CA,Aerospace fasteners,"PCC family; cold-headed work","Sourcing Cherry Aerospace Santa Ana",none
C,Monogram Aerospace,TriMas Corp (NYSE TRS),Commerce CA,Aerospace fastening,"Cold-headed parts","Procurement Monogram Aerospace",none
C,Cold Heading Company,Private,Detroit MI,Auto cold-headed fasteners,"Major auto cold-header","Operations Cold Heading Company Detroit",none
C,MNP Corp,Private,Pewaukee WI,Cold-headed auto fasteners,"WI fastener belt","VP Operations MNP Pewaukee WI",none
C,Lakeshore Industries,Private,St Joseph MI,Auto fastening,"Auto Tier-2","Sourcing Lakeshore Industries St Joseph",none
C,National Machine Group,Private,Detroit MI,Auto cold-headed parts,"Auto cold-header","Operations National Machine Group Detroit",none
C,Chicago Rivet & Machine,Public (CVR),Naperville IL,Cold-headed fasteners,"Geographic neighbor","Sourcing Chicago Rivet & Machine Naperville IL",none
C,Pioneer Industrial Components,Private,Wheeling IL,Fastener mfg/distribution,"Northern IL cluster","Procurement Pioneer Industrial Wheeling IL",none
C,Rockford Acromatic Products,Private,Rockford IL,Screw machine products,"Northern IL cluster","Operations Rockford Acromatic Rockford IL",none
C,Heico Companies,Private,Warrenville IL,Industrial conglomerate (fastener portfolio),"Large contract-mfg spend","VP Procurement Heico Companies Warrenville IL",none
C,Würth Industry of North America,Würth Group,Greenwood IN,Industrial fastener distribution,"German conglomerate US arm","Sourcing Director Würth Industry North America",none
C,MSC Industrial Direct,Public (NYSE MSM),Melville NY,Industrial distribution,"Sources captive-line products","Procurement MSC Industrial Direct",none
