{
  "layer": 1,
  "name": "VALIDATORS",
  "version": "1.1.0",
  "lastUpdated": "2026-01-20",
  "lastSession": "0.SETUP.1.1",
  "status": "NOT_STARTED",
  "coverage": {
    "baseline": 50,
    "added": 0,
    "total": 50,
    "implemented": 0,
    "percentage": "0%"
  },
  "openForAdditions": true,
  "additionHistory": [],
  "enhancementHistory": [],
  "categories": {
    "DATA_VALIDATORS": {
      "file": "data_validators.js",
      "baseline": 20,
      "added": 0,
      "total": 20,
      "implemented": 0,
      "items": [],
      "openForAdditions": true
    },
    "SAFE_MATH": {
      "file": "safe_math.js",
      "baseline": 10,
      "added": 0,
      "total": 10,
      "implemented": 0,
      "items": [],
      "openForAdditions": true
    },
    "RANGE_VALIDATORS": {
      "file": "range_validators.js",
      "baseline": 10,
      "added": 0,
      "total": 10,
      "implemented": 0,
      "items": [],
      "openForAdditions": true
    },
    "COMPARATORS": {
      "file": "comparators.js",
      "baseline": 10,
      "added": 0,
      "total": 10,
      "implemented": 0,
      "items": [],
      "openForAdditions": true
    }
  },
  "pendingCascades": [],
  "pendingEnhancements": [],
  "history": [
    {
      "session": "0.SETUP.1.1",
      "action": "registry_upgraded",
      "note": "Upgraded to support additions and enhancements"
    }
  ]
}