{
  "category": "ENGINES",
  "version": "1.1.0",
  "lastUpdated": "2026-01-20",
  "lastSession": "0.SETUP.1.1",
  "status": "NOT_STARTED",
  "summary": {
    "baseline": 213,
    "added": 0,
    "total": 213,
    "extracted": 0,
    "migrated": 0,
    "fullyWired": 0
  },
  "openForAdditions": true,
  "additionHistory": [],
  "useCaseMap": {},
  "engines": {
    "physics": {
      "_meta": {
        "baseline": 42,
        "added": 0,
        "total": 42,
        "openForAdditions": true
      },
      "PRISM_TAYLOR_TOOL_LIFE": {
        "status": "NOT_EXTRACTED",
        "version": "0.0.0",
        "minUseCases": 6,
        "actualUseCases": 0,
        "useCases": [],
        "algorithms": [],
        "enhancementHistory": []
      }
    },
    "ai_ml": {
      "_meta": {
        "baseline": 74,
        "added": 0,
        "total": 74,
        "openForAdditions": true
      }
    },
    "optimization": {
      "_meta": {
        "baseline": 44,
        "added": 0,
        "total": 44,
        "openForAdditions": true
      }
    },
    "cad": {
      "_meta": {
        "baseline": 25,
        "added": 0,
        "total": 25,
        "openForAdditions": true
      }
    },
    "cam": {
      "_meta": {
        "baseline": 20,
        "added": 0,
        "total": 20,
        "openForAdditions": true
      }
    },
    "signal": {
      "_meta": {
        "baseline": 14,
        "added": 0,
        "total": 14,
        "openForAdditions": true
      }
    },
    "post_processor": {
      "_meta": {
        "baseline": 25,
        "added": 0,
        "total": 25,
        "openForAdditions": true
      }
    },
    "collision": {
      "_meta": {
        "baseline": 15,
        "added": 0,
        "total": 15,
        "openForAdditions": true
      }
    }
  }
}