Manufacturer,Model,Type,Subtype,Max RPM,Power (kW),Torque (Nm),Taper,X Travel (mm),Y Travel (mm),Z Travel (mm),ATC Capacity,Controller
AWEA,LP-3021,double_column_machining_center,bridge_type,6000,22,850,BT50,,,,40,FANUC 31i-B5
Brother,SPEEDIO S300X1,DRILL_TAP,3-axis-high-speed,16000,5.5,22,BT30,,,,14,unknown unknown
Brother,SPEEDIO S500X1,DRILL_TAP,3-axis-high-speed,16000,5.5,22,BT30,,,,21,unknown unknown
Brother,SPEEDIO S500Z1,DRILL_TAP,3-axis-high-speed,27000,7.5,16,BT30,,,,21,unknown unknown
Brother,SPEEDIO S700X1,DRILL_TAP,3-axis-high-speed,16000,7.5,35,BT30,,,,21,unknown unknown
Brother,SPEEDIO S1000X1,DRILL_TAP,3-axis-high-speed,16000,11,50,BT40,,,,30,unknown unknown
Brother,SPEEDIO M140X1,VMC,3-axis-compact,10000,11,80,BT40,,,,22,unknown unknown
Brother,SPEEDIO M200X3,VMC,3-axis-compact,10000,15,119,BT40,,,,30,unknown unknown
Brother,SPEEDIO R450X1,5AXIS,trunnion-compact,16000,5.5,22,BT30,,,,21,unknown unknown
Brother,SPEEDIO R650X1,5AXIS,trunnion-compact,16000,7.5,35,BT30,,,,21,unknown unknown
Brother,SPEEDIO W1000Xd1,VMC,3-axis-rigid,10000,15,119,BT40,,,,30,unknown unknown
Chiron,FZ 08 S,VMC,3-axis-high-speed,20000,15,52,HSK-A50,,,,24,unknown unknown
Chiron,FZ 12 S,VMC,3-axis-high-speed,20000,20,85,HSK-A63,,,,36,unknown unknown
Chiron,MILL 800,5AXIS,trunnion-high-speed,20000,20,85,HSK-A63,,,,40,unknown unknown
DMG MORI,DMU 50 3rd Generation,vertical_machining_center,5_axis_trunnion,15000,25,130,HSK-A63,,,,30,SIEMENS SINUMERIK 840D sl
DMG MORI,DMU 65 monoBLOCK,vertical_machining_center,5_axis_trunnion,18000,25,87,HSK-A63,,,,30,SIEMENS SINUMERIK 840D sl
DMG MORI,DMC 80 H linear,horizontal_machining_center,4_axis_hmc_linear,12000,20,303,HSK-A63,,,,60,SIEMENS SINUMERIK 840D sl
DMG MORI,NLX 2500/700,lathe,universal_lathe,3500,18.5,764,A2-11,,,,,FANUC 31i-B
DMG MORI,NTX 2000,turn_mill,5_axis_mill_turn,,22,,unknown,,,,38,FANUC 31i-B5
DMG MORI,CTV 250,lathe,vtl_inverted_spindle,5000,18.5,95,unknown,,,,,FANUC 31i-B
DMG MORI,DMC 850 V,vertical_machining_center,3_axis_vmc,10000,20,83,SK40,,,,20,SIEMENS SINUMERIK 840D sl
DN Solutions,DNM 4500,VMC,3-axis,12000,20,118,BBT40,,,,30,unknown unknown
DN Solutions,DNM 5700,VMC,3-axis,12000,20,118,BBT40,,,,30,unknown unknown
DN Solutions,DNM 6700,VMC,3-axis,10000,25,178,BBT50,,,,40,unknown unknown
DN Solutions,DVF 5000,5AXIS,trunnion,12000,25,118,BBT40,,,,60,unknown unknown
DN Solutions,DVF 6500,5AXIS,trunnion,12000,30,150,BBT40,,,,60,unknown unknown
DN Solutions,NHP 5000,HMC,4-axis,12000,30,200,BBT50,,,,60,unknown unknown
DN Solutions,NHP 6300,HMC,4-axis,10000,40,300,BBT50,,,,90,unknown unknown
DN Solutions,PUMA 2600,lathe,2-axis,4500,25,450,unknown,,,,,unknown unknown
DN Solutions,PUMA 3100,lathe,2-axis,3500,30,700,unknown,,,,,unknown unknown
DN Solutions,PUMA 2600SY,lathe,4-axis-sub-y,,22,,unknown,,,,,unknown unknown
DN Solutions,LYNX 2100,lathe,2-axis,6000,15,180,unknown,,,,,unknown unknown
DN Solutions,LYNX 2600,lathe,2-axis,4500,20,340,unknown,,,,,unknown unknown
DN Solutions,SMX 2600S,turn_mill,5-axis-mill-turn,,22,,unknown,,,,40,unknown unknown
DN Solutions,SMX 3100S,turn_mill,5-axis-mill-turn,,22,,unknown,,,,60,unknown unknown
Fanuc,?-D14MiA5,DRILL_TAP,3-axis-high-speed,24000,7.5,25,BT30,,,,21,unknown unknown
Fanuc,?-D21MiA5,DRILL_TAP,3-axis-high-speed,24000,7.5,25,BT30,,,,21,unknown unknown
Fanuc,?-D21LiA5,DRILL_TAP,3-axis-high-speed-long,24000,7.5,25,BT30,,,,21,unknown unknown
Fanuc,?-D14MiB5 ADV,DRILL_TAP,3-axis-high-speed-plus,24000,11,38,BT30,,,,21,unknown unknown
Fanuc,?-D21MiB5 ADV,DRILL_TAP,3-axis-high-speed-plus,24000,11,38,BT30,,,,21,unknown unknown
Fanuc,?-D21MiA5 with DDR,5AXIS,trunnion-ddr,24000,7.5,25,BT30,,,,21,unknown unknown
Fanuc,?-D21LiA5 with DDR,5AXIS,trunnion-ddr,24000,7.5,25,BT30,,,,21,unknown unknown
Feeler,VMP-580,vertical_machining_center,3_axis_vmc,12000,11,70,BT40,,,,24,FANUC 0i-MF Plus
Feeler,VMP-1100,vertical_machining_center,3_axis_vmc,12000,15,119,BT40,,,,30,FANUC 0i-MF Plus
Feeler,HV-800,vertical_machining_center,high_speed_vmc,20000,18.5,100,BBT40,,,,30,FANUC 31i-B5
Feeler,U-600,vertical_machining_center,5_axis_trunnion,15000,15,140,HSK-A63,,,,32,FANUC 31i-B5
Feeler,FMH-500,horizontal_machining_center,4_axis_hmc,10000,11,380,BT50,,,,60,FANUC 31i-B5
Feeler,FTC-20,lathe,2_axis_lathe,5000,7.5,287,A2-6,,,,,FANUC 0i-TF Plus
Feeler,FTC-350MY,lathe,multitasking_lathe,4000,15,520,unknown,,,,,FANUC 31i-B
Feeler,FDC-2114,double_column_machining_center,bridge_type,6000,7.5,500,BT50,,,,32,FANUC 0i-MF Plus
Feeler,FV-760,vertical_machining_center,drill_tap_center,24000,,12,BT30,,,,21,FANUC 0i-MF Plus
Feeler,FVL-1250,lathe,vtl_single_column,200,,8500,unknown,,,,,FANUC 0i-TF Plus
Feeler,FSL-20,lathe,swiss_type_lathe,,15,,unknown,,,,,FANUC 31i-B
Grob,G150,5AXIS,horizontal-spindle-trunnion,18000,28,120,HSK-A63,,,,60,unknown unknown
Grob,G350,5AXIS,horizontal-spindle-trunnion,16000,35,180,HSK-A63,,,,89,unknown unknown
Grob,G550,5AXIS,horizontal-spindle-trunnion,14000,50,280,HSK-A100,,,,119,unknown unknown
Grob,G750,5AXIS,horizontal-spindle-trunnion-large,12000,65,450,HSK-A100,,,,179,unknown unknown
Grob,G350a,5AXIS,horizontal-automation,16000,35,180,HSK-A63,,,,89,unknown unknown
Grob,G520F,5AXIS,horizontal-flexible,14000,45,250,HSK-A100,,,,119,unknown unknown
Haas,VF-2,vertical_machining_center,3_axis_vmc,8100,22.4,122,BT40,,,,20,Haas NGC
Haas,VF-4,vertical_machining_center,3_axis_vmc_large,8100,22.4,122,BT40,,,,20,Haas NGC
Haas,VF-6/50,vertical_machining_center,3_axis_vmc_50_taper,6000,22.4,500,BT50,,,,30,Haas NGC
Haas,UMC-750,vertical_machining_center,5_axis_trunnion,8100,22.4,122,BT40,,,,40,Haas NGC
Haas,UMC-1000,vertical_machining_center,5_axis_trunnion_large,8100,22.4,122,BT40,,,,40,Haas NGC
Haas,EC-400,horizontal_machining_center,4_axis_hmc,8100,22.4,122,BT40,,,,24,Haas NGC
Haas,EC-500,horizontal_machining_center,4_axis_hmc_production,8100,22.4,122,BT40,,,,,Haas NGC
Haas,ST-20,lathe,2_axis_lathe,4000,14.9,339,A2-6,,,,,Haas NGC
Haas,ST-20Y,lathe,y_axis_lathe,4000,14.9,339,unknown,,,,,Haas NGC
Haas,ST-35,lathe,large_lathe,2400,22.4,678,unknown,,,,,Haas NGC
Haas,DT-1,vertical_machining_center,drill_tap_center,15000,11.2,30,BT30,,,,20,Haas NGC
Haas,GR-510,gantry_router,3_axis_router,30000,11.2,17.6,ISO30,,,,10,Haas NGC
Haas,VF-1,vertical_machining_center,3_axis_vmc,8100,22.4,122,BT40,,,,20,Haas NGC
Haas,VF-2 TR,vertical_machining_center,5_axis_trunnion_integrated,8100,22.4,122,BT40,,,,20,Haas NGC
Haas,VF-2 with TRT100,vertical_machining_center,5_axis_vmc_with_trunnion,8100,22.4,122,BT40,,,,20,Haas NGC
Haas,VF-2SSYT,vertical_machining_center,3_axis_vmc_super_speed_y_table,12000,22.4,76,BT40,,,,24,Haas NGC
Haas,VF-2YT,vertical_machining_center,3_axis_vmc_y_table,8100,22.4,122,BT40,,,,,Haas NGC
Haas,VF-3,vertical_machining_center,3_axis_vmc,8100,22.4,122,BT40,,,,20,Haas NGC
Haas,VF-3 with TR160,vertical_machining_center,5_axis_vmc_with_trunnion,8100,22.4,122,BT40,,,,20,Haas NGC
Haas,VF-3YT,vertical_machining_center,3_axis_vmc_y_table,8100,22.4,122,BT40,,,,,Haas NGC
Haas,VF-3YT/50,vertical_machining_center,3_axis_vmc_50_taper_y_table,6000,22.4,500,BT50,,,,,Haas NGC
Haas,VF-4SS with TRT210,vertical_machining_center,5_axis_super_speed_with_trunnion,12000,22.4,76,BT40,,,,,Haas NGC
Haas,VF-5/40,vertical_machining_center,3_axis_vmc_large,8100,22.4,122,BT40,,,,,Haas NGC
Haas,VF-6/40,vertical_machining_center,3_axis_vmc_extended,8100,22.4,122,BT40,,,,,Haas NGC
Haas,VF-7/40,vertical_machining_center,3_axis_vmc_large,8100,22.4,122,BT40,,,,,Haas NGC
Haas,VF-8/40,vertical_machining_center,3_axis_vmc_large,8100,22.4,122,BT40,,,,,Haas NGC
Haas,VF-10,vertical_machining_center,3_axis_vmc_large,8100,22.4,122,BT40,,,,,Haas NGC
Haas,VF-10/50,vertical_machining_center,3_axis_vmc_50_taper_large,6000,22.4,500,BT50,,,,,Haas NGC
Haas,VF-11/40,vertical_machining_center,3_axis_vmc_large,8100,22.4,122,BT40,,,,,Haas NGC
Haas,VF-11/50,vertical_machining_center,3_axis_vmc_50_taper_large,6000,22.4,500,BT50,,,,,Haas NGC
Haas,VF-12/40,vertical_machining_center,3_axis_vmc_extra_large,8100,22.4,122,BT40,,,,,Haas NGC
Haas,VF-12/50,vertical_machining_center,3_axis_vmc_50_taper_extra_large,6000,22.4,500,BT50,,,,,Haas NGC
Haas,VF-14/40,vertical_machining_center,3_axis_vmc_extra_large,8100,22.4,,BT40,,,,,Haas NGC
Haas,VF-14/50,vertical_machining_center,3_axis_vmc_50_taper_extra_large,6000,22.4,500,BT50,,,,,Haas NGC
Haas,VM-2,vertical_machining_center,mold_maker_vmc,12000,22.4,76,BT40,,,,24,Haas NGC
Haas,VM-3,vertical_machining_center,mold_maker_vmc,12000,22.4,76,BT40,,,,24,Haas NGC
Haas,VM-6,vertical_machining_center,mold_maker_vmc_large,12000,22.4,76,BT40,,,,30,Haas NGC
Haas,UMC 350HD-EDU,vertical_machining_center,5_axis_trunnion_education,8100,,122,BT40,,,,,Haas NGC
Haas,UMC-400,vertical_machining_center,5_axis_trunnion_compact,8100,11.2,122,BT40,,,,40,Haas NGC
Haas,UMC-500SS,vertical_machining_center,5_axis_trunnion_super_speed,12000,22.4,76,BT40,,,,40,Haas NGC
Haas,UMC-750,vertical_machining_center,5_axis_trunnion,8100,22.4,122,BT40,,,,40,Haas NGC
Haas,UMC-750 (New Design),vertical_machining_center,5_axis_trunnion_new,8100,22.4,122,BT40,,,,,Haas NGC
Haas,UMC-750SS,vertical_machining_center,5_axis_trunnion_super_speed,12000,22.4,76,BT40,,,,,Haas NGC
Haas,UMC-1000,vertical_machining_center,5_axis_trunnion_large,8100,22.4,122,BT40,,,,40,Haas NGC
Haas,UMC-1000-P,vertical_machining_center,5_axis_trunnion_pallet,8100,22.4,122,BT40,,,,,Haas NGC
Haas,UMC-1000SS,vertical_machining_center,5_axis_trunnion_super_speed_large,12000,22.4,76,BT40,,,,,Haas NGC
Haas,UMC-1250,vertical_machining_center,5_axis_trunnion_extra_large,8100,22.4,122,BT40,,,,50,Haas NGC
Haas,UMC-1500-DUO,vertical_machining_center,5_axis_trunnion_dual,8100,29.8,122,BT40,,,,,Haas NGC
Haas,UMC-1500SS-DUO,vertical_machining_center,5_axis_trunnion_dual_super_speed,12000,29.8,76,BT40,,,,,Haas NGC
Haas,UMC-1600-H,horizontal_machining_center,5_axis_horizontal,8100,22.4,122,BT40,,,,60,Haas NGC
Haas,EC-400,horizontal_machining_center,4_axis_hmc,8100,22.4,122,BT40,,,,24,Haas NGC
Haas,EC-500,horizontal_machining_center,4_axis_hmc,8100,22.4,122,BT40,,,,,Haas NGC
Haas,EC-500/50,horizontal_machining_center,4_axis_hmc_50_taper,6000,22.4,500,BT50,,,,,Haas NGC
Haas,EC-630,horizontal_machining_center,4_axis_hmc_large,8100,,122,BT40,,,,,Haas NGC
Haas,EC-1600,horizontal_machining_center,4_axis_hmc_extra_large,6000,22.4,500,BT50,,,,,Haas NGC
Haas,EC-1600ZT,horizontal_machining_center,4_axis_hmc_extra_large_extended_z,6000,22.4,500,BT50,,,,,Haas NGC
Haas,DT-1,vertical_machining_center,drill_tap_center,15000,11.2,30,BT30,,,,20,Haas NGC
Haas,DT-2,vertical_machining_center,drill_tap_center_large,15000,11.2,30,BT30,,,,20,Haas NGC
Haas,DM-1,vertical_machining_center,drill_mill_center,15000,11.2,30,BT30,,,,,Haas NGC
Haas,DM-2,vertical_machining_center,drill_mill_center_large,15000,,30,BT30,711,406,394,,Haas NGC
Haas,TM-1,vertical_machining_center,toolroom_mill,4000,5.6,54,BT40,,,,1,Haas NGC
Haas,TM-1P,vertical_machining_center,toolroom_mill_with_atc,6000,5.6,54,BT40,,,,10,Haas NGC
Haas,TM-2,vertical_machining_center,toolroom_mill,4000,7.5,54,BT40,,,,,Haas NGC
Haas,TM-2P,vertical_machining_center,toolroom_mill_with_atc,6000,7.5,54,BT40,,,,10,Haas NGC
Haas,TM-3P,vertical_machining_center,toolroom_mill_with_atc_large,6000,5.6,68,BT40,,,,10,Haas NGC
Haas,GM-2,gantry_mill,3_axis_gantry,8100,,122,BT40,1524,1270,508,,Haas NGC
Haas,GM-2-5AX,gantry_mill,5_axis_gantry,8100,,122,BT40,1524,1270,508,,Haas NGC
Haas,Mini Mill,vertical_machining_center,compact_vmc,6000,11.2,34,BT40,,,,10,Haas NGC
Haas,Mini Mill 2,vertical_machining_center,compact_vmc,8100,11.2,34,BT40,,,,10,Haas NGC
Haas,Mini Mill-EDU,vertical_machining_center,compact_vmc_education,6000,11.2,34,BT40,,,,,Haas NGC
Haas,Mini Mill-EDU with HRT160,vertical_machining_center,compact_vmc_5_axis,6000,11.2,34,BT40,,,,,Haas NGC
Haas,Super Mini Mill,vertical_machining_center,super_compact_vmc,10000,11.2,17,BT30,,,,10,Haas NGC
Haas,CM-1,vertical_machining_center,compact_mill,8100,,61,BT40,381,305,305,,Haas NGC
Haas,Desktop Mill,vertical_machining_center,desktop_mill,10000,,,unknown,152,102,102,,Haas Mini-CNC
Haas,VC-400,vertical_machining_center,drill_mill_center,8100,,61,BT40,,,,,Haas NGC
Hardinge,Conquest T42,lathe,2-axis-precision,6000,12,160,unknown,,,,,unknown unknown
Hardinge,Conquest T51,lathe,2-axis-precision,5000,15,250,unknown,,,,,unknown unknown
Hardinge,Conquest T65,lathe,2-axis-precision,4500,20,380,unknown,,,,,unknown unknown
Hardinge,Elite T42 SMY,lathe,4-axis-sub-y,,11,,unknown,,,,,unknown unknown
Hardinge,Elite T65 SMY,lathe,4-axis-sub-y,,18.5,,unknown,,,,,unknown unknown
Hardinge,Super-Precision SP,lathe,2-axis-ultra-precision,8000,10,95,unknown,,,,,unknown unknown
Hardinge,GS 150,lathe,swiss-type,,5.5,,unknown,,,,,unknown unknown
Hardinge,GS 200,lathe,swiss-type,,7.5,,unknown,,,,,unknown unknown
Hermle,C 32 U,vertical_machining_center,5_axis_trunnion,18000,29,145,HSK-A63,,,,38,HEIDENHAIN TNC 640
Hermle,C 42 U,vertical_machining_center,5_axis_trunnion,18000,35,175,HSK-A63,,,,50,HEIDENHAIN TNC 640
Hermle,C 52 U,vertical_machining_center,5_axis_trunnion_large,12000,45,400,HSK-A100,,,,60,HEIDENHAIN TNC 640
Hermle,C 22 U,vertical_machining_center,5_axis_trunnion_compact,18000,29,110,HSK-A63,,,,30,HEIDENHAIN TNC 640
Hermle,C 12 U,vertical_machining_center,5_axis_micro,42000,16,9,HSK-E40,,,,20,HEIDENHAIN TNC 640
Hermle,C 32,vertical_machining_center,3_axis_vmc,18000,29,145,HSK-A63,,,,38,HEIDENHAIN TNC 640
Hermle,C 42 U MT,turn_mill,5_axis_mill_turn,12000,35,353,HSK-T100,,,,87,HEIDENHAIN TNC 640
Hermle,C 32 U HS,vertical_machining_center,5_axis_high_speed,42000,29,8,HSK-E50,,,,52,HEIDENHAIN TNC 640
Hermle,C 32 U with RS 05,vertical_machining_center,5_axis_with_robot,18000,29,145,HSK-A63,,,,88,HEIDENHAIN TNC 640
Hurco,VM10i,VMC,3-axis-compact,12000,12,65,BT40,,,,20,unknown unknown
Hurco,VM20i,VMC,3-axis,10000,15,119,BT40,,,,24,unknown unknown
Hurco,VM30i,VMC,3-axis,10000,20,143,BT40,,,,30,unknown unknown
Hurco,VMX42i,VMC,3-axis-performance,12000,20,119,BT40,,,,40,unknown unknown
Hurco,VMX50i,VMC,3-axis-performance,10000,25,178,BT50,,,,40,unknown unknown
Hurco,VMX64i,VMC,3-axis-large,8000,30,280,BT50,,,,48,unknown unknown
Hurco,VMX30Ui,5AXIS,trunnion,12000,20,119,BT40,,,,40,unknown unknown
Hurco,VMX42SRi,5AXIS,swivel-head,18000,25,100,HSK-A63,,,,40,unknown unknown
Hurco,TM8i,lathe,2-axis,4500,12,200,unknown,,,,,unknown unknown
Hurco,TM10i,lathe,2-axis,4000,15,300,unknown,,,,,unknown unknown
Hurco,TM12i,lathe,2-axis,3500,25,500,unknown,,,,,unknown unknown
Hyundai WIA,KF 4600,VMC,3-axis,12000,15,95,BBT40,,,,24,unknown unknown
Hyundai WIA,KF 5600,VMC,3-axis,12000,20,119,BBT40,,,,30,unknown unknown
Hyundai WIA,KF 6700,VMC,3-axis,10000,25,178,BBT50,,,,40,unknown unknown
Hyundai WIA,XF 6300,5AXIS,trunnion,12000,25,143,BBT40,,,,60,unknown unknown
Hyundai WIA,HS 5000,HMC,4-axis,14000,30,166,BBT40,,,,60,unknown unknown
Hyundai WIA,HS 6300,HMC,4-axis,10000,40,300,BBT50,,,,90,unknown unknown
Hyundai WIA,SKT 200,lathe,2-axis,4500,15,265,unknown,,,,,unknown unknown
Hyundai WIA,SKT 250,lathe,2-axis,4000,20,380,unknown,,,,,unknown unknown
Hyundai WIA,SKT 300,lathe,2-axis,3500,30,650,unknown,,,,,unknown unknown
Hyundai WIA,LM1800TTSY,turn_mill,twin-turret-y,,,,unknown,,,,,unknown unknown
Kern,Micro Evo,5AXIS,micro-precision,50000,5.5,4.8,HSK-E25,,,,25,unknown unknown
Kern,Micro Vario,5AXIS,micro-precision,50000,7.5,7.2,HSK-E32,,,,38,unknown unknown
Kern,Micro HD,5AXIS,micro-precision-large,42000,12,14,HSK-E40,,,,63,unknown unknown
Kern,Pyramid Nano,5AXIS,nano-precision,160000,2,0.5,HSK-E20,,,,16,unknown unknown
Kern,Pyramid Nano Twin,5AXIS,nano-precision-dual,,12,,unknown,,,,24,unknown unknown
Kitamura,Mycenter HX300iG,VMC,3-axis-compact,15000,12,55,BBT30,,,,20,unknown unknown
Kitamura,Mycenter HX400iG,VMC,3-axis,12000,18,100,BBT40,,,,30,unknown unknown
Kitamura,Mycenter HX500iG,VMC,3-axis,12000,25,140,BBT40,,,,40,unknown unknown
Kitamura,Mytrunnion-4G,5AXIS,trunnion,15000,18,85,BBT40,,,,40,unknown unknown
Kitamura,Mytrunnion-5G,5AXIS,trunnion,12000,25,140,BBT40,,,,60,unknown unknown
Kitamura,Supercell-300G,HMC,4-axis,15000,20,100,BBT40,,,,40,unknown unknown
Kitamura,Supercell-400G,HMC,4-axis,14000,30,166,BBT40,,,,60,unknown unknown
Kitamura,Bridgecenter-8XG,VMC,bridge-type,10000,35,280,BBT50,,,,60,unknown unknown
Leadwell,MCV-610AP,VMC,3-axis-compact,12000,11,70,BT40,,,,24,unknown unknown
Leadwell,MCV-1000B,VMC,3-axis,10000,15,119,BT40,,,,24,unknown unknown
Leadwell,MCV-1300D,VMC,3-axis-large,8000,20,180,BT50,,,,30,unknown unknown
Leadwell,V-30iT,5AXIS,trunnion-compact,12000,18,105,BBT40,,,,40,unknown unknown
Leadwell,LTC-20B,lathe,2-axis,4000,11,200,unknown,,,,,unknown unknown
Leadwell,LTC-35BLY,lathe,4-axis-y,3500,20,420,unknown,,,,,unknown unknown
Leadwell,T-7SMY,lathe,4-axis-sub-y,,15,,unknown,,,,,unknown unknown
Makino,D500,vertical_machining_center,5_axis_trunnion,20000,22,120,HSK-A63,,,,50,Makino Professional 6
Makino,D800Z,vertical_machining_center,5_axis_trunnion_large,12000,30,350,HSK-A100,,,,,Makino Professional 6
Makino,a61nx,horizontal_machining_center,4_axis_hmc,14000,26,303,HSK-A63,,,,60,Makino Professional 6
Makino,a81nx,horizontal_machining_center,4_axis_hmc_large,10000,37,573,HSK-A100,,,,,Makino Professional 6
Makino,PS95,vertical_machining_center,high_speed_vmc,14000,22,151,HSK-A63,,,,30,Makino Professional 6
Makino,F5,vertical_machining_center,high_precision_vmc,20000,15,96,HSK-A63,,,,,Makino Professional 6
Makino,iQ500,vertical_machining_center,graphite_high_speed,40000,22,9,HSK-E40,,,,20,Makino Professional 6
Makino,U6,edm_wire,wire_edm_precision,,15,,unknown,,,,20,Makino Hyper i
Makino,EDAF3,edm_sinker,sinker_edm_precision,,11,,unknown,,,,,Makino Hyper i
Makino,T1,horizontal_machining_center,5_axis_hmc_aerospace,10000,26,764,HSK-A100,,,,,Makino Professional 6
Matsuura,MAM72-25V,5AXIS,pallet-automation,20000,15,57,HSK-A63,,,,90,unknown unknown
Matsuura,MAM72-35V,5AXIS,pallet-automation,15000,20,95,HSK-A63,,,,120,unknown unknown
Matsuura,MAM72-52V,5AXIS,pallet-automation,12000,30,166,HSK-A100,,,,180,unknown unknown
Matsuura,MX-330,5AXIS,trunnion,12000,20,119,BBT40,,,,40,unknown unknown
Matsuura,MX-520,5AXIS,trunnion,12000,25,166,BBT40,,,,60,unknown unknown
Matsuura,V.Plus-800,VMC,3-axis,12000,20,119,BBT40,,,,30,unknown unknown
Matsuura,H.Plus-405,HMC,4-axis,15000,30,143,HSK-A63,,,,60,unknown unknown
Mazak,INTEGREX i-200S,turn_mill,5_axis_mill_turn,,22,,unknown,,,,36,MAZAK MAZATROL SmoothAi
Mazak,INTEGREX i-400S,turn_mill,5_axis_mill_turn_large,,22,,unknown,,,,,MAZAK MAZATROL SmoothAi
Mazak,VARIAXIS i-700,vertical_machining_center,5_axis_trunnion,12000,25,286,HSK-A63,,,,30,MAZAK MAZATROL SmoothX
Mazak,VARIAXIS i-500,vertical_machining_center,5_axis_trunnion,12000,25,200,HSK-A63,,,,30,MAZAK MAZATROL SmoothX
Mazak,VCN-530C,vertical_machining_center,3_axis_vmc,12000,18.5,119,BT40,,,,30,MAZAK MAZATROL SmoothG
Mazak,HCN-5000,horizontal_machining_center,4_axis_hmc,14000,22,303,HSK-A63,,,,40,MAZAK MAZATROL SmoothG
Mazak,QT-NEXUS 250-II MY,lathe,y_axis_lathe,4000,15,536,A2-8,,,,,MAZAK MAZATROL SmoothG
Mazak,QUICK TURN NEXUS 350M,lathe,mill_turn_lathe,3000,18.5,955,unknown,,,,,MAZAK MAZATROL SmoothG
Mazak,VCE-500,vertical_machining_center,compact_vmc,10000,18.5,65,BT40,,,,20,MAZAK MAZATROL SmoothEz
Mazak,CV5-500,vertical_machining_center,5_axis_simultaneous,12000,18.5,120,HSK-A63,,,,30,MAZAK MAZATROL SmoothX
Mazak,FJV-250,double_column_machining_center,bridge_type,6000,22,420,BT50,,,,30,MAZAK MAZATROL SmoothG
MHI,MVR-Ex35,DOUBLE_COLUMN,,8000,37,,HSK-A100,,,,60,unknown unknown
Mikron,MILL S 400 U,5AXIS,trunnion-high-speed,20000,18,77,HSK-E50,,,,30,unknown unknown
Mikron,MILL S 500 U,5AXIS,trunnion-high-speed,20000,22,95,HSK-A63,,,,42,unknown unknown
Mikron,MILL P 500 U,5AXIS,trunnion-production,20000,28,119,HSK-A63,,,,60,unknown unknown
Mikron,MILL P 800 U,5AXIS,trunnion-large,15000,40,200,HSK-A100,,,,90,unknown unknown
Mikron,HEM 500U,5AXIS,trunnion-efficiency,20000,28,119,HSK-A63,,,,48,unknown unknown
Mikron,HSM 500,VMC,3-axis-high-speed,42000,20,21,HSK-E50,,,,30,unknown unknown
Mikron,HSM 600U,5AXIS,trunnion-graphite,42000,20,21,HSK-E50,,,,36,unknown unknown
OKK,VM43R,VMC,3-axis-compact,15000,18,95,BBT40,,,,24,unknown unknown
OKK,VM53R,VMC,3-axis,12000,22,130,BBT40,,,,30,unknown unknown
OKK,VM76R,VMC,3-axis-large,8000,30,280,BBT50,,,,40,unknown unknown
OKK,HM500S,HMC,4-axis,12000,25,160,BBT50,,,,60,unknown unknown
OKK,HM800S,HMC,4-axis-large,8000,40,420,BBT50,,,,90,unknown unknown
OKK,VP400,5AXIS,trunnion,20000,20,70,HSK-A63,,,,40,unknown unknown
OKK,VP600,5AXIS,trunnion,15000,30,150,HSK-A63,,,,60,unknown unknown
Okuma,MU-5000V,vertical_machining_center,5_axis_trunnion,15000,26,151,HSK-A63,,,,32,Okuma OSP-P300A
Okuma,MU-6300V,vertical_machining_center,5_axis_trunnion_large,15000,30,200,HSK-A63,,,,,Okuma OSP-P300A
Okuma,GENOS M560-V,vertical_machining_center,3_axis_vmc,15000,22,151,BT40,,,,32,Okuma OSP-P300A
Okuma,MB-5000H,horizontal_machining_center,4_axis_hmc,15000,22,200,HSK-A63,,,,48,Okuma OSP-P300A
Okuma,MULTUS B300II,turn_mill,5_axis_mill_turn,,22,,unknown,,,,40,Okuma OSP-P300A
Okuma,MULTUS U4000,turn_mill,5_axis_mill_turn_universal,,22,,unknown,,,,,Okuma OSP-P300A
Okuma,LB3000 EX II MY,lathe,y_axis_lathe,5000,15,447,unknown,,,,,Okuma OSP-P300A
Okuma,LB4000 EX II,lathe,large_lathe,3500,15,1068,unknown,,,,,Okuma OSP-P300A
Okuma,GENOS L300-MY,lathe,compact_y_axis_lathe,5000,22,286,unknown,,,,,Okuma OSP-P300A
Okuma,2SP-V760EX,lathe,twin_spindle_vtl,1000,22,955,unknown,,,,,Okuma OSP-P300A
Okuma,MCR-A5CII,double_column_machining_center,5_axis_bridge,10000,45,400,HSK-A100,,,,40,Okuma OSP-P500
Roku-Roku,GENOS M460-VE,vertical_machining_center,ultra_high_speed_graphite,42000,22,6.4,HSK-E40,,,,16,FANUC 31i-B5
Roku-Roku,GENOS M560-VE,vertical_machining_center,ultra_high_speed_graphite,36000,22,15,HSK-E50,,,,20,FANUC 31i-B5
Roku-Roku,MV-550,vertical_machining_center,high_speed_die_mold,24000,11,50,BBT40,,,,24,FANUC 31i-B5
Roku-Roku,MV-850,vertical_machining_center,high_speed_die_mold,20000,15,120,HSK-A63,,,,30,FANUC 31i-B5
Roku-Roku,MU-500VA,vertical_machining_center,5_axis_trunnion,20000,15,100,HSK-A63,,,,32,FANUC 31i-B5
Roku-Roku,DC-1612,double_column_machining_center,bridge_type,15000,7.5,200,HSK-A63,,,,40,FANUC 31i-B5
Roku-Roku,G-300,vertical_machining_center,compact_graphite,50000,7.5,3.5,HSK-E32,,,,12,FANUC 31i-B5
Roku-Roku,MA-500,vertical_machining_center,graphite_with_automation,30000,11,15,HSK-E50,,,,24,FANUC 31i-B5
Sodick,OPM250L,HYBRID,additive-subtractive,45000,2.5,5.5,HSK-E25,,,,16,unknown unknown
Sodick,OPM350L,HYBRID,additive-subtractive,45000,3.7,7,HSK-E32,,,,20,unknown unknown
Sodick,HS430L,VMC,linear-motor-high-speed,40000,11,15,HSK-E40,,,,21,unknown unknown
Sodick,HS650L,VMC,linear-motor-high-speed,30000,18,30,HSK-A63,,,,30,unknown unknown
Sodick,UH450L,VMC,ultra-high-speed,60000,5.5,3.5,HSK-E25,,,,16,unknown unknown
Spinner,VC 560,VMC,3-axis-compact,15000,18,90,HSK-A63,,,,24,unknown unknown
Spinner,VC 850,VMC,3-axis,12000,22,140,HSK-A63,,,,32,unknown unknown
Spinner,VC 1200,VMC,3-axis-large,10000,28,200,HSK-A100,,,,40,unknown unknown
Spinner,U 620,5AXIS,trunnion-compact,18000,20,85,HSK-A63,,,,40,unknown unknown
Spinner,U 1520,5AXIS,trunnion-large,12000,32,200,HSK-A100,,,,80,unknown unknown
Spinner,TTS 300,lathe,2-axis-compact,6000,15,180,unknown,,,,,unknown unknown
Spinner,TC 600-65 SMCY,lathe,4-axis-sub-y,,15,,unknown,,,,,unknown unknown
Takumi,H10,vertical_machining_center,high_speed_graphite,40000,18.5,9.5,HSK-E40,,,,16,FANUC 31i-B5
Takumi,H13,vertical_machining_center,high_speed_graphite,30000,22,25,HSK-E50,,,,24,FANUC 31i-B5
Takumi,V11A,vertical_machining_center,high_precision_vmc,20000,15,80,BBT40,,,,24,FANUC 31i-B5
Takumi,V15,vertical_machining_center,high_precision_vmc,15000,22,140,BBT40,,,,30,FANUC 31i-B5
Takumi,U600,vertical_machining_center,5_axis_trunnion,20000,15,120,HSK-A63,,,,32,FANUC 31i-B5
Takumi,DP-1612,double_column_machining_center,bridge_type,8000,15,400,BT50,,,,32,FANUC 31i-B5
Takumi,S500,vertical_machining_center,drill_tap_center,20000,11,15,BT30,,,,21,FANUC 0i-MF Plus
Takumi,UM-400,vertical_machining_center,ultra_precision,60000,15,2.5,HSK-E32,,,,12,FANUC 31i-B5
Toyoda,FH400J,HMC,4-axis,15000,25,119,BBT40,,,,60,unknown unknown
Toyoda,FH550J,HMC,4-axis,14000,35,178,BBT50,,,,90,unknown unknown
Toyoda,FH800SXJ,HMC,4-axis-large,10000,50,420,BBT50,,,,120,unknown unknown
Toyoda,FV1265,VMC,3-axis,12000,20,119,BBT40,,,,30,unknown unknown
Toyoda,FV1680,VMC,3-axis-large,10000,30,200,BBT50,,,,40,unknown unknown
Toyoda,FA450V,5AXIS,trunnion,12000,25,143,BBT40,,,,60,unknown unknown
Toyoda,FA630V,5AXIS,trunnion,10000,35,220,BBT50,,,,90,unknown unknown
Yasda,YBM 640V3,VMC,ultra-precision,20000,12,40,HSK-A63,,,,24,unknown unknown
Yasda,YBM 950V3,VMC,ultra-precision,15000,18,80,HSK-A63,,,,30,unknown unknown
Yasda,YMC 430,5AXIS,trunnion-precision,30000,15,28,HSK-E40,,,,20,unknown unknown
Yasda,YMC 650,5AXIS,trunnion-precision,24000,20,55,HSK-A63,,,,40,unknown unknown
Yasda,H40i,VMC,micro-precision,40000,5.5,8,HSK-E25,,,,16,unknown unknown
Mazak,,turning_center,,,,,A2-6,,,,,MAZATROL SmoothG
Mazak,,turning_center,,,,,A2-8,,,,,MAZATROL SmoothG
Mazak,,turning_center,,,,,A2-6,,,,,MAZATROL SmoothG
Mazak,,turning_center,,,,,A2-15,,,,,MAZATROL SmoothG
Mazak,,turning_center,,,,,A2-6,,,,,MAZATROL SmoothG
Mazak,,5axis_vtl_millturn,,,,,,,,,40,MAZATROL SmoothX
Mazak,,5axis_vtl_millturn,,,,,,,,,60,MAZATROL SmoothX
Mazak,,5axis_vtl_millturn,,,,,,,,,80,MAZATROL SmoothX
Mazak,,mill_turn_center,,,,,A2-8,,,,40,MAZATROL SmoothX
Mazak,,mill_turn_center,,,,,A2-11,,,,60,MAZATROL SmoothX
Mazak,,twin_spindle_turning,,,,,A2-6,,,,,MAZATROL SmoothG
Mazak,,twin_spindle_turning,,,,,A2-8,,,,,MAZATROL SmoothG
Mazak,,vertical_traveling_column,,,,,CAT50,,,,30,MAZATROL SmoothG
Mazak,,5axis_vertical_traveling,,,,,BT40,,,,30,MAZATROL SmoothX
Mazak,,5axis_machining_center,,,,,HSK-A63,,,,30,MAZATROL SmoothX
Mazak,,5axis_mill_turn,,,,,HSK-A63,,,,40,MAZATROL SmoothX
Mazak,,5axis_mill_turn,,,,,HSK-A100,,,,60,MAZATROL SmoothX
Mazak,,horizontal_machining_center,,,,,BT40,,,,40,MAZATROL SmoothG
Mazak,,horizontal_machining_center,,,,,BT40,,,,60,MAZATROL SmoothG
Mazak,,horizontal_machining_center,,,,,CAT50,,,,120,MAZATROL SmoothG
Mazak,,vertical_machining_center,,,,,BT40,,,,24,MAZATROL SmoothG
Mazak,,vertical_machining_center,,,,,BT40,,,,30,MAZATROL SmoothG
Mazak,,fiber_laser_cutter,,,,,,,,,,MAZATROL PreView
Mazak,,fiber_laser_cutter,,,,,,,,,,MAZATROL PreView
Mazak,,vertical_machining_center,,,,,CAT40,,,,16,MAZATROL SmoothEz
Mazak,,horizontal_machining_center,,,,,CAT50,,,,80,MAZATROL SmoothX
Mazak,,horizontal_machining_center,,,,,CAT50,,,,120,MAZATROL SmoothX
Okuma,,turning_center,,,,,A2-8,,,,,OSP-P300LA
Okuma,,turning_center,,,,,A2-8,,,,,OSP-P300LA
Okuma,,turning_center,,,,,A2-11,,,,,OSP-P300LA
Okuma,,turning_center,,,,,A2-11,,,,,OSP-P300LA
Okuma,,twin_turret_turning,,,,,A2-8,,,,,OSP-P300LA
Okuma,,twin_turret_turning,,,,,A2-11,,,,,OSP-P300LA
Okuma,,mill_turn_center,,,,,A2-11,,,,60,OSP-P300SA
Okuma,,mill_turn_center,,,,,A2-8,,,,40,OSP-P300SA
Okuma,,mill_turn_center,,,,,A2-11,,,,80,OSP-P300SA
Okuma,,5axis_vtl_millturn,,,,,,,,,40,OSP-P300SA
Okuma,,5axis_vtl_millturn,,,,,,,,,60,OSP-P300SA
DN Solutions,,5axis_machining_center,,,,,BT40,,,,30,31i-B5
DN Solutions,,turning_center,,,,,A2-6,,,,,0i-TF Plus
DN Solutions,,turning_center,,,,,A2-11,,,,,0i-TF Plus
DN Solutions,,turning_center,,,,,A2-8,,,,,0i-TF Plus
EMAG,,vertical_turning_grinding,,,,,chuck,,,,,SINUMERIK 840D sl
EMAG,,vertical_chuck_lathe,,,,,chuck,,,,,SINUMERIK 840D sl
EMAG,,vertical_shaft_lathe,,,,,,,,,,SINUMERIK 840D sl
Index,,turn_grind_center,,,,,collet_90mm,,,,,SINUMERIK 840D sl
Index,,turning_center,,,,,,,,,,SINUMERIK 840D sl
Index,,multi_spindle_auto,,,,,collet_32mm,,,,,SINUMERIK 840D sl
Index,,multi_spindle_auto,,,,,collet_40mm,,,,,SINUMERIK 840D sl
YCM,,5axis_machining_center,,,,,BT40,,,,24,31i-B5
YCM,,vertical_machining_center,,,,,BT40,,,,24,0i-MF
YCM,,vertical_machining_center,,,,,CAT50,,,,30,0i-MF
YCM,,5axis_machining_center,,,,,HSK-A63,,,,40,31i-B5
YCM,,turning_center,,,,,A2-8,,,,30,0i-TF
YCM,,horizontal_machining_center,,,,,CAT50,,,,60,31i-B5
Matsuura,,5axis_machining_center,,,,,HSK-E40,,,,30,31i-B5
Matsuura,,5axis_pallet_machining,,,,,HSK-A63,,,,40,31i-B5
Matsuura,,5axis_pallet_machining,,,,,HSK-A63,,,,60,31i-B5
Matsuura,,horizontal_machining_center,,,,,HSK-A63,,,,60,31i-B5
Matsuura,,horizontal_machining_center,,,,,HSK-A63,,,,80,31i-B5
DN Solutions,,turning_center,,,,,A2-5,,,,,0i-TF Plus
DN Solutions,,turning_center,,,,,A2-6,,,,,0i-TF Plus
DN Solutions,,turning_center,,,,,A2-8,,,,,0i-TF Plus
DN Solutions,,vertical_machining_center,,,,,BT40,,,,24,0i-MF Plus
DN Solutions,,vertical_machining_center,,,,,BT40,,,,30,0i-MF Plus
DN Solutions,,horizontal_machining_center,,,,,BT40,,,,60,31i-B5
DN Solutions,,5axis_machining_center,,,,,BT40,,,,40,31i-B5
DN Solutions,,mill_turn_center,,,,,,,,,,31i-B5
Toyoda,,horizontal_machining_center,,,,,BT40,,,,40,31i-B5
Toyoda,,horizontal_machining_center,,,,,BT40,,,,60,31i-B5
Toyoda,,horizontal_machining_center,,,,,CAT50,,,,80,31i-B5
Toyoda,,vertical_machining_center,,,,,CAT50,,,,30,0i-MF
Toyoda,,vertical_machining_center,,,,,CAT50,,,,30,0i-MF
Leadwell,,5axis_machining_center,,,,,BT40,,,,24,0i-MF
Leadwell,,vertical_machining_center,,,,,CAT50,,,,24,0i-MF
Leadwell,,turning_center,,,,,A2-8,,,,,0i-TF
Leadwell,,turning_center,,,,,A2-6,,,,,0i-TF
Leadwell,,turning_center,,,,,A2-11,,,,,0i-TF
Hardinge,,turning_center,,,,,A2-8,,,,,0i-TF Plus
Hardinge,,turning_center,,,,,A2-8,,,,,0i-TF Plus
Hardinge,,vertical_machining_center,,,,,BT40,,,,24,0i-MF
Hardinge,,vertical_machining_center,,,,,CAT50,,,,30,0i-MF
Hardinge,,turning_center,,,,,A2-6,,,,,0i-TF
Hardinge,,turning_center,,,,,A2-11,,,,,0i-TF
Feeler,,vertical_machining_center,,,,,BT40,,,,24,0i-MF
Feeler,,vertical_machining_center,,,,,CAT50,,,,24,0i-MF
Feeler,,turning_center,,,,,A2-6,,,,,0i-TF
Feeler,,5axis_machining_center,,,,,BT40,,,,30,31i-B5
Traub,,swiss_lathe,,,,,collet_12mm,,,,,TX8i-s V8
Traub,,turning_center,,,,,A2-8,,,,,TX8i-s V8
Traub,,turning_center,,,,,A2-11,,,,,TX8i-s V8
Makino,,vertical_machining_center,,,,,HSK-A63,,,,20,Professional 6
Makino,,vertical_machining_center,,,,,HSK-A63,,,,30,Professional 6
Makino,,vertical_machining_center,,,,,HSK-A100,,,,40,Professional 6
Makino,,horizontal_machining_center,,,,,HSK-A63,,,,40,Professional 6
Makino,,horizontal_machining_center,,,,,HSK-A63,,,,60,Professional 6
Makino,,horizontal_machining_center,,,,,HSK-A63,,,,60,Professional 6
Makino,,horizontal_machining_center,,,,,CAT50,,,,79,Professional 6
Makino,,horizontal_machining_center,,,,,CAT50,,,,106,Professional 6
Makino,,vertical_machining_center,,,,,HSK-E40,,,,15,Professional 6
Makino,,vertical_machining_center,,,,,HSK-A63,,,,30,Professional 6
Makino,,wire_edm,,,,,,,,,,Hyper-i
Nakamura-Tome,,mill_turn_center,,,,,A2-6,,,,,31i-B5
Nakamura-Tome,,mill_turn_center,,,,,A2-8,,,,,31i-B5
Nakamura-Tome,,turning_center,,,,,A2-6,,,,,31i-B5
Nakamura-Tome,,turning_center,,,,,A2-5,,,,,31i-B
Nakamura-Tome,,turning_center,,,,,A2-6,,,,,31i-B5
Nakamura-Tome,,turning_center,,,,,A2-8,,,,,31i-B
Chiron,,vertical_machining_center,,,,,HSK-E32,,,,12,SINUMERIK 840D sl
Chiron,,5axis_machining_center,,,,,HSK-A63,,,,24,SINUMERIK 840D sl
Chiron,,5axis_machining_center,,,,,HSK-A63,,,,30,SINUMERIK 840D sl
Chiron,,vertical_machining_center,,,,,HSK-A63,,,,40,SINUMERIK 840D sl
Chiron,,5axis_dual_spindle,,,,,HSK-A63,,,,24,SINUMERIK 840D sl
Chiron,,dual_spindle_vmc,,,,,HSK-A63,,,,36,SINUMERIK 840D sl
Chiron,,5axis_machining_center,,,,,HSK-A63,,,,30,SINUMERIK 840D sl
Hyundai WIA,,vertical_machining_center,,,,,BT40,,,,24,31i-B
Hyundai WIA,,vertical_machining_center,,,,,BT40,,,,30,31i-B
Hyundai WIA,,horizontal_machining_center,,,,,BT50,,,,60,31i-B
Hyundai WIA,,5axis_machining_center,,,,,HSK-A63,,,,30,31i-B5
Hyundai WIA,,turning_center,,,,,A2-6,,,,,31i-B
Hyundai WIA,,turning_center,,,,,A2-6,,,,,31i-B
Hyundai WIA,,turning_center,,,,,A2-11,,,,,31i-B
Heller,,horizontal_machining_center,,,,,HSK-A63,,,,60,SINUMERIK 840D sl
Heller,,horizontal_machining_center,,,,,HSK-A63,,,,80,SINUMERIK 840D sl
Heller,,horizontal_machining_center,,,,,HSK-A100,,,,120,SINUMERIK 840D sl
Heller,,5axis_machining_center,,,,,HSK-A63,,,,60,SINUMERIK 840D sl
Heller,,5axis_machining_center,,,,,HSK-A100,,,,80,SINUMERIK 840D sl
Heller,,horizontal_machining_center,,,,,HSK-A63,,,,40,SINUMERIK 840D sl
Okuma,,turning_center,,,,,A2-6,,,,,OSP-P300L
Okuma,,mill_turn_center,,,,,A2-8,,,,,OSP-P300S
Okuma,,turning_center,,,,,A2-5,,,,,OSP-P300L
Okuma,,turning_center,,,,,A2-6,,,,,OSP-P300L
Hermle,,5axis_mill_turn,,,,,HSK-A63,,,,60,TNC 640
Hermle,,5axis_mill_turn,,,,,HSK-A100,,,,80,TNC 640
Hermle,,5axis_machining_center,,,,,HSK-A63,,,,30,TNC 640
Hermle,,5axis_machining_center,,,,,HSK-A63,,,,50,TNC 640
Spinner,,vertical_machining_center,,,,,BT40,,,,24,SINUMERIK 828D
Spinner,,vertical_machining_center,,,,,BT40,,,,30,SINUMERIK 828D
Spinner,,5axis_machining_center,,,,,HSK-A63,,,,30,SINUMERIK 840D sl
Spinner,,turning_center,,,,,A2-5,,,,,SINUMERIK 828D
Spinner,,turning_center,,,,,A2-6,,,,,SINUMERIK 828D
Spinner,,turning_center,,,,,A2-8,,,,,SINUMERIK 840D sl
Grob,,5axis_machining_center,,,,,HSK-A63,,,,30,SINUMERIK 840D sl
Grob,,5axis_mill_turn,,,,,HSK-A63,,,,48,SINUMERIK 840D sl
Grob,,5axis_machining_center,,,,,HSK-A100,,,,80,SINUMERIK 840D sl
Citizen,,swiss_lathe,,,,,collet_12mm,,,,,Cincom M70
Citizen,,swiss_lathe,,,,,collet_16mm,,,,,Cincom M70
Citizen,,swiss_lathe,,,,,collet_16mm,,,,,Cincom M70
Citizen,,turning_center,,,,,collet_51mm,,,,,M80
Citizen,,turning_center,,,,,collet_42mm,,,,,M80
Star,,swiss_lathe,,,,,collet_10mm,,,,,31i-B5
Star,,swiss_lathe,,,,,collet_16mm,,,,,31i-B5
Tsugami,,swiss_lathe,,,,,collet_20mm,,,,,31i-B5
Tsugami,,swiss_lathe,,,,,collet_20mm,,,,,31i-B5
Tsugami,,swiss_lathe,,,,,collet_38mm,,,,,31i-B5
Hartford,,vertical_machining_center,,,,,BT40,,,,24,0i-MF
Hartford,,vertical_machining_center,,,,,BT40,,,,24,0i-MF
Hartford,,5axis_machining_center,,,,,BT40,,,,30,31i-B5
Quaser,,vertical_machining_center,,,,,BT40,,,,24,0i-MF
Quaser,,5axis_machining_center,,,,,HSK-A63,,,,30,31i-B5
Mazak,,turning_center,,,,,A2-5,,,,,MAZATROL SmoothG
Mazak,,turning_center,,,,,A2-6,,,,,MAZATROL SmoothG
Mazak,,turning_center,,,,,A2-8,,,,,MAZATROL SmoothG
Mazak,,turning_center,,,,,A2-8,,,,,MAZATROL SmoothG
Mazak,,turning_center,,,,,A2-11,,,,,MAZATROL SmoothG
Mazak,,turning_center,,,,,A2-15,,,,,MAZATROL SmoothG
Mazak,,mill_turn_center,,,,,,,,,,MAZATROL SmoothX
Mazak,,mill_turn_center,,,,,,,,,,MAZATROL SmoothX
Mazak,,mill_turn_center,,,,,,,,,,MAZATROL SmoothX
Mazak,,mill_turn_center,,,,,,,,,,MAZATROL SmoothX
Mazak,,mill_turn_center,,,,,,,,,,MAZATROL SmoothX
Mazak,,vertical_machining_center,,,,,BT40,,,,24,MAZATROL SmoothG
Mazak,,vertical_machining_center,,,,,BT40,,,,30,MAZATROL SmoothG
Mazak,,horizontal_machining_center,,,,,CAT50,,,,120,MAZATROL SmoothX
Mazak,,vertical_traveling_column,,,,,BT40,,,,30,MAZATROL SmoothG
DN Solutions,,turning_center,,,,,A2-6,,,,,0i-TF Plus
DN Solutions,,turning_center,,,,,A2-8,,,,,0i-TF Plus
DN Solutions,,turning_center,,,,,A2-11,,,,,0i-TF Plus
DN Solutions,,turning_center,,,,,A2-11,,,,,0i-TF Plus
DN Solutions,,turning_center,,,,,A2-15,,,,,0i-TF Plus
DN Solutions,,turning_center,,,,,A2-20,,,,,31i-B
DN Solutions,,turning_center,,,,,A2-5,,,,,0i-TF Plus
DN Solutions,,turning_center,,,,,A2-6,,,,,0i-TF Plus
DN Solutions,,turning_center,,,,,A2-6,,,,,0i-TF Plus
DN Solutions,,vertical_machining_center,,,,,BT40,,,,30,0i-MF Plus
DN Solutions,,vertical_machining_center,,,,,BT40,,,,30,0i-MF Plus
DN Solutions,,vertical_machining_center,,,,,CAT50,,,,30,0i-MF Plus
DN Solutions,,vertical_machining_center,,,,,CAT50,,,,30,0i-MF Plus
DN Solutions,,5axis_machining_center,,,,,BT40,,,,30,31i-B5
DN Solutions,,5axis_machining_center,,,,,BT40,,,,30,31i-B5
DN Solutions,,5axis_machining_center,,,,,HSK-A63,,,,40,31i-B5
DN Solutions,,5axis_machining_center,,,,,HSK-A100,,,,60,31i-B5
DN Solutions,,horizontal_machining_center,,,,,BT40,,,,40,31i-B5
DN Solutions,,horizontal_machining_center,,,,,BT40,,,,60,31i-B5
DN Solutions,,horizontal_machining_center,,,,,CAT50,,,,60,31i-B5
DN Solutions,,horizontal_machining_center,,,,,CAT50,,,,80,31i-B5
DN Solutions,,horizontal_machining_center,,,,,CAT50,,,,120,31i-B5
DN Solutions,,mill_turn_center,,,,,,,,,,31i-B5
DN Solutions,,mill_turn_center,,,,,,,,,,31i-B5
DN Solutions,,mill_turn_center,,,,,,,,,,31i-B5
Makino,,vertical_machining_center,,,,,HSK-A100,,,,40,Professional 6
Makino,,horizontal_machining_center,,,,,HSK-A100,,,,100,Professional 6
Makino,,horizontal_machining_center,,,,,CAT50,,,,150,Professional 6
Makino,,5axis_machining_center,,,,,HSK-A100,,,,120,Professional 6
Makino,,sinker_edm,,,,,,,,,,Hyper-i
Makino,,wire_edm,,,,,,,,,,Hyper-i
Makino,,wire_edm,,,,,,,,,,Hyper-i
Hyundai WIA,,5axis_machining_center,,,,,BT40,,,,30,31i-B5
Hyundai WIA,,vertical_machining_center,,,,,BT40,,,,30,0i-MF Plus
Hyundai WIA,,vertical_machining_center,,,,,CAT50,,,,30,0i-MF Plus
Hyundai WIA,,horizontal_machining_center,,,,,BT40,,,,60,31i-B5
Hyundai WIA,,horizontal_machining_center,,,,,CAT50,,,,80,31i-B5
Hyundai WIA,,turning_center,,,,,A2-6,,,,,0i-TF Plus
Hyundai WIA,,turning_center,,,,,A2-8,,,,,0i-TF Plus
Hyundai WIA,,turning_center,,,,,A2-11,,,,,0i-TF Plus
Hyundai WIA,,vertical_machining_center,,,,,BT40,,,,24,0i-MF Plus
Nakamura-Tome,,turning_center,,,,,A2-5,,,,,31i-B5
Nakamura-Tome,,turning_center,,,,,A2-6,,,,,31i-B5
Nakamura-Tome,,mill_turn_center,,,,,A2-8,,,,,31i-B5
Nakamura-Tome,,mill_turn_center,,,,,,,,,,31i-B5
Nakamura-Tome,,turning_center,,,,,A2-6,,,,,0i-TF
Nakamura-Tome,,turning_center,,,,,A2-8,,,,,31i-B5
Chiron,,vertical_machining_center,,,,,HSK-E32,,,,12,SINUMERIK 840D sl
Chiron,,5axis_machining_center,,,,,HSK-A63,,,,24,SINUMERIK 840D sl
Chiron,,5axis_machining_center,,,,,HSK-A63,,,,30,SINUMERIK 840D sl
Chiron,,5axis_twin_spindle,,,,,HSK-A63,,,,24,SINUMERIK 840D sl
Chiron,,vertical_machining_center,,,,,HSK-A63,,,,30,SINUMERIK 840D sl
Spinner,,5axis_machining_center,,,,,HSK-A63,,,,40,SINUMERIK 840D sl
Spinner,,turning_center,,,,,A2-6,,,,,SINUMERIK 840D sl
Spinner,,turning_center,,,,,A2-8,,,,,SINUMERIK 840D sl
Spinner,,turning_center,,,,,A2-6,,,,,SINUMERIK 840D sl
AWEA,,vertical_machining_center,,,,,CAT50,,,,30,0i-MF
AWEA,,vertical_machining_center,,,,,CAT50,,,,30,0i-MF
AWEA,,double_column_machining_center,,,,,CAT50,,,,24,0i-MF
AWEA,,double_column_machining_center,,,,,CAT50,,,,30,0i-MF
AWEA,,double_column_machining_center,,,,,CAT50,,,,40,31i-B
AWEA,,5axis_double_column,,,,,HSK-A63,,,,30,31i-B5
Citizen,,swiss_lathe,,,,,collet_12mm,,,,,Cincom M70
Citizen,,swiss_lathe,,,,,collet_20mm,,,,,Cincom M70
Citizen,,swiss_lathe,,,,,collet_7mm,,,,,Cincom M70
Star,,swiss_lathe,,,,,collet_20mm,,,,,31i-B5
Tsugami,,swiss_lathe,,,,,collet_20mm,,,,,31i-B5
Tsugami,,swiss_lathe,,,,,collet_6mm,,,,,31i-B5
Tsugami,,swiss_lathe,,,,,collet_38mm,,,,,31i-B5
Traub,,swiss_lathe,,,,,collet_20mm,,,,,TX8i-s V8
Traub,,turning_center,,,,,A2-6,,,,,TX8i-s V8
DMG MORI,,5axis_machining_center,,,,,HSK-A63,,,,60,SINUMERIK 840D sl
DMG MORI,,5axis_machining_center,,,,,HSK-A63,,,,80,SINUMERIK 840D sl
DMG MORI,,5axis_machining_center,,,,,HSK-A100,,,,120,SINUMERIK 840D sl
DMG MORI,,5axis_machining_center,,,,,HSK-A100,,,,120,SINUMERIK 840D sl
DMG MORI,,5axis_machining_center,,,,,HSK-A100,,,,180,SINUMERIK 840D sl
DMG MORI,,mill_turn_center,,,,,A2-8,,,,,SINUMERIK 840D sl
DMG MORI,,mill_turn_center,,,,,A2-11,,,,,SINUMERIK 840D sl
DMG MORI,,mill_turn_center,,,,,A2-11,,,,,SINUMERIK 840D sl
DMG MORI,,mill_turn_center,,,,,A2-6,,,,,SINUMERIK 840D sl
DMG MORI,,mill_turn_center,,,,,A2-8,,,,,SINUMERIK 840D sl
DMG MORI,,mill_turn_center,,,,,A2-8,,,,,SINUMERIK 840D sl
DMG MORI,,swiss_lathe,,,,,collet_20mm,,,,,SINUMERIK 840D sl
DMG MORI,,swiss_lathe,,,,,collet_20mm,,,,,SINUMERIK 840D sl
DMG MORI,,swiss_lathe,,,,,collet_32mm,,,,,SINUMERIK 840D sl
DMG MORI,,swiss_lathe,,,,,collet_32mm,,,,,SINUMERIK 840D sl
DMG MORI,,swiss_lathe,,,,,collet_50mm,,,,,SINUMERIK 840D sl
DMG MORI,,5axis_machining_center,,,,,HSK-A63,,,,15,SINUMERIK ONE
DMG MORI,,vertical_machining_center,,,,,BT40,,,,15,SINUMERIK ONE
DMG MORI,,5axis_machining_center,,,,,HSK-A63,,,,30,SINUMERIK ONE
DMG MORI,,5axis_machining_center,,,,,HSK-A63,,,,40,SINUMERIK ONE
DMG MORI,,horizontal_machining_center,,,,,HSK-A63,,,,60,SINUMERIK 840D sl
DMG MORI,,turning_center,,,,,A2-8,,,,,31i-B
DMG MORI,,turning_center,,,,,A2-11,,,,,31i-B
DMG MORI,,turning_center,,,,,A2-6,,,,,31i-B
DMG MORI,,turning_center,,,,,A2-8,,,,,31i-B
DMG MORI,,turning_center,,,,,A2-8,,,,,31i-B
DMG MORI,,turning_center,,,,,A2-11,,,,,31i-B
DMG MORI,,turning_center,,,,,A2-11,,,,,31i-B
DMG MORI,,5axis_mill_turn,,,,,HSK-A63,,,,60,SINUMERIK 840D sl
DMG MORI,,5axis_mill_turn,,,,,HSK-A100,,,,120,SINUMERIK 840D sl
DMG MORI,,5axis_mill_turn,,,,,HSK-A100,,,,180,SINUMERIK 840D sl
DMG MORI,,5axis_gantry,,,,,HSK-A100,,,,120,SINUMERIK 840D sl
DMG MORI,,5axis_gantry,,,,,HSK-A100,,,,180,SINUMERIK 840D sl
DMG MORI,,5axis_gantry,,,,,HSK-A100,,,,240,SINUMERIK 840D sl
DMG MORI,,hybrid_additive_5axis,,,,,HSK-A63,,,,30,SINUMERIK 840D sl
DMG MORI,,hybrid_additive_5axis,,,,,HSK-A100,,,,60,SINUMERIK 840D sl
DMG MORI,,laser_texturing,,,,,,,,,,SINUMERIK 840D sl
DMG MORI,,laser_drilling,,,,,,,,,,SINUMERIK 840D sl
DMG MORI,,5axis_ultrasonic,,,,,HSK-A63,,,,30,SINUMERIK 840D sl
DMG MORI,,5axis_ultrasonic,,,,,HSK-A63,,,,60,SINUMERIK 840D sl
DMG MORI,,vertical_machining_center,,,,,BT40,,,,24,SINUMERIK 840D sl
DMG MORI,,vertical_machining_center,,,,,BT40,,,,24,SINUMERIK 840D sl
DMG MORI,,vertical_machining_center,,,,,BT40,,,,30,SINUMERIK 840D sl
DMG MORI,,vertical_machining_center,,,,,HSK-A63,,,,30,SINUMERIK 840D sl
DMG MORI,,vertical_machining_center,,,,,HSK-A63,,,,30,SINUMERIK 840D sl
DMG MORI,,vertical_machining_center,,,,,HSK-A63,,,,40,SINUMERIK 840D sl
DMG MORI,,5axis_machining_center,,,,,HSK-A63,,,,30,SINUMERIK 840D sl
DMG MORI,,5axis_machining_center,,,,,HSK-A63,,,,30,SINUMERIK 840D sl
DMG MORI,,5axis_machining_center,,,,,HSK-A63,,,,40,SINUMERIK 840D sl
DMG MORI,,5axis_machining_center,,,,,HSK-A63,,,,60,SINUMERIK 840D sl
DMG MORI,,5axis_machining_center,,,,,HSK-A100,,,,60,SINUMERIK 840D sl
DMG MORI,,5axis_machining_center,,,,,HSK-A100,,,,60,SINUMERIK 840D sl
DMG MORI,,5axis_machining_center,,,,,HSK-A63,,,,30,SINUMERIK 840D sl
DMG MORI,,5axis_machining_center,,,,,HSK-A63,,,,30,SINUMERIK 840D sl
DMG MORI,,5axis_machining_center,,,,,HSK-A63,,,,40,SINUMERIK 840D sl
DMG MORI,,horizontal_machining_center,,,,,HSK-A63,,,,60,SINUMERIK 840D sl
DMG MORI,,horizontal_machining_center,,,,,HSK-A63,,,,60,SINUMERIK 840D sl
DMG MORI,,horizontal_machining_center,,,,,CAT50,,,,60,SINUMERIK 840D sl
DMG MORI,,horizontal_machining_center,,,,,CAT50,,,,80,SINUMERIK 840D sl
DMG MORI,,horizontal_machining_center,,,,,CAT50,,,,120,SINUMERIK 840D sl
DMG MORI,,horizontal_machining_center,,,,,CAT50,,,,120,SINUMERIK 840D sl
DMG MORI,,turning_center,,,,,A2-6,,,,,SINUMERIK 840D sl
DMG MORI,,turning_center,,,,,A2-6,,,,,SINUMERIK 840D sl
DMG MORI,,turning_center,,,,,A2-8,,,,,SINUMERIK 840D sl
DMG MORI,,turning_center,,,,,A2-6,,,,,SINUMERIK 840D sl
DMG MORI,,turning_center,,,,,A2-8,,,,,SINUMERIK 840D sl
DMG MORI,,turning_center,,,,,A2-8,,,,,SINUMERIK 840D sl
DMG MORI,,mill_turn_center,,,,,A2-11,,,,,SINUMERIK 840D sl
DMG MORI,,turning_center,,,,,A2-5,,,,,31i-B
DMG MORI,,turning_center,,,,,A2-6,,,,,31i-B
DMG MORI,,turning_center,,,,,A2-8,,,,,31i-B
DMG MORI,,turning_center,,,,,A2-11,,,,,31i-B
DMG MORI,,turning_center,,,,,A2-11,,,,,31i-B
DMG MORI,,mill_turn_center,,,,,,,,,,31i-B5
DMG MORI,,mill_turn_center,,,,,,,,,,31i-B5
DMG MORI,,mill_turn_center,,,,,,,,,,31i-B5
DMG MORI,,mill_turn_center,,,,,,,,,,31i-B5
DMG MORI,,5axis_mill_turn,,,,,HSK-A63,,,,60,SINUMERIK 840D sl
DMG MORI,,5axis_mill_turn,,,,,HSK-A100,,,,120,SINUMERIK 840D sl
DMG MORI,,traveling_column_vmc,,,,,HSK-A63,,,,40,SINUMERIK 840D sl
DMG MORI,,traveling_column_vmc,,,,,HSK-A100,,,,60,SINUMERIK 840D sl
DMG MORI,,5axis_ultrasonic,,,,,HSK-E40,,,,30,SINUMERIK 840D sl
DMG MORI,,additive_slm,,,,,,,,,,SINUMERIK 840D sl
DMG MORI,,hybrid_additive_subtractive,,,,,HSK-A63,,,,30,SINUMERIK 840D sl
Mazak,,turning_center,,,,,A2-5,,,,,MAZATROL SmoothG
Mazak,,turning_center,,,,,A2-6,,,,,MAZATROL SmoothG
Mazak,,turning_center,,,,,A2-8,,,,,MAZATROL SmoothG
Mazak,,turning_center,,,,,A2-8,,,,,MAZATROL SmoothG
Mazak,,turning_center,,,,,A2-11,,,,,MAZATROL SmoothG
Mazak,,turning_center,,,,,A2-11,,,,,MAZATROL SmoothG
Mazak,,mill_turn_center,,,,,A2-6,,,,,MAZATROL SmoothX
Mazak,,mill_turn_center,,,,,A2-8,,,,,MAZATROL SmoothX
Mazak,,mill_turn_center,,,,,A2-8,,,,,MAZATROL SmoothX
Mazak,,mill_turn_center,,,,,A2-11,,,,,MAZATROL SmoothX
Mazak,,mill_turn_center,,,,,A2-11,,,,,MAZATROL SmoothX
Mazak,,mill_turn_center,,,,,A2-15,,,,,MAZATROL SmoothX
Mazak,,vertical_mill_turn,,,,,table_rotary,,,,40,MAZATROL SmoothX
Mazak,,horizontal_mill_turn,,,,,A2-15,,,,,MAZATROL SmoothX
Okuma,,vertical_machining_center,,,,,BT40,,,,32,OSP-P300MA
Okuma,,vertical_machining_center,,,,,BT40,,,,32,OSP-P300MA
Okuma,,vertical_machining_center,,,,,CAT50,,,,32,OSP-P300MA
Okuma,,vertical_machining_center,,,,,BT40,,,,32,OSP-P300MA
Okuma,,horizontal_machining_center,,,,,BT40,,,,48,OSP-P300MA
Okuma,,horizontal_machining_center,,,,,CAT50,,,,60,OSP-P300MA
Okuma,,horizontal_machining_center,,,,,BT40,,,,40,OSP-P300MA
Okuma,,horizontal_machining_center,,,,,CAT50,,,,60,OSP-P300MA
Okuma,,5axis_machining_center,,,,,BT40,,,,32,OSP-P300MA
Okuma,,5axis_machining_center,,,,,BT40,,,,32,OSP-P300MA
Okuma,,5axis_machining_center,,,,,BT40,,,,48,OSP-P300MA
Okuma,,5axis_machining_center,,,,,CAT50,,,,80,OSP-P300MA
Okuma,,double_column_machining_center,,,,,CAT50,,,,32,OSP-P300MA
Citizen,,swiss_lathe,,,,,collet_20mm,,,,,Cincom M70
Citizen,,swiss_lathe,,,,,collet_32mm,,,,,Cincom M70
Citizen,,swiss_lathe,,,,,collet_25mm,,,,,Cincom M70
Citizen,,swiss_lathe,,,,,collet_20mm,,,,,Cincom M70
Citizen,,turning_center,,,,,collet_42mm,,,,,Mitsubishi M70V
Star,,swiss_lathe,,,,,collet_20mm,,,,,31i-B5
Star,,swiss_lathe,,,,,collet_32mm,,,,,31i-B5
Star,,swiss_lathe,,,,,collet_38mm,,,,,31i-B5
Star,,swiss_lathe,,,,,collet_20mm,,,,,31i-B5
Tsugami,,swiss_lathe,,,,,collet_8mm,,,,,31i-B5
Tsugami,,swiss_lathe,,,,,collet_20mm,,,,,31i-B5
Tsugami,,swiss_lathe,,,,,collet_25mm,,,,,31i-B5
Fadal,,vertical_machining_center,,,,,CAT40,,,,21,Fadal CNC
Fadal,,vertical_machining_center,,,,,CAT40,,,,30,Fadal CNC
Fadal,,vertical_machining_center,,,,,CAT40,,,,21,Fadal CNC
Fadal,,vertical_machining_center,,,,,CAT50,,,,30,Fadal CNC
YCM,,vertical_machining_center,,,,,BT40,,,,24,0i-MF
YCM,,vertical_machining_center,,,,,BT40,,,,24,0i-MF
YCM,,vertical_machining_center,,,,,CAT50,,,,30,0i-MF
YCM,,5axis_machining_center,,,,,BT40,,,,30,31i-B5
YCM,,horizontal_machining_center,,,,,BT40,,,,40,31i-B5
EMAG,,vertical_turning_lathe,,,,,collet,,,,,SINUMERIK 840D sl
EMAG,,vertical_turning_lathe,,,,,chuck,,,,,SINUMERIK 840D sl
EMAG,,vertical_turning_lathe,,,,,chuck,,,,,SINUMERIK 840D sl
EMAG,,vertical_turning_lathe,,,,,chuck,,,,,SINUMERIK 840D sl
Index,,turning_center,,,,,collet_65mm,,,,,SINUMERIK 840D sl
Index,,turning_center,,,,,collet_90mm,,,,,SINUMERIK 840D sl
Index,,multi_spindle_auto,,,,,collet_22mm,,,,,SINUMERIK 840D sl
Index,,turn_grind_center,,,,,collet_65mm,,,,,SINUMERIK 840D sl
Traub,,swiss_lathe,,,,,collet_32mm,,,,,TX8i-s V8
Mitsui Seiki,,5axis_jig_borer,,,,,HSK-E40,,,,20,31i-B5
Mitsui Seiki,,jig_borer,,,,,CAT50,,,,30,31i-B5
Mitsui Seiki,,horizontal_machining_center,,,,,HSK-A63,,,,60,31i-B5
Brother,,3AXIS_VMC,,,,,CAT40,,,,,CNC-C00
Brother,,HMC,,,,,CAT40,,,,,CNC-C00
Brother,,3AXIS_VMC,,,,,CAT40,,,,,CNC-C00
Brother,,3AXIS_VMC,,,,,CAT40,,,,,CNC-C00
Brother,,3AXIS_VMC,,,,,CAT40,,,,,CNC-C00
Brother,,3AXIS_VMC,,,,,CAT40,,,,,CNC-C00
Brother,,3AXIS_VMC,,,,,CAT40,,,,,CNC-C00
Brother,,3AXIS_VMC,,,,,CAT40,,,,,CNC-C00
Brother,,3AXIS_VMC,,,,,CAT40,,,,,CNC-C00
Brother,,3AXIS_VMC,,,,,CAT40,,,,,CNC-C00
Brother,,3AXIS_VMC,,,,,CAT40,,,,,CNC-C00
Brother,,3AXIS_VMC,,,,,CAT40,,,,,CNC-C00
Brother,,3AXIS_VMC,,,,,CAT40,,,,,CNC-C00
Brother,,3AXIS_VMC,,,,,CAT40,,,,,CNC-C00
Brother,,3AXIS_VMC,,,,,CAT40,,,,,CNC-C00
Brother,,3AXIS_VMC,,,,,CAT40,,,,,CNC-C00
Brother,,3AXIS_VMC,,,,,CAT40,,,,,CNC-C00
Brother,,3AXIS_VMC,,,,,CAT40,,,,,CNC-C00
DATRON,,5AXIS_TRUNNION,,,,,CAT40,,,,10,Datron next
DATRON,,5AXIS_TRUNNION,,,,,CAT40,,,,10,Datron next
DATRON,,5AXIS_TRUNNION,,,,,CAT40,,,,10,Datron next
DATRON,,5AXIS_TRUNNION,,,,,CAT40,,,,6,Datron next
DATRON,,5AXIS_TRUNNION,,,,,CAT40,,,,,Datron next
DN Solutions,,3AXIS_VMC,,,,,CAT40,,,,30,0i-MF
DN Solutions,,3AXIS_VMC,,,,,CAT40,,,,30,0i-MF
DN Solutions,,3AXIS_VMC,,,,,CAT40,,,,30,0i-MF
DN Solutions,,3AXIS_VMC,,,,,CAT40,,,,30,0i-MF
DN Solutions,,3AXIS_VMC,,,,,CAT40,,,,30,0i-MF
Haas,,3AXIS_VMC,,,,,CAT40,,,,20,Haas NGC
Haas,,HMC,,,,,CAT50,,,,40,Haas NGC
Haas,,HMC,,,,,CAT50,,,,40,Haas NGC
Haas,,HMC,,,,,CAT50,,,,40,Haas NGC
Haas,,HMC,,,,,CAT50,,,,40,Haas NGC
Haas,,3AXIS_VMC,,,,,CAT40,,,,10,Haas NGC
Haas,,3AXIS_VMC,,,,,CAT40,,,,10,Haas NGC
Haas,,3AXIS_VMC,,,,,CAT40,,,,10,Haas NGC
Haas,,3AXIS_VMC,,,,,CAT40,,,,10,Haas NGC
Haas,,3AXIS_VMC,,,,,CAT40,,,,10,Haas NGC
Haas,,3AXIS_VMC,,,,,CAT40,,,,10,Haas NGC
Haas,,3AXIS_VMC,,,,,CAT40,,,,10,Haas NGC
Haas,,3AXIS_VMC,,,,,CAT40,,,,10,Haas NGC
Haas,,3AXIS_VMC,,,,,CAT40,,,,10,Haas NGC
Haas,,5AXIS_TRUNNION,,,,,CAT40,,,,40,Haas NGC
Haas,,5AXIS_TRUNNION,,,,,CAT40,,,,40,Haas NGC
Haas,,3AXIS_VMC,,,,,CAT40,,,,24,Haas NGC
Haas,,3AXIS_VMC,,,,,CAT40,,,,20,Haas NGC
Haas,,3AXIS_VMC,,,,,CAT50,,,,24,Haas NGC
Haas,,3AXIS_VMC,,,,,CAT50,,,,30,Haas NGC
Haas,,3AXIS_VMC,,,,,CAT40,,,,30,Haas NGC
Haas,,3AXIS_VMC,,,,,CAT40,,,,30,Haas NGC
Haas,,3AXIS_VMC,,,,,CAT50,,,,30,Haas NGC
Haas,,3AXIS_VMC,,,,,CAT40,,,,24,Haas NGC
Haas,,5AXIS_TRUNNION,,,,,CAT40,,,,24,Haas NGC
Haas,,3AXIS_VMC,,,,,CAT40,,,,24,Haas NGC
Haas,,3AXIS_VMC,,,,,CAT40,,,,24,Haas NGC
Haas,,3AXIS_VMC,,,,,CAT40,,,,24,Haas NGC
Haas,,3AXIS_VMC,,,,,CAT40,,,,24,Haas NGC
Haas,,3AXIS_VMC,,,,,CAT40,,,,24,Haas NGC
Haas,,3AXIS_VMC,,,,,CAT40,,,,24,Haas NGC
Haas,,3AXIS_VMC,,,,,CAT40,,,,24,Haas NGC
Haas,,3AXIS_VMC,,,,,CAT40,,,,24,Haas NGC
Haas,,3AXIS_VMC,,,,,CAT40,,,,24,Haas NGC
Haas,,3AXIS_VMC,,,,,CAT40,,,,24,Haas NGC
Haas,,3AXIS_VMC,,,,,CAT40,,,,24,Haas NGC
Heller,,3AXIS_VMC,,,,,CAT40,,,,50,SINUMERIK 840D sl
Heller,,3AXIS_VMC,,,,,CAT40,,,,80,SINUMERIK 840D sl
Hurco,,3AXIS_VMC,,,,,CAT40,,,,40,WinMax
Hurco,,3AXIS_VMC,,,,,CAT40,,,,40,WinMax
Hurco,,3AXIS_VMC,,,,,CAT40,,,,40,WinMax
Hurco,,3AXIS_VMC,,,,,CAT40,,,,40,WinMax
Hurco,,3AXIS_VMC,,,,,CAT40,,,,,WinMax
Hurco,,3AXIS_VMC,,,,,CAT40,,,,,WinMax
Hurco,,3AXIS_VMC,,,,,CAT40,,,,30,WinMax
Hurco,,3AXIS_VMC,,,,,CAT40,,,,24,WinMax
Hurco,,3AXIS_VMC,,,,,CAT40,,,,40,WinMax
Hurco,,3AXIS_VMC,,,,,CAT40,,,,,WinMax
Hurco,,4AXIS_VMC,,,,,CAT40,,,,,WinMax
Hurco,,4AXIS_VMC,,,,,CAT40,,,,,WinMax
Hurco,,3AXIS_VMC,,,,,CAT40,,,,,WinMax
Hurco,,3AXIS_VMC,,,,,CAT40,,,,,WinMax
Hurco,,3AXIS_VMC,,,,,CAT40,,,,,WinMax
Hurco,,3AXIS_VMC,,,,,CAT40,,,,20,WinMax
Hurco,,3AXIS_VMC,,,,,CAT40,,,,20,WinMax
Hurco,,3AXIS_VMC,,,,,CAT40,,,,24,WinMax
Hurco,,3AXIS_VMC,,,,,CAT40,,,,24,WinMax
Hurco,,3AXIS_VMC,,,,,CAT40,,,,30,WinMax
Hurco,,3AXIS_VMC,,,,,CAT40,,,,20,WinMax
Hurco,,3AXIS_VMC,,,,,CAT40,,,,10,WinMax
Kern,,3AXIS_VMC,,,,,CAT40,,,,30,TNC 640
Kern,,5AXIS_TRUNNION,,,,,CAT40,,,,30,TNC 640
Kern,,3AXIS_VMC,,,,,CAT40,,,,96,TNC 640
Kern,,3AXIS_VMC,,,,,CAT40,,,,75,TNC 640
Makino,,3AXIS_VMC,,,,,CAT40,,,,20,Professional 6
Makino,,3AXIS_VMC,,,,,CAT40,,,,60,Professional 6
Matsuura,,3AXIS_VMC,,,,,CAT40,,,,40,31i-B5
Matsuura,,3AXIS_VMC,,,,,CAT40,,,,40,31i-B5
Matsuura,,3AXIS_VMC,,,,,CAT40,,,,40,31i-B5
Matsuura,,3AXIS_VMC,,,,,CAT40,,,,90,31i-B5
Matsuura,,3AXIS_VMC,,,,,CAT40,,,,90,31i-B5
Matsuura,,3AXIS_VMC,,,,,CAT40,,,,90,31i-B5
Matsuura,,3AXIS_VMC,,,,,CAT40,,,,30,31i-B5
Matsuura,,3AXIS_VMC,,,,,CAT40,,,,30,31i-B5
Matsuura,,3AXIS_VMC,,,,,CAT40,,,,,31i-B5
Matsuura,,3AXIS_VMC,,,,,CAT40,,,,30,31i-B5
Okuma,,3AXIS_VMC,,,,,CAT40,,,,30,OSP-P300MA
Okuma,,5AXIS_TRUNNION,,,,,CAT40,,,,30,OSP-P300MA
Haas,,5AXIS_TRUNNION,,,,,CAT40,,,,40,Haas NGC
Haas,,5AXIS_TRUNNION,,,,,CAT40,,,,40,Haas NGC
Haas,,5AXIS_TRUNNION,,,,,CAT40,,,,40,Haas NGC
Haas,,5AXIS_TRUNNION,,,,,CAT40,,,,40,Haas NGC
Haas,,5AXIS_TRUNNION,,,,,CAT40,,,,40,Haas NGC
Haas,,5AXIS_TRUNNION,,,,,BT30,,,,40,Haas NGC
Haas,,DRILL_TAP,,,,,BT30,,,,18,Haas NGC
Haas,,DRILL_TAP,,,,,BT30,,,,18,Haas NGC
Haas,,GANTRY_MILL,,,,,CAT40,,,,10,Haas NGC
Haas,,3AXIS_VMC,,,,,CAT40,,,,10,Haas NGC
Haas,,3AXIS_VMC,,,,,CAT40,,,,10,Haas NGC
Haas,,3AXIS_VMC,,,,,CAT40,,,,24,Haas NGC
Haas,,3AXIS_VMC,,,,,CAT40,,,,24,Haas NGC
Haas,,3AXIS_VMC,,,,,CAT50,,,,24,Haas NGC
Haas,,3AXIS_VMC,,,,,CAT40,,,,24,Haas NGC
Haas,,3AXIS_VMC,,,,,CAT40,,,,30,Haas NGC
Haas,,3AXIS_VMC,,,,,CAT50,,,,30,Haas NGC
Haas,,5AXIS_TRUNNION,,,,,CAT40,,,,40,Haas NGC
Haas,,5AXIS_TRUNNION,,,,,CAT40,,,,40,Haas NGC
Haas,,5AXIS_GANTRY,,,,,CAT40,,,,10,Haas NGC
Haas,,5AXIS_TABLE,,,,,CAT40,,,,24,Haas NGC
Hurco,,HMC,,,,,BT50,,,,,WinMax
Hurco,,5AXIS_SWIVEL,,,,,CAT40,,,,,WinMax
Hurco,,3AXIS_VMC,,,,,BT50,,,,,WinMax
Hurco,,5AXIS_UNIVERSAL,,,,,BT50,,,,,WinMax
Hurco,,3AXIS_VMC,,,,,CAT40,,,,,WinMax
Hurco,,5AXIS_UNIVERSAL,,,,,CAT40,,,,,WinMax
Hurco,,5AXIS_UNIVERSAL,,,,,CAT40,,,,,WinMax
Hurco,,5AXIS_DIRECT,,,,,HSK-A63,,,,,WinMax
Hurco,,5AXIS_TRUNNION,,,,,CAT40,,,,,WinMax
Hurco,,5AXIS_SWIVEL_ROTARY,,,,,BT50,,,,,WinMax
Hurco,,5AXIS_COMPACT,,,,,CAT40,,,,,WinMax
Hurco,,3AXIS_VMC,,,,,BT50,,,,,WinMax
Hurco,,5AXIS_DIRECT,,,,,HSK-A63,,,,,WinMax
Hurco,,3AXIS_VMC,,,,,CAT40,,,,,WinMax
Hurco,,3AXIS_VMC,,,,,BT50,,,,,WinMax
Hurco,,DUAL_COLUMN,,,,,BT50,,,,,WinMax
Mazak,,3AXIS_VMC,,,,,CAT50,,,,,MAZATROL SmoothG
Mazak,,3AXIS_VMC,,,,,CAT50,,,,,MAZATROL SmoothG
Mazak,,3AXIS_VMC,,,,,CAT50,,,,,MAZATROL SmoothG
Mazak,,5AXIS_TRUNNION,,,,,CAT40,,,,,MAZATROL SmoothG
Mazak,,5AXIS_TRUNNION,,,,,HSK-A63,,,,30,MAZATROL SmoothG
Mazak,,3AXIS_VMC,,,,,CAT40,,,,30,MAZATROL SmoothG
Mazak,,HMC,,,,,CAT50,,,,,MAZATROL SmoothG
Mazak,,HMC,,,,,CAT40,,,,40,MAZATROL SmoothG
Mazak,,HMC,,,,,CAT40,,,,60,MAZATROL SmoothG
Mazak,,HMC,,,,,CAT50,,,,60,MAZATROL SmoothG
Mazak,,HMC,,,,,CAT50,,,,,MAZATROL SmoothG
Mazak,,HMC,,,,,CAT50,,,,80,MAZATROL SmoothG
Mazak,,HMC,,,,,CAT50,,,,,MAZATROL SmoothG
Mazak,,MULTITASK_VERTICAL,,,,,CAT50,,,,,MAZATROL SmoothG
Mazak,,MULTITASK_VERTICAL,,,,,CAT50,,,,,MAZATROL SmoothG
Mazak,,5AXIS_TRUNNION,,,,,CAT40,,,,30,MAZATROL SmoothG
Mazak,,5AXIS_TRUNNION,,,,,CAT40,,,,30,MAZATROL SmoothG
Mazak,,5AXIS_TRUNNION,,,,,CAT40,,,,30,MAZATROL SmoothG
Mazak,,5AXIS_TRUNNION,,,,,CAT40,,,,40,MAZATROL SmoothG
Mazak,,5AXIS_TRUNNION,,,,,CAT50,,,,60,MAZATROL SmoothG
Mazak,,5AXIS_TRUNNION,,,,,CAT40,,,,,MAZATROL SmoothG
Mazak,,5AXIS_TRUNNION,,,,,CAT40,,,,,MAZATROL SmoothG
Mazak,,5AXIS_TRUNNION,,,,,CAT40,,,,,MAZATROL SmoothG
Mazak,,5AXIS_TRUNNION,,,,,CAT40,,,,,MAZATROL SmoothG
Mazak,,5AXIS_TRUNNION,,,,,HSK-A63,,,,,MAZATROL SmoothG
Mazak,,5AXIS_MILL_TURN,,,,,CAT40,,,,,MAZATROL SmoothG
Mazak,,3AXIS_VMC,,,,,CAT40,,,,16,MAZATROL SmoothG
Mazak,,3AXIS_VMC,,,,,CAT40,,,,20,MAZATROL SmoothG
Mazak,,3AXIS_VMC,,,,,CAT40,,,,,MAZATROL SmoothG
Mazak,,3AXIS_VMC,,,,,CAT40,,,,,MAZATROL SmoothG
Mazak,,4AXIS_VMC,,,,,CAT40,,,,,MAZATROL SmoothG
Mazak,,3AXIS_VMC,,,,,CAT40,,,,,MAZATROL SmoothG
Mazak,,3AXIS_VMC,,,,,CAT40,,,,30,MAZATROL SmoothG
Mazak,,3AXIS_VMC,,,,,CAT40,,,,,MAZATROL SmoothG
Mazak,,3AXIS_VMC,,,,,CAT40,,,,,MAZATROL SmoothG
Mazak,,3AXIS_VMC,,,,,CAT40,,,,,MAZATROL SmoothG
Mazak,,5AXIS_SWIVEL_ROTARY,,,,,CAT50,,,,,MAZATROL SmoothG
Mazak,,5AXIS_SWIVEL_ROTARY,,,,,CAT50,,,,,MAZATROL SmoothG
Mazak,,5AXIS_ADDITIVE,,,,,CAT40,,,,,MAZATROL SmoothG
Mazak,,5AXIS_TRUNNION,,,,,CAT40,,,,,MAZATROL SmoothG
Okuma,,3AXIS_VMC,,,,,BT50,,,,40,OSP-P300MA
Okuma,,3AXIS_VMC,,,,,BT50,,,,40,OSP-P300MA
Okuma,,HMC,,,,,CAT50,,,,40,OSP-P300MA
Okuma,,3AXIS_VMC,,,,,BT50,,,,40,OSP-P300MA
Okuma,,3AXIS_VMC,,,,,CAT40,,,,30,OSP-P300MA
Okuma,,3AXIS_VMC,,,,,CAT40,,,,40,OSP-P300MA
Okuma,,3AXIS_VMC,,,,,CAT40,,,,40,OSP-P300MA
Okuma,,DOUBLE_COLUMN,,,,,CAT50,,,,40,OSP-P300MA
Okuma,,DOUBLE_COLUMN,,,,,CAT50,,,,40,OSP-P300MA
Okuma,,DOUBLE_COLUMN,,,,,CAT50,,,,40,OSP-P300MA
Okuma,,DOUBLE_COLUMN,,,,,CAT50,,,,40,OSP-P300MA
Okuma,,5AXIS_TRUNNION,,,,,HSK-A63,,,,24,OSP-P300MA
Okuma,,3AXIS_VMC,,,,,CAT40,,,,40,OSP-P300MA
Okuma,,3AXIS_VMC,,,,,BT50,,,,40,OSP-P300MA
Okuma,,3AXIS_VMC,,,,,CAT40,,,,40,OSP-P300MA
Okuma,,5AXIS_TRUNNION,,,,,CAT40,,,,40,OSP-P300MA
Okuma,,MULTITASK_VERTICAL,,,,,CAT50,,,,40,OSP-P300MA
Okuma,,MULTITASK_VERTICAL,,,,,CAT50,,,,40,OSP-P300MA
Okuma,,MULTITASK_VERTICAL,,,,,CAT50,,,,40,OSP-P300MA
DMG MORI,,5AXIS_TRUNNION,,,,,HSK-A63,,,,30,SINUMERIK 840D sl
DMG MORI,,5AXIS_MILL_TURN,,,,,HSK-A63,,,,60,SINUMERIK 840D sl
DMG MORI,,5AXIS_TRUNNION,,,,,HSK-A63,,,,30,SINUMERIK 840D sl
Haas,VF-2 WITH TRT100,vertical_machining_center,5_axis_trunnion,8100,11,120,BT40,762,406,508,,NGC
Haas,VF-3 WITH TR160,vertical_machining_center,5_axis_trunnion,8100,11,120,BT40,1016,508,635,,NGC
Haas,VF-4SS WITH TRT210,vertical_machining_center,5_axis_trunnion,12000,11,120,BT40,1270,508,635,,NGC
Haas,UMC-750 NEW DESIGN,vertical_machining_center,5_axis_trunnion,8100,11,120,BT40,762,508,508,,NGC
Haas,UMC-1000-P,vertical_machining_center,5_axis_trunnion_pallet,8100,11,120,BT40,1016,635,635,,NGC
Haas,UMC-1600-H,horizontal_machining_center,5_axis_horizontal,8100,15,200,BT40,1600,1016,914,,NGC
Haas,Mini Mill-EDU WITH HRT160,mini_mill,5_axis_education,6000,,,BT40,406,305,254,10,NGC
