holder_id,vendor,holder_type,taper,gauge_length_in,body_diameter_in,max_rpm,runout_um
generic:ER16:BT40:0,generic,ER16,BT40,2.7559,1.6535,25000,5
generic:ER25:BT40:1,generic,ER25,BT40,3.1496,1.9685,20000,5
generic:ER32:BT40:2,generic,ER32,BT40,3.5433,2.1654,18000,5
generic:ER40:BT40:3,generic,ER40,BT40,3.937,2.4803,15000,8
generic:ER16:CAT40:4,generic,ER16,CAT40,2.9528,1.6535,25000,5
generic:ER32:CAT40:5,generic,ER32,CAT40,3.7402,2.1654,18000,5
generic:ER16:HSK-A63:6,generic,ER16,HSK-A63,2.3622,1.6535,30000,3
generic:ER32:HSK-A63:7,generic,ER32,HSK-A63,3.1496,2.1654,22000,3
generic:Shrink_6:BT40:8,generic,Shrink_6,BT40,2.9528,1.1024,40000,3
generic:Shrink_10:BT40:9,generic,Shrink_10,BT40,3.1496,1.2598,35000,3
generic:Shrink_12:BT40:10,generic,Shrink_12,BT40,3.3465,1.378,30000,3
generic:Shrink_16:BT40:11,generic,Shrink_16,BT40,3.5433,1.5748,28000,3
generic:Shrink_20:BT40:12,generic,Shrink_20,BT40,3.937,1.7717,25000,3
generic:Hydraulic_12:BT40:13,generic,Hydraulic_12,BT40,3.3465,1.5748,30000,3
generic:Hydraulic_16:BT40:14,generic,Hydraulic_16,BT40,3.7402,1.8898,25000,3
generic:Hydraulic_20:BT40:15,generic,Hydraulic_20,BT40,3.937,2.1654,22000,3
generic:Weldon_6:BT40:16,generic,Weldon_6,BT40,3.1496,1.378,20000,10
generic:Weldon_10:BT40:17,generic,Weldon_10,BT40,3.3465,1.5748,18000,10
generic:Weldon_12:BT40:18,generic,Weldon_12,BT40,3.5433,1.6535,16000,10
generic:Weldon_16:BT40:19,generic,Weldon_16,BT40,3.7402,1.9685,14000,10
generic:Weldon_20:BT40:20,generic,Weldon_20,BT40,3.937,2.1654,12000,10
generic:Weldon_25:BT40:21,generic,Weldon_25,BT40,4.3307,2.4803,10000,12
generic:Shell_22:BT40:22,generic,Shell_22,BT40,1.9685,1.4961,15000,8
generic:Shell_27:BT40:23,generic,Shell_27,BT40,2.1654,1.7717,12000,8
generic:Shell_32:BT40:24,generic,Shell_32,BT40,2.3622,1.9685,10000,10
generic:ER32:CAT50:25,generic,ER32,CAT50,3.937,2.3622,14000,5
generic:Shell_32:CAT50:26,generic,Shell_32,CAT50,2.5591,2.1654,8000,10
HSKE32ER16X60,tungaloy,ER,HSK-E32,1.5748,1.1024,,
HSKE32ER20X60,tungaloy,ER,HSK-E32,1.5748,1.3386,,
HSKE32ER25X65,tungaloy,ER,HSK-E32,1.7717,1.6535,,
HSKE40ER16X60,tungaloy,ER,HSK-E40,1.5748,1.1024,,
HSKE40ER16X80,tungaloy,ER,HSK-E40,2.3622,1.1024,,
HSKE40ER20X80,tungaloy,ER,HSK-E40,2.3622,1.3386,,
HSKE40ER25X80,tungaloy,ER,HSK-E40,2.3622,1.6535,,
HSKE40ER32X80,tungaloy,ER,HSK-E40,2.3622,1.9685,,
HSKE50ER16X100,tungaloy,ER,HSK-E50,2.9134,1.1024,,
HSKE50ER16X100M,tungaloy,ER,HSK-E50,2.9134,0.8661,,
HSKE50ER16X80,tungaloy,ER,HSK-E50,2.126,1.1024,,
HSKE50ER20X80,tungaloy,ER,HSK-E50,2.126,1.3386,,
HSKE50ER25X80,tungaloy,ER,HSK-E50,2.126,1.6535,,
HSKE50ER32X80,tungaloy,ER,HSK-E50,2.126,1.9685,,
HSKE50ER32X100,tungaloy,ER,HSK-E50,2.9134,1.9685,,
HSKE63ER16X80,tungaloy,ER,HSK-E63,2.126,1.1024,,
HSKE63ER16X100,tungaloy,ER,HSK-E63,2.9134,1.1024,,
HSKE63ER20X75,tungaloy,ER,HSK-E63,1.9291,1.3386,,
HSKE63ER32X100,tungaloy,ER,HSK-E63,2.9528,1.9685,,
HSKA63ER16X100M,tungaloy,ER,HSK-A63,2.9134,0.8661,,
HSKA63ER16X120M,tungaloy,ER,HSK-A63,3.7008,0.8661,,
HSKA63ER16X160M,tungaloy,ER,HSK-A63,5.2756,0.8661,,
HSKA63ER20X100M,tungaloy,ER,HSK-A63,2.9134,1.1024,,
HSKA63ER20X120M,tungaloy,ER,HSK-A63,3.7008,1.1024,,
HSKA63ER20X160M,tungaloy,ER,HSK-A63,5.2756,1.1024,,
HSKA100ER16X100M,tungaloy,ER,HSK-A100,2.7953,0.8661,,
HSKA100ER16X160M,tungaloy,ER,HSK-A100,5.1575,0.8661,,
HSKA100ER20X100M,tungaloy,ER,HSK-A100,2.7953,1.1024,,
HSKA40ER16X60,tungaloy,ER,HSK-A40,1.5748,1.1024,,
HSKA40ER16X80,tungaloy,ER,HSK-A40,2.3622,1.1024,,
HSKA50ER20X100,tungaloy,ER,HSK-A50,2.9134,1.3386,,
HSKA63ER16X100,tungaloy,ER,HSK-A63,2.9134,1.1024,,
HSKA63ER16X120,tungaloy,ER,HSK-A63,3.7008,1.1024,,
HSKA63ER16X160,tungaloy,ER,HSK-A63,5.2756,1.1024,,
HSKA63ER20X100,tungaloy,ER,HSK-A63,2.9134,1.3386,,
HSKA63ER20X120,tungaloy,ER,HSK-A63,3.7008,1.3386,,
HSKA63ER20X160,tungaloy,ER,HSK-A63,5.2756,1.3386,,
HSKA100ER16X100,tungaloy,ER,HSK-A100,2.7953,1.1024,,
HSKA100ER16X160,tungaloy,ER,HSK-A100,5.1575,1.1024,,
HSKA100ER20X100,tungaloy,ER,HSK-A100,2.7953,1.3386,,
HSKA100ER20X160,tungaloy,ER,HSK-A100,5.1575,1.3386,,
HSKA40ER25X80,tungaloy,ER,HSK-A40,2.3622,1.6535,,
HSKA40ER25X100,tungaloy,ER,HSK-A40,3.1496,1.6535,,
HSKA40ER32X100,tungaloy,ER,HSK-A40,3.1496,1.9685,,
HSKA63ER25X80,tungaloy,ER,HSK-A63,2.126,1.6535,,
HSKA63ER25X100,tungaloy,ER,HSK-A63,2.9134,1.6535,,
HSKA63ER25X120,tungaloy,ER,HSK-A63,3.7008,1.6535,,
HSKA63ER25X160,tungaloy,ER,HSK-A63,5.2756,1.6535,,
HSKA63ER32X80,tungaloy,ER,HSK-A63,2.126,1.9685,,
HSKA63ER32X100,tungaloy,ER,HSK-A63,2.9134,1.9685,,
HSKA63ER32X120,tungaloy,ER,HSK-A63,3.7008,1.9685,,
HSKA63ER32X140,tungaloy,ER,HSK-A63,4.4882,1.9685,,
HSKA63ER32X160,tungaloy,ER,HSK-A63,5.2756,1.9685,,
HSKA63ER40X80,tungaloy,ER,HSK-A63,2.126,2.4803,,
HSKA63ER40X100,tungaloy,ER,HSK-A63,2.9134,2.4803,,
HSKA63ER40X120,tungaloy,ER,HSK-A63,3.7008,2.4803,,
HSKA100ER25X100,tungaloy,ER,HSK-A100,2.7953,1.6535,,
HSKA100ER25X120,tungaloy,ER,HSK-A100,3.5827,1.6535,,
HSKA100ER25X160,tungaloy,ER,HSK-A100,5.2756,1.6535,,
HSKA100ER32X100,tungaloy,ER,HSK-A100,2.7953,1.9685,,
HSKA100ER32X120,tungaloy,ER,HSK-A100,3.5827,1.9685,,
HSKA100ER32X160,tungaloy,ER,HSK-A100,5.1575,1.9685,,
HSKA100ER40X100,tungaloy,ER,HSK-A100,2.7953,2.4803,,
HSKA100ER40X120,tungaloy,ER,HSK-A100,3.5827,2.4803,,
HSKA100ER40X160,tungaloy,ER,HSK-A100,5.1575,2.4803,,
HSKFM63ER16X100,tungaloy,ER,HSK-FM63,2.9134,1.1024,,
HSKFM63ER16X160,tungaloy,ER,HSK-FM63,5.2756,1.1024,,
HSKFM63ER32X100,tungaloy,ER,HSK-FM63,2.9134,1.9685,,
HSKFM63ER40X80,tungaloy,ER,HSK-FM63,2.4803,1.9685,,
HSKA63ER32SHORT,tungaloy,ER,HSK-A63,2.2087,1.9685,,
HSKA100ER32SHORT,tungaloy,ER,HSK-A100,2.3819,1.9685,,
HSKA100ER40SHORT,tungaloy,ER,HSK-A100,2.9724,2.7559,,
HSKA63MAXIN20X95,tungaloy,milling_chuck,HSK-A63,2.2047,2.0866,,
HSKA63MAXIN32X113,tungaloy,milling_chuck,HSK-A63,2.7559,2.7559,,
HSKA100MAXIN20X115,tungaloy,milling_chuck,HSK-A100,2.2047,2.0866,,
HSKA63ER32X120BIN,tungaloy,ER,HSK-A63,3.7008,1.9685,,
HSKA50HYDRO6X80,tungaloy,hydraulic,HSK-A50,2.126,0.9055,,
HSKA50HYDRO8X80,tungaloy,hydraulic,HSK-A50,2.126,0.9843,,
HSKA50HYDRO16X95,tungaloy,hydraulic,HSK-A50,2.7165,1.3386,,
HSKA50HYDRO20X100,tungaloy,hydraulic,HSK-A50,2.9134,1.4961,,
HSKA63HYDRO6X80,tungaloy,hydraulic,HSK-A63,2.126,0.9055,,
HSKA63HYDRO8X80,tungaloy,hydraulic,HSK-A63,2.126,0.9843,,
HSKA63HYDRO10X85,tungaloy,hydraulic,HSK-A63,2.3228,1.063,,
HSKA63HYDRO12X90,tungaloy,hydraulic,HSK-A63,2.5197,1.1417,,
HSKA63HYDRO14X90,tungaloy,hydraulic,HSK-A63,2.5197,1.1811,,
HSKA63HYDRO16X95,tungaloy,hydraulic,HSK-A63,2.7165,1.3386,,
HSKA63HYDRO18X95,tungaloy,hydraulic,HSK-A63,2.7165,1.4173,,
HSKA63HYDRO20X100,tungaloy,hydraulic,HSK-A63,2.9134,1.4961,,
HSKA63HYDRO25X120,tungaloy,hydraulic,HSK-A63,3.7008,1.811,,
HSKA63HYDRO32X125,tungaloy,hydraulic,HSK-A63,3.8976,2.2047,,
HSKA80HYDRO6X85,tungaloy,hydraulic,HSK-A80,2.3228,0.9055,,
HSKA80HYDRO14X95,tungaloy,hydraulic,HSK-A80,2.7165,1.1811,,
HSKA80HYDRO16X100,tungaloy,hydraulic,HSK-A80,2.9134,1.3386,,
HSKA80HYDRO18X100,tungaloy,hydraulic,HSK-A80,2.9134,1.4173,,
HSKA80HYDRO20X105,tungaloy,hydraulic,HSK-A80,3.1102,1.4961,,
HSKA80HYDRO25X115,tungaloy,hydraulic,HSK-A80,3.5039,1.811,,
HSKA100HYDRO6X85,tungaloy,hydraulic,HSK-A100,2.2047,0.9055,,
HSKA100HYDRO8X85,tungaloy,hydraulic,HSK-A100,2.2047,0.9843,,
HSKA100HYDRO10X90,tungaloy,hydraulic,HSK-A100,2.4016,1.063,,
HSKA100HYDRO12X95,tungaloy,hydraulic,HSK-A100,2.5984,1.1417,,
HSKA100HYDRO14X95,tungaloy,hydraulic,HSK-A100,2.5984,1.1811,,
HSKA100HYDRO16X100,tungaloy,hydraulic,HSK-A100,2.7953,1.3386,,
HSKA100HYDRO18X100,tungaloy,hydraulic,HSK-A100,2.7953,1.4173,,
HSKA100HYDRO20X105,tungaloy,hydraulic,HSK-A100,2.9921,1.4961,,
HSKA100HYDRO25X115,tungaloy,hydraulic,HSK-A100,3.3858,1.811,,
HSKA63HYDRO6X150,tungaloy,hydraulic,HSK-A63,4.8819,1.0236,,
HSKA63HYDRO6X200,tungaloy,hydraulic,HSK-A63,6.8504,1.0236,,
HSKA63HYDRO8X150,tungaloy,hydraulic,HSK-A63,4.8819,1.1024,,
HSKA63HYDRO10X150,tungaloy,hydraulic,HSK-A63,4.8819,1.1811,,
HSKA63HYDRO10X200,tungaloy,hydraulic,HSK-A63,6.8504,1.1811,,
HSKA63HYDRO12X150,tungaloy,hydraulic,HSK-A63,4.8819,1.2598,,
HSKA63HYDRO12X200,tungaloy,hydraulic,HSK-A63,6.8504,1.2598,,
HSKA63HYDRO14X150,tungaloy,hydraulic,HSK-A63,4.8819,1.3386,,
HSKA63HYDRO16X150,tungaloy,hydraulic,HSK-A63,4.8819,1.4961,,
HSKA63HYDRO16X200,tungaloy,hydraulic,HSK-A63,6.8504,1.4961,,
HSKA63HYDRO20X150,tungaloy,hydraulic,HSK-A63,4.8819,1.6535,,
HSKA63HYDRO20X200,tungaloy,hydraulic,HSK-A63,6.8504,1.6535,,
HSKA63HYDRO25X150,tungaloy,hydraulic,HSK-A63,4.8819,1.9685,,
HSKA63HYDRO25X200,tungaloy,hydraulic,HSK-A63,6.8504,1.9685,,
HSKA100HYDRO6X150,tungaloy,hydraulic,HSK-A100,4.8819,1.0236,,
HSKA100HYDRO6X200,tungaloy,hydraulic,HSK-A100,6.8504,1.0236,,
HSKA100HYDRO8X150,tungaloy,hydraulic,HSK-A100,4.8819,1.1024,,
HSKA100HYDRO8X200,tungaloy,hydraulic,HSK-A100,6.8504,1.1024,,
HSKA100HYDRO10X150,tungaloy,hydraulic,HSK-A100,4.8819,1.1811,,
HSKA100HYDRO10X200,tungaloy,hydraulic,HSK-A100,6.8504,1.1811,,
HSKA100HYDRO12X150,tungaloy,hydraulic,HSK-A100,4.8819,1.2598,,
HSKA100HYDRO12X200,tungaloy,hydraulic,HSK-A100,6.8504,1.2598,,
HSKA100HYDRO14X150,tungaloy,hydraulic,HSK-A100,4.8819,1.3386,,
HSKA100HYDRO14X200,tungaloy,hydraulic,HSK-A100,6.8504,1.3386,,
HSKA100HYDRO16X150,tungaloy,hydraulic,HSK-A100,4.8819,1.4961,,
HSKA100HYDRO16X200,tungaloy,hydraulic,HSK-A100,6.8504,1.4961,,
HSKA100HYDRO18X150,tungaloy,hydraulic,HSK-A100,4.8819,1.5748,,
HSKA100HYDRO18X200,tungaloy,hydraulic,HSK-A100,6.8504,1.5748,,
HSKA100HYDRO20X150,tungaloy,hydraulic,HSK-A100,4.8819,1.6535,,
HSKA100HYDRO20X200,tungaloy,hydraulic,HSK-A100,6.8504,1.6535,,
HSKA100HYDRO25X200,tungaloy,hydraulic,HSK-A100,6.8504,1.9685,,
HSKA63EM1X4.250,tungaloy,end_mill,HSK-A63,3.2201,2.5598,,
HSKA63EM1-1/4X4.250,tungaloy,end_mill,HSK-A63,3.2201,2.8098,,
HSKA63EM25X110,tungaloy,end_mill,HSK-A63,3.3071,2.5591,,
HSKA63EM32X110,tungaloy,end_mill,HSK-A63,3.3071,2.8346,,
HSKA63SRKIN1/4X3.150,tungaloy,shrink_fit,HSK-A63,2.126,0.8272,,
HSKA63SRKIN1/4X6.30,tungaloy,shrink_fit,HSK-A63,5.276,0.8272,,
HSKA63SRKIN5/16X3.150,tungaloy,shrink_fit,HSK-A63,2.2169,0.8272,,
HSKA63SRKIN3/8X3.346,tungaloy,shrink_fit,HSK-A63,2.3201,0.9402,,
HSKA63SRKIN3/8X6.30,tungaloy,shrink_fit,HSK-A63,5.276,0.9402,,
HSKA63SRKIN7/16X3.543,tungaloy,shrink_fit,HSK-A63,2.5189,0.9402,,
HSKA63SRKIN1/2X3.543,tungaloy,shrink_fit,HSK-A63,2.5189,0.9402,,
HSKA63SRKIN5/8X3.740,tungaloy,shrink_fit,HSK-A63,2.7161,1.0598,,
HSKA63SRKIN5/8X6.30,tungaloy,shrink_fit,HSK-A63,5.276,1.0598,,
HSKA63SRKIN3/4X3.937,tungaloy,shrink_fit,HSK-A63,2.913,1.3,,
HSKA63SRKIN3/4X6.30,tungaloy,shrink_fit,HSK-A63,5.276,1.3,,
HSKA63SRKIN7/8X3.937,tungaloy,shrink_fit,HSK-A63,2.913,1.7299,,
HSKA63SRKIN1X4.528,tungaloy,shrink_fit,HSK-A63,3.5039,1.7299,,
HSKA63SRKIN1-1/4X4.72,tungaloy,shrink_fit,HSK-A63,3.7,1.7299,,
HSKA100SRKIN1/4X3.500,tungaloy,shrink_fit,HSK-A100,2.3579,0.8272,,
HSKA100SRKIN1/4X6.250,tungaloy,shrink_fit,HSK-A100,5.1079,0.8272,,
HSKA100SRKIN5/16X3.500,tungaloy,shrink_fit,HSK-A100,2.3579,0.8272,,
HSKA100SRKIN5/16X4.750,tungaloy,shrink_fit,HSK-A100,3.6079,0.8272,,
HSKA100SRKIN5/16X6.250,tungaloy,shrink_fit,HSK-A100,5.1079,0.8272,,
HSKA100SRKIN3/8X3.625,tungaloy,shrink_fit,HSK-A100,2.4831,0.9402,,
HSKA100SRKIN3/8X6.250,tungaloy,shrink_fit,HSK-A100,5.1079,0.9402,,
HSKA100SRKIN7/16X3.750,tungaloy,shrink_fit,HSK-A100,2.6079,0.9402,,
HSKA100SRKIN7/16X6.250,tungaloy,shrink_fit,HSK-A100,5.1079,0.9402,,
HSKA100SRKIN1/2X3.750,tungaloy,shrink_fit,HSK-A100,2.6079,0.9402,,
HSKA100SRKIN1/2X5.000,tungaloy,shrink_fit,HSK-A100,3.8579,0.9402,,
HSKA100SRKIN5/8X4.000,tungaloy,shrink_fit,HSK-A100,2.8579,1.0598,,
HSKA100SRKIN5/8X5.000,tungaloy,shrink_fit,HSK-A100,3.8579,1.0598,,
HSKA100SRKIN3/4X4.125,tungaloy,shrink_fit,HSK-A100,3.102,1.3,,
HSKA100SRKIN3/4X6.250,tungaloy,shrink_fit,HSK-A100,5.1079,1.3,,
HSKA100SRKIN7/8X4.125,tungaloy,shrink_fit,HSK-A100,2.9831,1.7299,,
HSKA100SRKIN1X4.500,tungaloy,shrink_fit,HSK-A100,3.3579,1.7299,,
HSKA63SRKIN6X80,tungaloy,shrink_fit,HSK-A63,2.126,0.8268,,
HSKA63SRKIN6X120,tungaloy,shrink_fit,HSK-A63,3.7008,0.8268,,
HSKA63SRKIN6X160,tungaloy,shrink_fit,HSK-A63,5.2756,0.8268,,
HSKA63SRKIN8X80,tungaloy,shrink_fit,HSK-A63,2.126,0.8268,,
HSKA63SRKIN8X120,tungaloy,shrink_fit,HSK-A63,3.7008,0.8268,,
HSKA63SRKIN8X160,tungaloy,shrink_fit,HSK-A63,5.2756,0.8268,,
HSKA63SRKIN10X85,tungaloy,shrink_fit,HSK-A63,2.3228,0.9449,,
HSKA63SRKIN10X120,tungaloy,shrink_fit,HSK-A63,3.7008,0.9449,,
HSKA63SRKIN10X160,tungaloy,shrink_fit,HSK-A63,5.2756,0.9449,,
HSKA63SRKIN12X90,tungaloy,shrink_fit,HSK-A63,2.5197,0.9449,,
HSKA63SRKIN12X120,tungaloy,shrink_fit,HSK-A63,3.7008,0.9449,,
HSKA63SRKIN12X160,tungaloy,shrink_fit,HSK-A63,5.2756,0.9449,,
HSKA63SRKIN14X90,tungaloy,shrink_fit,HSK-A63,2.5197,1.063,,
HSKA63SRKIN14X120,tungaloy,shrink_fit,HSK-A63,3.7008,1.063,,
HSKA63SRKIN14X160,tungaloy,shrink_fit,HSK-A63,5.2756,1.063,,
HSKA63SRKIN16X75,tungaloy,shrink_fit,HSK-A63,1.9291,1.063,,
HSKA63SRKIN16X95,tungaloy,shrink_fit,HSK-A63,2.7165,1.063,,
HSKA63SRKIN16X120,tungaloy,shrink_fit,HSK-A63,3.7008,1.063,,
HSKA63SRKIN16X160,tungaloy,shrink_fit,HSK-A63,5.2756,1.063,,
HSKA63SRKIN18X95,tungaloy,shrink_fit,HSK-A63,2.7165,1.2992,,
HSKA63SRKIN18X120,tungaloy,shrink_fit,HSK-A63,3.7008,1.2992,,
HSKA63SRKIN18X160,tungaloy,shrink_fit,HSK-A63,5.2756,1.2992,,
HSKA63SRKIN20X75,tungaloy,shrink_fit,HSK-A63,1.9291,1.2992,,
HSKA63SRKIN20X100,tungaloy,shrink_fit,HSK-A63,2.9134,1.2992,,
HSKA63SRKIN20X120,tungaloy,shrink_fit,HSK-A63,3.7008,1.2992,,
HSKA63SRKIN20X160,tungaloy,shrink_fit,HSK-A63,5.2756,1.2992,,
HSKA63SRKIN25X85,tungaloy,shrink_fit,HSK-A63,2.3228,1.7323,,
HSKA63SRKIN25X115,tungaloy,shrink_fit,HSK-A63,3.5039,1.7323,,
HSKA63SRKIN32X85,tungaloy,shrink_fit,HSK-A63,2.3228,1.7323,,
HSKA63SRKIN32X120,tungaloy,shrink_fit,HSK-A63,3.7008,1.7323,,
HSKA100SRKIN6X85,tungaloy,shrink_fit,HSK-A100,2.2047,0.8268,,
HSKA100SRKIN6X120,tungaloy,shrink_fit,HSK-A100,3.5827,0.8268,,
HSKA100SRKIN6X160,tungaloy,shrink_fit,HSK-A100,5.1575,0.8268,,
HSKA100SRKIN8X85,tungaloy,shrink_fit,HSK-A100,2.2047,0.8268,,
HSKA100SRKIN8X120,tungaloy,shrink_fit,HSK-A100,3.5827,0.8268,,
HSKA100SRKIN8X160,tungaloy,shrink_fit,HSK-A100,5.1575,0.8268,,
HSKA100SRKIN10X90,tungaloy,shrink_fit,HSK-A100,2.4016,0.9449,,
HSKA100SRKIN10X120,tungaloy,shrink_fit,HSK-A100,3.5827,0.9449,,
HSKA100SRKIN10X160,tungaloy,shrink_fit,HSK-A100,5.1575,0.9449,,
HSKA100SRKIN12X95,tungaloy,shrink_fit,HSK-A100,2.5984,0.9449,,
HSKA100SRKIN12X120,tungaloy,shrink_fit,HSK-A100,3.5827,0.9449,,
HSKA100SRKIN12X160,tungaloy,shrink_fit,HSK-A100,5.1575,0.9449,,
HSKA100SRKIN14X95,tungaloy,shrink_fit,HSK-A100,2.5984,1.063,,
HSKA100SRKIN14X120,tungaloy,shrink_fit,HSK-A100,3.5827,1.063,,
HSKA100SRKIN14X160,tungaloy,shrink_fit,HSK-A100,5.1575,1.063,,
HSKA100SRKIN16X100,tungaloy,shrink_fit,HSK-A100,2.7953,1.063,,
HSKA100SRKIN16X120,tungaloy,shrink_fit,HSK-A100,3.5827,1.063,,
HSKA100SRKIN16X160,tungaloy,shrink_fit,HSK-A100,5.1575,1.063,,
HSKA100SRKIN18X100,tungaloy,shrink_fit,HSK-A100,2.7953,1.2992,,
HSKA100SRKIN18X160,tungaloy,shrink_fit,HSK-A100,5.1575,1.2992,,
HSKA100SRKIN20X105,tungaloy,shrink_fit,HSK-A100,2.9921,1.2992,,
HSKA100SRKIN20X160,tungaloy,shrink_fit,HSK-A100,5.1575,1.2992,,
HSKA100SRKIN25X115,tungaloy,shrink_fit,HSK-A100,3.3858,1.7323,,
HSKFM63SRKIN25X115,tungaloy,shrink_fit,HSK-FM63,3.5039,1.7323,,
HSKE32SRK1/8X2.000,tungaloy,shrink_fit,HSK-E32,2,0.3941,,
HSKE32SRK3/16X2.000,tungaloy,shrink_fit,HSK-E32,2,0.3941,,
HSKE32SRK1/4X2.000,tungaloy,shrink_fit,HSK-E32,2,0.4331,,
HSKE32SRK5/16X2.000,tungaloy,shrink_fit,HSK-E32,2,0.5512,,
HSKE32SRK3/8X2.000,tungaloy,shrink_fit,HSK-E32,2,0.6299,,
HSKE32SRK1/2X2.000,tungaloy,shrink_fit,HSK-E32,2,0.787,,
HSKE40SRK1/8X1.750,tungaloy,shrink_fit,HSK-E40,1.75,0.3902,,
HSKE40SRK1/8X3.000,tungaloy,shrink_fit,HSK-E40,3,0.3902,,
HSKE40SRK3/16X1.750,tungaloy,shrink_fit,HSK-E40,1.75,0.3902,,
HSKE40SRK3/16X3.000,tungaloy,shrink_fit,HSK-E40,3,0.3902,,
HSKE40SRK1/4X1.750,tungaloy,shrink_fit,HSK-E40,1.75,0.4299,,
HSKE40SRK1/4X3.000,tungaloy,shrink_fit,HSK-E40,3,0.4299,,
HSKE40SRK5/16X1.750,tungaloy,shrink_fit,HSK-E40,1.75,0.55,,
HSKE40SRK5/16X3.000,tungaloy,shrink_fit,HSK-E40,3,0.55,,
HSKE40SRK3/8X1.750,tungaloy,shrink_fit,HSK-E40,1.75,0.6299,,
HSKE40SRK3/8X3.000,tungaloy,shrink_fit,HSK-E40,3,0.6299,,
HSKE40SRK7/16X1.750,tungaloy,shrink_fit,HSK-E40,1.75,0.7902,,
HSKE40SRK7/16X3.000,tungaloy,shrink_fit,HSK-E40,3,0.7902,,
HSKE40SRK1/2X1.750,tungaloy,shrink_fit,HSK-E40,1.75,0.7902,,
HSKE40SRK1/2X3.000,tungaloy,shrink_fit,HSK-E40,3,0.7902,,
HSKE50SRK1/8X1.750,tungaloy,shrink_fit,HSK-E50,1.75,0.3902,,
HSKE50SRK1/8X3.000,tungaloy,shrink_fit,HSK-E50,3,0.3902,,
HSKE50SRK3/16X1.750,tungaloy,shrink_fit,HSK-E50,1.75,0.3902,,
HSKE50SRK3/16X3.000,tungaloy,shrink_fit,HSK-E50,3,0.3902,,
HSKE50SRK1/4X1.750,tungaloy,shrink_fit,HSK-E50,1.75,0.4299,,
HSKE50SRK1/4X3.000,tungaloy,shrink_fit,HSK-E50,3,0.4299,,
HSKE50SRK5/16X1.750,tungaloy,shrink_fit,HSK-E50,1.75,0.55,,
HSKE50SRK5/16X3.000,tungaloy,shrink_fit,HSK-E50,3,0.55,,
HSKE50SRK3/8X1.750,tungaloy,shrink_fit,HSK-E50,1.75,0.6299,,
HSKE50SRK3/8X3.000,tungaloy,shrink_fit,HSK-E50,3,0.6299,,
HSKE50SRK7/16X1.750,tungaloy,shrink_fit,HSK-E50,1.75,0.7902,,
HSKE50SRK1/2X1.750,tungaloy,shrink_fit,HSK-E50,1.75,0.7902,,
HSKE50SRK1/2X3.000,tungaloy,shrink_fit,HSK-E50,3,0.7902,,
HSKE63SRK1/8X2.000,tungaloy,shrink_fit,HSK-E63,2,0.3902,,
HSKE63SRK3/16X2.000,tungaloy,shrink_fit,HSK-E63,2,0.3902,,
HSKE63SRK3/16X3.000,tungaloy,shrink_fit,HSK-E63,3,0.3902,,
HSKE63SRK1/4X2.000,tungaloy,shrink_fit,HSK-E63,2,0.4299,,
HSKE63SRK1/4X3.000,tungaloy,shrink_fit,HSK-E63,3,0.4299,,
HSKE63SRK5/16X2.000,tungaloy,shrink_fit,HSK-E63,2,0.55,,
HSKE63SRK5/16X3.000,tungaloy,shrink_fit,HSK-E63,3,0.55,,
HSKE63SRK3/8X2.000,tungaloy,shrink_fit,HSK-E63,2,0.6299,,
HSKE63SRK3/8X3.000,tungaloy,shrink_fit,HSK-E63,3,0.6299,,
HSKE63SRK7/16X2.000,tungaloy,shrink_fit,HSK-E63,2,0.7902,,
HSKE63SRK7/16X3.000,tungaloy,shrink_fit,HSK-E63,3,0.7902,,
HSKE63SRK1/2X2.000,tungaloy,shrink_fit,HSK-E63,2,0.7902,,
HSKE32SRK3X45,tungaloy,shrink_fit,HSK-E32,1.7717,0.3937,,
HSKE32SRK4X45,tungaloy,shrink_fit,HSK-E32,1.7717,0.3937,,
HSKE32SRK5X45,tungaloy,shrink_fit,HSK-E32,1.7717,0.3937,,
HSKE32SRK6X45,tungaloy,shrink_fit,HSK-E32,1.7717,0.4331,,
HSKE32SRK10X45,tungaloy,shrink_fit,HSK-E32,1.7717,0.6299,,
HSKE32SRK12X45,tungaloy,shrink_fit,HSK-E32,1.7717,0.7874,,
HSKE40SRK3X45,tungaloy,shrink_fit,HSK-E40,1.7717,0.3937,,
HSKE40SRK3X80,tungaloy,shrink_fit,HSK-E40,3.1496,0.3937,,
HSKE40SRK4X45,tungaloy,shrink_fit,HSK-E40,1.7717,0.3937,,
HSKE40SRK4X80,tungaloy,shrink_fit,HSK-E40,3.1496,0.3937,,
HSKE40SRK5X45,tungaloy,shrink_fit,HSK-E40,1.7717,0.3937,,
HSKE40SRK5X80,tungaloy,shrink_fit,HSK-E40,3.1496,0.3937,,
HSKE40SRK6X45,tungaloy,shrink_fit,HSK-E40,1.7717,0.4331,,
HSKE40SRK6X80,tungaloy,shrink_fit,HSK-E40,3.1496,0.4331,,
HSKE40SRK8X45,tungaloy,shrink_fit,HSK-E40,1.7717,0.5512,,
HSKE40SRK8X80,tungaloy,shrink_fit,HSK-E40,3.1496,0.5512,,
HSKE40SRK10X45,tungaloy,shrink_fit,HSK-E40,1.7717,0.6299,,
HSKE40SRK10X80,tungaloy,shrink_fit,HSK-E40,3.1496,0.6299,,
HSKE40SRK12X45,tungaloy,shrink_fit,HSK-E40,1.7717,0.7874,,
HSKE40SRK12X80,tungaloy,shrink_fit,HSK-E40,3.1496,0.7874,,
HSKE50SRK3X45,tungaloy,shrink_fit,HSK-E50,1.7717,0.3937,,
HSKE50SRK3X80,tungaloy,shrink_fit,HSK-E50,3.1496,0.3937,,
HSKE50SRK4X45,tungaloy,shrink_fit,HSK-E50,1.7717,0.3937,,
HSKE50SRK4X80,tungaloy,shrink_fit,HSK-E50,3.1496,0.3937,,
HSKE50SRK6X45,tungaloy,shrink_fit,HSK-E50,1.7717,0.4331,,
HSKE50SRK6X80,tungaloy,shrink_fit,HSK-E50,3.1496,0.4331,,
HSKE50SRK8X45,tungaloy,shrink_fit,HSK-E50,1.7717,0.5512,,
HSKE50SRK8X80,tungaloy,shrink_fit,HSK-E50,3.1496,0.5512,,
HSKE50SRK10X45,tungaloy,shrink_fit,HSK-E50,1.7717,0.6299,,
HSKE50SRK10X80,tungaloy,shrink_fit,HSK-E50,3.1496,0.6299,,
HSKE50SRK12X45,tungaloy,shrink_fit,HSK-E50,1.7717,0.7874,,
HSKA63SRK1/8X2.000,tungaloy,shrink_fit,HSK-A63,2,0.3902,,
HSKA63SRK1/8X3.250,tungaloy,shrink_fit,HSK-A63,3.25,0.3902,,
HSKA63SRK3/16X2.000,tungaloy,shrink_fit,HSK-A63,2,0.3902,,
HSKA63SRK3/16X3.250,tungaloy,shrink_fit,HSK-A63,3.25,0.3902,,
HSKA63SRK1/4X2.000,tungaloy,shrink_fit,HSK-A63,2,0.4299,,
HSKA63SRK1/4X3.250,tungaloy,shrink_fit,HSK-A63,3.25,0.4299,,
HSKA63SRK5/16X3.250,tungaloy,shrink_fit,HSK-A63,3.25,0.55,,
HSKA63SRK3/8X2.000,tungaloy,shrink_fit,HSK-A63,2,0.6299,,
HSKA63SRK3/8X3.250,tungaloy,shrink_fit,HSK-A63,3.25,0.6299,,
HSKA63SRK7/16X2.000,tungaloy,shrink_fit,HSK-A63,2,0.7902,,
HSKA63SRK7/16X3.250,tungaloy,shrink_fit,HSK-A63,3.25,0.7902,,
HSKA63SRK1/2X2.000,tungaloy,shrink_fit,HSK-A63,2,0.7902,,
HSKA63SRK1/2X3.250,tungaloy,shrink_fit,HSK-A63,3.25,0.7902,,
HSKA63SRK3X50,tungaloy,shrink_fit,HSK-A63,1.9685,0.3937,,
HSKA63SRK3X85,tungaloy,shrink_fit,HSK-A63,3.3465,0.3937,,
HSKA63SRK4X50,tungaloy,shrink_fit,HSK-A63,1.9685,0.3937,,
HSKA63SRK4X85,tungaloy,shrink_fit,HSK-A63,3.3465,0.3937,,
HSKA63SRK5X50,tungaloy,shrink_fit,HSK-A63,1.9685,0.3937,,
HSKA63SRK5X85,tungaloy,shrink_fit,HSK-A63,3.3465,0.3937,,
HSKA63SRK6X50,tungaloy,shrink_fit,HSK-A63,1.9685,0.4331,,
HSKA63SRK6X85,tungaloy,shrink_fit,HSK-A63,3.3465,0.4331,,
HSKA63SRK8X50,tungaloy,shrink_fit,HSK-A63,1.9685,0.5512,,
HSKA63SRK8X85,tungaloy,shrink_fit,HSK-A63,3.3465,0.5512,,
HSKA63SRK10X50,tungaloy,shrink_fit,HSK-A63,1.9685,0.6299,,
HSKA63SRK10X85,tungaloy,shrink_fit,HSK-A63,3.3465,0.6299,,
HSKA63SRK12X50,tungaloy,shrink_fit,HSK-A63,1.9685,0.7874,,
HSKE40SEM3/4X2.000,tungaloy,side_lock,HSK-E40,1.2126,1.7717,,
HSKA63SEM16X50,tungaloy,side_lock,HSK-A63,0.9449,1.4961,,
HSKA63SEM22X50,tungaloy,side_lock,HSK-A63,0.9449,1.8504,,
HSKA63SEM27X60,tungaloy,side_lock,HSK-A63,1.3386,2.2835,,
HSKA63SEM32X60,tungaloy,side_lock,HSK-A63,1.3386,2.5984,,
HSKA63SEM40X60,tungaloy,side_lock,HSK-A63,1.3386,3.2283,,
HSKA100SEM22X50,tungaloy,side_lock,HSK-A100,0.8268,1.8504,,
HSKA100SEM27X50,tungaloy,side_lock,HSK-A100,0.8268,2.2835,,
HSKA100SEM32X50,tungaloy,side_lock,HSK-A100,0.8268,2.5984,,
HSKA100SEM40X60,tungaloy,side_lock,HSK-A100,1.2205,3.2283,,
HSKA63SEMC16X60,tungaloy,side_lock,HSK-A63,1.3386,1.2598,,
HSKA63SEMC22X60,tungaloy,side_lock,HSK-A63,1.3386,1.5748,,
HSKA63SEMC27X60,tungaloy,side_lock,HSK-A63,1.3386,1.8898,,
HSKA63SEMC32X60,tungaloy,side_lock,HSK-A63,1.3386,2.2835,,
HSKA63SEMC40X70,tungaloy,side_lock,HSK-A63,1.7323,2.7559,,
HSKA100SEMC16X60,tungaloy,side_lock,HSK-A100,1.2205,1.2598,,
HSKA100SEMC22X60,tungaloy,side_lock,HSK-A100,1.2205,1.5748,,
HSKA100SEMC27X60,tungaloy,side_lock,HSK-A100,1.2205,1.8898,,
HSKA100SEMC32X60,tungaloy,side_lock,HSK-A100,1.2205,2.2835,,
HSKA100SEMC40X70,tungaloy,side_lock,HSK-A100,1.6142,2.7559,,
HSKA100SEMC50X80,tungaloy,side_lock,HSK-A100,2.0079,3.5433,,
HSKA63CF4-S,tungaloy,face_mill,HSK-A63,1.7323,1.752,,
HSKA80CF4-S,tungaloy,face_mill,HSK-A80,1.8504,1.752,,
HSKA100CF4-S,tungaloy,face_mill,HSK-A100,1.8504,1.752,,
HSKA63ODP6X59,tungaloy,oil_hole_drill,HSK-A63,0.9843,0.3937,,
HSKA63ODP6X109,tungaloy,oil_hole_drill,HSK-A63,2.9528,0.9055,,
HSKA63ODP8X59,tungaloy,oil_hole_drill,HSK-A63,0.9843,0.5906,,
HSKA63ODP8X109,tungaloy,oil_hole_drill,HSK-A63,2.9528,0.9055,,
HSKA63ODP10X59,tungaloy,oil_hole_drill,HSK-A63,0.9843,0.7874,,
HSKA63ODP10X109,tungaloy,oil_hole_drill,HSK-A63,2.9528,1.1024,,
HSKA63ODP12X59,tungaloy,oil_hole_drill,HSK-A63,0.9843,0.9449,,
HSKA63ODP12X109,tungaloy,oil_hole_drill,HSK-A63,2.9528,1.2205,,
HSKA63ODP16X59,tungaloy,oil_hole_drill,HSK-A63,0.9843,1.3386,,
HSKA63ODP16X109,tungaloy,oil_hole_drill,HSK-A63,2.9528,1.3386,,
HSKA100ODP12X87,tungaloy,oil_hole_drill,HSK-A100,1.9685,1.1811,,
HSKA100ODP12X137,tungaloy,oil_hole_drill,HSK-A100,3.937,1.1811,,
HSKA100ODP12X187,tungaloy,oil_hole_drill,HSK-A100,5.9055,1.5748,,
HSKA100ODP12X237,tungaloy,oil_hole_drill,HSK-A100,7.874,1.811,,
HSKA100ODP16X87,tungaloy,oil_hole_drill,HSK-A100,1.9685,1.2402,,
HSKA100ODP16X137,tungaloy,oil_hole_drill,HSK-A100,3.937,1.6339,,
HSKA100ODP16X187,tungaloy,oil_hole_drill,HSK-A100,5.9055,2.1654,,
HSKE40ODP10X53,tungaloy,oil_hole_drill,HSK-E40,0.9843,0.7874,,
HSKE40ODP10X103,tungaloy,oil_hole_drill,HSK-E40,2.9528,1.1024,,
HSKE40ODP12X53,tungaloy,oil_hole_drill,HSK-E40,0.9843,0.9449,,
HSKE40ODP12X103,tungaloy,oil_hole_drill,HSK-E40,2.9528,1.2205,,
HSKE50ODP10X59,tungaloy,oil_hole_drill,HSK-E50,0.9843,0.7874,,
HSKE50ODP10X109,tungaloy,oil_hole_drill,HSK-E50,2.9528,1.1024,,
HSKE50ODP12X59,tungaloy,oil_hole_drill,HSK-E50,0.9843,0.9449,,
HSKE50ODP16X59,tungaloy,oil_hole_drill,HSK-E50,0.9843,1.3386,,
HSKE50ODP16X109,tungaloy,oil_hole_drill,HSK-E50,2.9528,1.3386,,
HSKE63ODP10X59,tungaloy,oil_hole_drill,HSK-E63,0.9843,0.7874,,
HSKE63ODP10X109,tungaloy,oil_hole_drill,HSK-E63,2.9528,1.1024,,
HSKE63ODP12X59,tungaloy,oil_hole_drill,HSK-E63,0.9843,0.9449,,
HSKE63ODP12X109,tungaloy,oil_hole_drill,HSK-E63,2.9528,1.2205,,
HSKA63B16MN100,tungaloy,boring,HSK-A63,2.9134,2.4803,,
HSKA63B16MN200,tungaloy,boring,HSK-A63,6.8504,2.4803,,
HSKA100B16MN100,tungaloy,boring,HSK-A100,2.7953,4.0157,,
CAT30ER16X2.750,tungaloy,ER,CAT30,1.3701,1.248,,
CAT30ER20X2.562,tungaloy,ER,CAT30,0.5142,1.102,,
CAT30ER32X3.268,tungaloy,ER,CAT30,1.8902,1.248,,
CAT40ER16X3.937,tungaloy,ER,CAT40,0.3961,1.3701,,
CAT40ER16X5.906,tungaloy,ER,CAT40,3.35,1.752,,
CAT40ER20X3.937,tungaloy,ER,CAT40,0.5142,2.5598,,
CAT40ER20X5.906,tungaloy,ER,CAT40,3.7799,1.339,,
CAT40ER25X2.562,tungaloy,ER,CAT40,0.6319,1.1799,,
CAT40ER25X4.000,tungaloy,ER,CAT40,2.6201,1.752,,
CAT40ER25X6.000,tungaloy,ER,CAT40,0.6319,4.6201,,
CAT40ER32X2.562,tungaloy,ER,CAT40,85,1.752,,
CAT40ER32X4.000,tungaloy,ER,CAT40,0.789,1.9681,,
CAT40ER32X6.000,tungaloy,ER,CAT40,1.9681,1.752,,
CAT40ER40X3.359,tungaloy,ER,CAT40,1.0248,2.4799,,
CAT40ER40X4.000,tungaloy,ER,CAT40,85,1.752,,
CAT50ER16X3.937,tungaloy,ER,CAT50,0.3961,2.5598,,
CAT50ER16X5.906,tungaloy,ER,CAT50,3.4902,2.752,,
CAT50ER16X8.000,tungaloy,ER,CAT50,0.3961,2.9799,,
CAT50ER20X3.937,tungaloy,ER,CAT50,2.5598,2.752,,
CAT50ER20X5.906,tungaloy,ER,CAT50,0.5142,4.5299,,
CAT50ER20X8.000,tungaloy,ER,CAT50,4.6201,2.752,,
CAT50ER25X4.000,tungaloy,ER,CAT50,0.6319,2.5799,,
CAT50ER25X6.000,tungaloy,ER,CAT50,4.6201,2.752,,
CAT50ER25X8.000,tungaloy,ER,CAT50,0.6319,6.5799,,
CAT50ER32X4.000,tungaloy,ER,CAT50,2.5402,2.752,,
CAT50ER32X6.000,tungaloy,ER,CAT50,0.789,4.5799,,
CAT50ER32X8.000,tungaloy,ER,CAT50,6.5799,2.752,,
CAT50ER40X4.000,tungaloy,ER,CAT50,1.0248,2.6201,,
CAT50ER40X6.000,tungaloy,ER,CAT50,4.6201,2.752,,
CAT50ER40X8.000,tungaloy,ER,CAT50,1.0248,6.5799,,
CAT50ER50X4.000,tungaloy,ER,CAT50,3.0701,2.752,,
CAT40FCMAXIN1-1/4X4.16,tungaloy,milling_chuck,CAT40,3.4098,2.7161,,
CAT40MAXIN3/4X3.75,tungaloy,milling_chuck,CAT40,3.7441,0.75,,
CAT50MAXIN1-1/4X5.314,tungaloy,milling_chuck,CAT50,5.315,1.25,,
CAT40EM3/16X2.500,tungaloy,end_mill,CAT40,1.1209,0.8661,,
CAT40EM1/4X2.500,tungaloy,end_mill,CAT40,1.1209,1,,
CAT40EM3/8X2.500,tungaloy,end_mill,CAT40,1.1209,1.248,,
CAT40EM3/8X2.500B,tungaloy,end_mill,CAT40,1.1209,1.248,,
CAT40EM7/8X4.000,tungaloy,end_mill,CAT40,2.6201,2.0469,,
CAT40EM1X4.000,tungaloy,end_mill,CAT40,2.6201,2.5591,,
CAT40EM1X4.000B,tungaloy,end_mill,CAT40,2.6201,2.5591,,
CAT40EM1-1/4X4.250,tungaloy,end_mill,CAT40,2.8701,2.752,,
CAT40EM1-1/4X4.250B,tungaloy,end_mill,CAT40,2.8701,2.752,,
CAT40EM1-1/2X4.625,tungaloy,end_mill,CAT40,3.2449,3.15,,
CAT40EM1-1/2X4.625B,tungaloy,end_mill,CAT40,3.2449,3.15,,
CAT50EM1/4X2.500,tungaloy,end_mill,CAT50,1.1201,1,,
CAT50EM1/4X4.500,tungaloy,end_mill,CAT50,3.15,1,,
CAT50EM1/4X6.250,tungaloy,end_mill,CAT50,5.5,1,,
CAT50EM3/8X2.500,tungaloy,end_mill,CAT50,1.1201,1.248,,
CAT50EM3/8X2.500B,tungaloy,end_mill,CAT50,1.1201,1.248,,
CAT50EM3/8X4.500,tungaloy,end_mill,CAT50,3.1201,1.248,,
CAT50EM3/8X6.500,tungaloy,end_mill,CAT50,5.5,1.248,,
CAT50EM3/8X6.500B,tungaloy,end_mill,CAT50,5.5,1.248,,
CAT50EM1/2X2.625,tungaloy,end_mill,CAT50,1.2449,1.752,,
CAT50EM1/2X2.625B,tungaloy,end_mill,CAT50,1.2449,1.752,,
CAT50EM1/2X4.625,tungaloy,end_mill,CAT50,3.2449,1.752,,
CAT50EM1/2X4.625B,tungaloy,end_mill,CAT50,3.2449,1.752,,
CAT50EM1/2X6.625,tungaloy,end_mill,CAT50,5.8748,1.752,,
CAT50EM1/2X6.625B,tungaloy,end_mill,CAT50,5.8748,1.752,,
CAT50EM5/8X3.750,tungaloy,end_mill,CAT50,2.3701,1.752,,
CAT50EM5/8X3.750B,tungaloy,end_mill,CAT50,2.3701,1.752,,
CAT50EM5/8X5.750,tungaloy,end_mill,CAT50,4.3701,1.752,,
CAT50EM5/8X5.750B,tungaloy,end_mill,CAT50,4.3701,1.752,,
CAT50EM5/8X7.750,tungaloy,end_mill,CAT50,7,1.752,,
CAT50EM3/4X3.750,tungaloy,end_mill,CAT50,2.3701,1.772,,
CAT50EM3/4X3.750B,tungaloy,end_mill,CAT50,2.3701,1.772,,
CAT50EM3/4X5.750,tungaloy,end_mill,CAT50,3.15,1.772,,
CAT50EM3/4X5.750B,tungaloy,end_mill,CAT50,3.15,1.772,,
CAT50EM3/4X7.750,tungaloy,end_mill,CAT50,7,1.772,,
CAT50EM3/4X7.750B,tungaloy,end_mill,CAT50,7,1.772,,
CAT50EM7/8X7.750,tungaloy,end_mill,CAT50,3.15,2.0469,,
CAT50EM7/8X3.750,tungaloy,end_mill,CAT50,2.3701,2.0469,,
CAT50EM1X4.000,tungaloy,end_mill,CAT50,2.6201,2.5591,,
CAT50EM1X4.000B,tungaloy,end_mill,CAT50,2.6201,2.5591,,
CAT50EM1X6.000,tungaloy,end_mill,CAT50,4.6201,2.5591,,
CAT50EM1X6.000B,tungaloy,end_mill,CAT50,4.6201,2.5591,,
CAT50EM1X8.000,tungaloy,end_mill,CAT50,4.6248,2.5591,,
CAT50EM1-1/2X4.000,tungaloy,end_mill,CAT50,2.6201,3.15,,
CAT50EM1-1/2X4.000B,tungaloy,end_mill,CAT50,2.6201,3.15,,
CAT50EM1-1/2X6.000,tungaloy,end_mill,CAT50,4.6201,3.15,,
CAT50EM1-1/2X8.000,tungaloy,end_mill,CAT50,6.6201,3.15,,
CAT40FCSRKIN1/4X3.50,tungaloy,shrink_fit,CAT40,1.4169,2.75,,
CAT40FCSRKIN3/8X3.75,tungaloy,shrink_fit,CAT40,3,0.9449,,
CAT40FCSRKIN1/2X3.75,tungaloy,shrink_fit,CAT40,1.85,3,,
CAT40FCSRKIN5/8X3.75,tungaloy,shrink_fit,CAT40,3,1.063,,
CAT40FCSRKIN1X4.000,tungaloy,shrink_fit,CAT40,3.25,1.7319,,
CAT50FCSRKIN1/2X3.75,tungaloy,shrink_fit,CAT50,1.85,3,,
CAT50FCSRKIN5/8X3.75,tungaloy,shrink_fit,CAT50,3,1.063,,
CAT50FCSRKIN3/4X4.00,tungaloy,shrink_fit,CAT50,2.0469,3.25,,
CAT50FCSRKIN1X4.000,tungaloy,shrink_fit,CAT50,3.25,1.7319,,
CAT50FCSRKIN1-1/4X4.0,tungaloy,shrink_fit,CAT50,2.0469,3.25,,
CAT40SRKIN1/4X3.500,tungaloy,shrink_fit,CAT40,0.9799,0.8272,,
CAT40SRKIN5/16X3.500,tungaloy,shrink_fit,CAT40,2.75,0.8272,,
CAT40SRKIN3/8X3.750,tungaloy,shrink_fit,CAT40,1.2201,0.9449,,
CAT40SRKIN7/16X3.750,tungaloy,shrink_fit,CAT40,3,0.9449,,
CAT40SRKIN1/2X3.750,tungaloy,shrink_fit,CAT40,1.4201,0.9449,,
CAT40SRKIN5/8X3.750,tungaloy,shrink_fit,CAT40,3,1.063,,
CAT40SRKIN3/4X4.000,tungaloy,shrink_fit,CAT40,1.6098,1.2988,,
CAT40SRKIN7/8X4.000,tungaloy,shrink_fit,CAT40,3.25,1.7319,,
CAT40SRKIN1X4.000,tungaloy,shrink_fit,CAT40,1.85,1.7319,,
CAT40SRKIN1-1/4X4.000,tungaloy,shrink_fit,CAT40,3.25,1.7319,,
CAT50SRKIN1/4X3.500,tungaloy,shrink_fit,CAT50,0.9799,0.8272,,
CAT50SRKIN5/16X3.500,tungaloy,shrink_fit,CAT50,2.7,0.8272,,
CAT50SRKIN3/8X3.750,tungaloy,shrink_fit,CAT50,1.2201,0.9449,,
CAT50SRKIN7/16X3.750,tungaloy,shrink_fit,CAT50,3,0.9449,,
CAT50SRKIN1/2X3.750,tungaloy,shrink_fit,CAT50,1.4201,0.9449,,
CAT50SRKIN5/8X3.750,tungaloy,shrink_fit,CAT50,3,1.063,,
CAT50SRKIN3/4X4.000,tungaloy,shrink_fit,CAT50,1.6098,1.2988,,
CAT50SRKIN7/8X4.000,tungaloy,shrink_fit,CAT50,3.25,1.7319,,
CAT50SRKIN1X4.000,tungaloy,shrink_fit,CAT50,1.85,1.7319,,
BBT30-MEGA3S-45T,big_daishowa,collet_chuck,BBT30,1.7717,,40000,3
BBT30-MEGA6S-60T,big_daishowa,collet_chuck,BBT30,2.3622,,40000,3
BBT30-MEGA8S-75T,big_daishowa,collet_chuck,BBT30,2.9528,,40000,3
BBT40-MEGA3S-60T,big_daishowa,collet_chuck,BBT40,2.3622,,35000,3
BBT40-MEGA6S-60T,big_daishowa,collet_chuck,BBT40,2.3622,,35000,3
BBT40-MEGA8S-90T,big_daishowa,collet_chuck,BBT40,3.5433,,30000,3
HSK-A40-MEGA3S-75T,big_daishowa,collet_chuck,HSK-A40,2.9528,,32000,3
HSK-A40-MEGA6S-60T,big_daishowa,collet_chuck,HSK-A40,2.3622,,35000,3
HSK-A63-MEGA3S-75T,big_daishowa,collet_chuck,HSK-A63,2.9528,,32000,3
HSK-A63-MEGA6S-60T,big_daishowa,collet_chuck,HSK-A63,2.3622,,35000,3
HSK-A63-MEGA8S-90T,big_daishowa,collet_chuck,HSK-A63,3.5433,,30000,3
C4-MEGA3S-60T,big_daishowa,collet_chuck,Capto-C4,2.3622,,35000,3
C4-MEGA6S-60T,big_daishowa,collet_chuck,Capto-C4,2.3622,,30000,3
C6-MEGA6S-120T,big_daishowa,collet_chuck,Capto-C6,4.7244,,22000,3
BBT30-MEGA6N-60,big_daishowa,collet_chuck,BBT30,2.3622,,40000,3
BBT30-MEGA10N-60,big_daishowa,collet_chuck,BBT30,2.3622,,40000,3
BBT30-MEGA16N-60,big_daishowa,collet_chuck,BBT30,2.3622,,35000,3
BBT30-MEGA20N-60,big_daishowa,collet_chuck,BBT30,2.3622,,30000,3
BBT40-MEGA6N-60,big_daishowa,collet_chuck,BBT40,2.3622,,35000,3
BBT40-MEGA10N-60,big_daishowa,collet_chuck,BBT40,2.3622,,35000,3
BBT40-MEGA16N-60,big_daishowa,collet_chuck,BBT40,2.3622,,35000,3
BBT40-MEGA20N-60,big_daishowa,collet_chuck,BBT40,2.3622,,35000,3
BBT40-MEGA25N-75,big_daishowa,collet_chuck,BBT40,2.9528,,20000,3
BBT50-MEGA6N-90,big_daishowa,collet_chuck,BBT50,3.5433,,20000,3
C4-MEGA6N-75,big_daishowa,collet_chuck,Capto-C4,2.9528,,30000,3
C5-MEGA6N-60,big_daishowa,collet_chuck,Capto-C5,2.3622,,35000,3
C6-MEGA10N-60,big_daishowa,collet_chuck,Capto-C6,2.3622,,35000,3
C8-MEGA13N-90,big_daishowa,collet_chuck,Capto-C8,3.5433,,20000,3
BBT30-MEGA6E-60,big_daishowa,collet_chuck,BBT30,2.3622,,40000,3
BBT30-MEGA13E-60,big_daishowa,collet_chuck,BBT30,2.3622,,40000,3
BBT40-MEGA6E-60,big_daishowa,collet_chuck,BBT40,2.3622,,35000,3
BBT40-MEGA13E-60,big_daishowa,collet_chuck,BBT40,2.3622,,30000,3
HSK-A63-MEGA6E-75,big_daishowa,collet_chuck,HSK-A63,2.9528,,32000,3
HSK-A63-MEGA13E-75,big_daishowa,collet_chuck,HSK-A63,2.9528,,28000,3
C5-MEGA8E-55,big_daishowa,collet_chuck,Capto-C5,2.1654,,35000,3
C6-MEGA13E-65,big_daishowa,collet_chuck,Capto-C6,2.5591,,30000,3
BBT30-MEGAER16-60,big_daishowa,collet_chuck,BBT30,2.3622,,35000,3
BBT40-MEGAER16-60,big_daishowa,collet_chuck,BBT40,2.3622,,35000,3
BBT40-MEGAER32-75,big_daishowa,collet_chuck,BBT40,2.9528,,25000,3
HSK-A63-MEGAER32-90,big_daishowa,collet_chuck,HSK-A63,3.5433,,25000,3
BBT30-MEGA12DS-58,big_daishowa,power_chuck,BBT30,2.2835,,30000,3
BBT30-MEGA20DS-65,big_daishowa,power_chuck,BBT30,2.5591,,25000,3
BBT40-MEGA16DS-75A,big_daishowa,power_chuck,BBT40,2.9528,,30000,3
BBT40-MEGA20DS-75A,big_daishowa,power_chuck,BBT40,2.9528,,30000,3
BBT40-MEGA25DS-75A,big_daishowa,power_chuck,BBT40,2.9528,,27000,3
BBT40-MEGA32DS-90A,big_daishowa,power_chuck,BBT40,3.5433,,26000,3
BBT50-MEGA20DS-105,big_daishowa,power_chuck,BBT50,4.1339,,20000,3
BBT50-MEGA32DS-105,big_daishowa,power_chuck,BBT50,4.1339,,20000,3
BBT50-MEGA42DS-105,big_daishowa,power_chuck,BBT50,4.1339,,15000,3
BBT50-MEGA50DS-120,big_daishowa,power_chuck,BBT50,4.7244,,13000,3
HSK-A63-MEGA16DS-75,big_daishowa,power_chuck,HSK-A63,2.9528,,30000,3
HSK-A63-MEGA20DS-75,big_daishowa,power_chuck,HSK-A63,2.9528,,30000,3
HSK-A100-MEGA20DS-105,big_daishowa,power_chuck,HSK-A100,4.1339,,20000,3
HSK-A100-MEGA32DS-105,big_daishowa,power_chuck,HSK-A100,4.1339,,20000,3
C5-MEGA16DS-65A,big_daishowa,power_chuck,Capto-C5,2.5591,,30000,3
C6-MEGA20DS-75A,big_daishowa,power_chuck,Capto-C6,2.9528,,30000,3
BBT40-MEGA16DPG-75,big_daishowa,milling_chuck,BBT40,2.9528,,30000,3
BBT40-MEGA20DPG-100,big_daishowa,milling_chuck,BBT40,3.937,,30000,3
BBT50-MEGA25DPG-105,big_daishowa,milling_chuck,BBT50,4.1339,,20000,3
BBT50-MEGA32DPG-105,big_daishowa,milling_chuck,BBT50,4.1339,,20000,3
HSK-A63-MEGA16DPG-90,big_daishowa,milling_chuck,HSK-A63,3.5433,,28000,3
HSK-A63-MEGA20DPG-100,big_daishowa,milling_chuck,HSK-A63,3.937,,25000,3
HSK-A100-MEGA25DPG-105,big_daishowa,milling_chuck,HSK-A100,4.1339,,20000,3
HSK-A100-MEGA32DPG-115,big_daishowa,milling_chuck,HSK-A100,4.5276,,18000,3
BBT30-HMC16S-70,big_daishowa,milling_chuck,BBT30,2.7559,,30000,5
BBT30-HMC25S-90,big_daishowa,milling_chuck,BBT30,3.5433,,25000,5
BBT40-HMC20S-75,big_daishowa,milling_chuck,BBT40,2.9528,,30000,5
BBT40-HMC25S-75,big_daishowa,milling_chuck,BBT40,2.9528,,28000,5
BBT40-HMC32S-90,big_daishowa,milling_chuck,BBT40,3.5433,,26000,5
BBT50-HMC20S-105,big_daishowa,milling_chuck,BBT50,4.1339,,20000,5
BBT50-HMC32S-105,big_daishowa,milling_chuck,BBT50,4.1339,,20000,5
HSK-A63-HMC20S-90,big_daishowa,milling_chuck,HSK-A63,3.5433,,30000,5
HSK-A63-HMC25S-100,big_daishowa,milling_chuck,HSK-A63,3.937,,28000,5
HSK-A63-HMC32S-110,big_daishowa,milling_chuck,HSK-A63,4.3307,,25000,5
HSK-A100-HMC20S-105,big_daishowa,milling_chuck,HSK-A100,4.1339,,20000,5
HSK-A100-HMC32S-115,big_daishowa,milling_chuck,HSK-A100,4.5276,,20000,5
HSK-A100-HMC42S-115,big_daishowa,milling_chuck,HSK-A100,4.5276,,18000,5
BBT30-HDC3S-60,big_daishowa,hydraulic,BBT30,2.3622,,35000,3
BBT30-HDC6S-60,big_daishowa,hydraulic,BBT30,2.3622,,35000,3
BBT30-HDC12S-90,big_daishowa,hydraulic,BBT30,3.5433,,35000,3
BBT40-HDC6S-110,big_daishowa,hydraulic,BBT40,4.3307,,30000,3
BBT40-HDC10S-110,big_daishowa,hydraulic,BBT40,4.3307,,30000,3
BBT40-HDC12S-110,big_daishowa,hydraulic,BBT40,4.3307,,30000,3
BBT50-HDC6S-150,big_daishowa,hydraulic,BBT50,5.9055,,20000,3
BBT50-HDC12S-150,big_daishowa,hydraulic,BBT50,5.9055,,20000,3
HSK-A40-HDC6S-75,big_daishowa,hydraulic,HSK-A40,2.9528,,40000,3
HSK-A40-HDC12S-80,big_daishowa,hydraulic,HSK-A40,3.1496,,35000,3
HSK-A63-HDC6S-120,big_daishowa,hydraulic,HSK-A63,4.7244,,30000,3
HSK-A63-HDC12S-120,big_daishowa,hydraulic,HSK-A63,4.7244,,30000,3
HSK-A100-HDC6S-150,big_daishowa,hydraulic,HSK-A100,5.9055,,20000,3
HSK-A100-HDC12S-150,big_daishowa,hydraulic,HSK-A100,5.9055,,20000,3
BBT40-HDC.250-2.5,big_daishowa,hydraulic,BBT40,2.5,,40000,3
BBT40-HDC.500-2.5,big_daishowa,hydraulic,BBT40,2.5,,40000,3
BBT40-HDC.750-3,big_daishowa,hydraulic,BBT40,3,,40000,3
BBT40-HDC1.000-3,big_daishowa,hydraulic,BBT40,3,,35000,3
BBT40-HDC1.250-3.5,big_daishowa,hydraulic,BBT40,3.5,,30000,3
HSK-A63-HDC6J-90,big_daishowa,hydraulic,HSK-A63,3.5433,,30000,3
HSK-A63-HDC12J-90,big_daishowa,hydraulic,HSK-A63,3.5433,,30000,3
HSK-A63-HDC20J-120,big_daishowa,hydraulic,HSK-A63,4.7244,,25000,3
HSK-A63-HDC32J-120,big_daishowa,hydraulic,HSK-A63,4.7244,,20000,3
BCV40-SFC.250-3.5,big_daishowa,shrink_fit,CAT40,3.5,,40000,3
BCV40-SFC.500-3.5,big_daishowa,shrink_fit,CAT40,3.5,,35000,3
BCV40-SFC.750-4,big_daishowa,shrink_fit,CAT40,4,,30000,3
BCV40-SFC1.000-4,big_daishowa,shrink_fit,CAT40,4,,25000,3
BCV50-SFC.500-4,big_daishowa,shrink_fit,CAT50,4,,20000,3
BCV50-SFC1.000-4,big_daishowa,shrink_fit,CAT50,4,,15000,3
BCV50-SFC1.250-4,big_daishowa,shrink_fit,CAT50,4,,12000,3
BBT30-SRC6-75,big_daishowa,shrink_fit,BBT30,2.9528,,40000,3
BBT30-SRC10-75,big_daishowa,shrink_fit,BBT30,2.9528,,35000,3
BBT30-SRC12-75,big_daishowa,shrink_fit,BBT30,2.9528,,30000,3
BBT40-SRC6-90,big_daishowa,shrink_fit,BBT40,3.5433,,35000,3
BBT40-SRC10-90,big_daishowa,shrink_fit,BBT40,3.5433,,30000,3
BBT40-SRC12-90,big_daishowa,shrink_fit,BBT40,3.5433,,28000,3
BBT40-SRC16-90,big_daishowa,shrink_fit,BBT40,3.5433,,25000,3
BBT40-SRC20-90,big_daishowa,shrink_fit,BBT40,3.5433,,22000,3
BBT30-SFC.250-3,big_daishowa,shrink_fit,BBT30,3,,40000,3
BBT30-SFC.500-3,big_daishowa,shrink_fit,BBT30,3,,35000,3
BBT40-SFC.500-3.5,big_daishowa,shrink_fit,BBT40,3.5,,30000,3
BBT40-SFC.750-4,big_daishowa,shrink_fit,BBT40,4,,25000,3
BBT40-SFC1.000-4,big_daishowa,shrink_fit,BBT40,4,,20000,3
BBT30-SRC6S-105,big_daishowa,shrink_fit,BBT30,4.1339,,35000,3
BBT30-SRC12S-105,big_daishowa,shrink_fit,BBT30,4.1339,,30000,3
BBT40-SRC6S-120,big_daishowa,shrink_fit,BBT40,4.7244,,30000,3
BBT40-SRC12S-120,big_daishowa,shrink_fit,BBT40,4.7244,,25000,3
HSK-A63-SRC6-90,big_daishowa,shrink_fit,HSK-A63,3.5433,,30000,3
HSK-A63-SRC10-90,big_daishowa,shrink_fit,HSK-A63,3.5433,,28000,3
HSK-A63-SRC12-90,big_daishowa,shrink_fit,HSK-A63,3.5433,,25000,3
HSK-A63-SRC16-90,big_daishowa,shrink_fit,HSK-A63,3.5433,,22000,3
HSK-A63-SRC20-90,big_daishowa,shrink_fit,HSK-A63,3.5433,,20000,3
HSK-A63-SRC6S-120,big_daishowa,shrink_fit,HSK-A63,4.7244,,28000,3
HSK-A63-SRC12S-120,big_daishowa,shrink_fit,HSK-A63,4.7244,,22000,3
HAIMER-CAT40-shrink_fit-3.0,haimer,shrink_fit,CAT40,,0.3937,,
HAIMER-CAT40-shrink_fit-4.0,haimer,shrink_fit,CAT40,,0.3937,,
.12.4,haimer,shrink_fit,CAT40,6.2992,1.2598,,
.14.4,haimer,shrink_fit,CAT40,6.2992,1.3386,,
.16.4,haimer,shrink_fit,CAT40,6.2992,1.3386,,
.20.4,haimer,shrink_fit,CAT40,6.2992,1.6535,,
.25.4,haimer,shrink_fit,CAT40,6.2992,2.0866,,
HAIMER-CAT40-shrink_fit-32.0,haimer,shrink_fit,CAT40,,2.0866,,
.06.47,haimer,shrink_fit,CAT40,3.1496,1.063,,
.16.47,haimer,shrink_fit,CAT40,3.1496,1.3386,,
.20.47,haimer,shrink_fit,CAT40,3.1496,1.6535,,
.25.47,haimer,shrink_fit,CAT40,3.937,2.0866,,
.32.47,haimer,shrink_fit,CAT40,3.937,2.0866,,
7 .3/8z.37,haimer,shrink_fit,CAT40,6.3,1.75,,
.1/2z.37,haimer,shrink_fit,CAT40,6.3,1.75,,
.5/8z.37,haimer,shrink_fit,CAT40,6.3,1.75,,
.3/4z.37,haimer,shrink_fit,CAT40,6.3,1.75,,
.10.37,haimer,shrink_fit,CAT40,6.2992,1.75,,
.1/8z.8,haimer,shrink_fit,CAT40,7.8701,0.35,,
.3/16z.8,haimer,shrink_fit,CAT40,7.8701,0.4299,,
.3/8z.8,haimer,shrink_fit,CAT40,7.8701,0.6299,,
.1/2z.8,haimer,shrink_fit,CAT40,7.8701,0.7098,,
––,haimer,shrink_fit,CAT40,7.8701,0.95,,
––,haimer,shrink_fit,CAT40,3.9402,0.35,,
––,haimer,shrink_fit,CAT40,3.9402,0.4299,,
––,haimer,shrink_fit,CAT40,3.9402,0.4701,,
––,haimer,shrink_fit,CAT40,3.9402,0.6299,,
.0033,haimer,shrink_fit,CAT40,3.15,0.8098,,
.03.8,haimer,shrink_fit,CAT40,7.874,0.3543,,
.04.8,haimer,shrink_fit,CAT40,7.874,0.3937,,
.05.8,haimer,shrink_fit,CAT40,7.874,0.4331,,
.06.8,haimer,shrink_fit,CAT40,7.874,0.4724,,
.08.8,haimer,shrink_fit,CAT40,7.874,0.5512,,
.10.8,haimer,shrink_fit,CAT40,7.874,0.6299,,
.12.8,haimer,shrink_fit,CAT40,7.874,0.7087,,
––,haimer,shrink_fit,CAT40,7.874,0.9449,,
.2.08,haimer,shrink_fit,CAT40,3.937,0.3937,,
.2.09,haimer,shrink_fit,CAT40,3.937,0.4724,,
.1/4Z.4,haimer,shrink_fit,CAT50,6.3,1.0598,,
.5/16Z.4,haimer,shrink_fit,CAT50,6.3,1.0598,,
.3/8Z.4,haimer,shrink_fit,CAT50,6.3,1.2598,,
.5/8Z.4,haimer,shrink_fit,CAT50,6.3,1.3402,,
.3/4Z.4,haimer,shrink_fit,CAT50,6.3,1.65,,
.7/8Z.4,haimer,shrink_fit,CAT50,6.3,1.65,,
.1Z.4,haimer,shrink_fit,CAT50,6.3,2.0902,,
.06.4,haimer,shrink_fit,CAT50,6.2992,1.063,,
.08.4,haimer,shrink_fit,CAT50,6.2992,1.063,,
.10.4,haimer,shrink_fit,CAT50,6.2992,1.2598,,
.16.4,haimer,shrink_fit,CAT50,6.2992,1.3386,,
HAIMER-CAT50-shrink_fit-18.0,haimer,shrink_fit,CAT50,,1.6535,,
.20.4,haimer,shrink_fit,CAT50,6.2992,1.6535,,
.25.4,haimer,shrink_fit,CAT50,6.2992,2.0866,,
.32.4,haimer,shrink_fit,CAT50,6.2992,2.0866,,
.3/8z.37,haimer,shrink_fit,CAT50,7.8701,2.75,,
.1/2z.37,haimer,shrink_fit,CAT50,7.8701,2.75,,
.5/8z.37,haimer,shrink_fit,CAT50,7.8701,2.75,,
.3/4z.37,haimer,shrink_fit,CAT50,7.8701,2.75,,
.1z.37,haimer,shrink_fit,CAT50,7.8701,2.75,,
.06.37,haimer,shrink_fit,CAT50,7.874,2.75,,
.08.3,haimer,shrink_fit,CAT50,7.874,2.75,,
7 .10.37,haimer,shrink_fit,CAT50,7.874,2.75,,
.12.37,haimer,shrink_fit,CAT50,7.874,2.75,,
.14.37,haimer,shrink_fit,CAT50,7.874,2.75,,
.16.37,haimer,shrink_fit,CAT50,7.874,2.75,,
.18.37,haimer,shrink_fit,CAT50,7.874,2.75,,
.20.37,haimer,shrink_fit,CAT50,7.874,2.75,,
.25.37,haimer,shrink_fit,CAT50,7.874,2.75,,
.5/8z.67,haimer,shrink_fit,CAT50,3.15,2.0098,,
.3/4z.67,haimer,shrink_fit,CAT50,3.35,2.6402,,
.1z.67,haimer,shrink_fit,CAT50,3.5402,2.4799,,
.32.6.32.67,haimer,shrink_fit,CAT50,7.874,3.3465,,
.40.6.40.67,haimer,shrink_fit,CAT50,7.874,3.7008,,
.50.6.50.67,haimer,shrink_fit,CAT50,7.874,3.7008,,
.3/4Z .,haimer,shrink_fit,CAT50,3.9429,1.7118,,
HAIMER-CAT40-shrink_fit-3.17,haimer,shrink_fit,CAT40,3.1512,0.3902,,
HAIMER-CAT40-shrink_fit-4.76,haimer,shrink_fit,CAT40,3.1512,0.3902,,
.5/8Z.4,haimer,shrink_fit,CAT40,3.15,1.3402,,
.3/4Z.4,haimer,shrink_fit,CAT40,3.15,1.65,,
.7/8Z.4,haimer,shrink_fit,CAT40,3.15,1.65,,
.1Z.4,haimer,shrink_fit,CAT40,3.9402,2.0902,,
.1/4z.3—,haimer,shrink_fit,CAT40,2.5598,0.8701,,
.5/16z.3—,haimer,shrink_fit,CAT40,2.5598,0.8701,,
.3/8z.3—,haimer,shrink_fit,CAT40,2.5598,1.0402,,
.1/2z.3.1/2z.37,haimer,shrink_fit,CAT40,2.5598,1.0402,,
.5/8z.3.5/8z.37,haimer,shrink_fit,CAT40,2.5598,1.1598,,
.3/4z.3.3/4z.37,haimer,shrink_fit,CAT40,2.5598,1.4,,
.1z.3.1z.37,haimer,shrink_fit,CAT40,2.95,1.7902,,
.1/2Z.4,haimer,shrink_fit,CAT50,6.3,1.2598,,
––,haimer,shrink_fit,CAT50,3.15,2.6799,,
.3/4z.37,haimer,shrink_fit,CAT50,3.15,1.7598,,
.1z.37,haimer,shrink_fit,CAT50,3.9402,1.7299,,
.1/8Z,haimer,shrink_fit,BT30,3.1512,0.3902,,
.5/16Z.4,haimer,shrink_fit,BT30,3.15,1.0598,,
.3/8Z.4,haimer,shrink_fit,BT30,3.15,1.2598,,
.7/16Z.4,haimer,shrink_fit,BT30,3.15,1.2598,,
.1/2Z.4,haimer,shrink_fit,BT30,3.15,1.2598,,
.5/8Z.4,haimer,shrink_fit,BT30,3.15,1.3402,,
.3/4Z.4,haimer,shrink_fit,BT30,3.5402,1.65,,
.06,haimer,shrink_fit,BT30,3.1496,1.063,,
.08,haimer,shrink_fit,BT30,3.1496,1.063,,
.10,haimer,shrink_fit,BT30,3.1496,1.2598,,
.12,haimer,shrink_fit,BT30,3.1496,1.2598,,
.14,haimer,shrink_fit,BT30,3.1496,1.3386,,
.16,haimer,shrink_fit,BT30,3.1496,1.3386,,
.18,haimer,shrink_fit,BT30,3.5433,1.5945,,
.20,haimer,shrink_fit,BT30,3.5433,1.5945,,
.1/8Z,haimer,shrink_fit,BT30,2.361,0.3902,,
.5/16Z.4,haimer,shrink_fit,BT30,2.3598,0.9098,,
.3/8Z.4,haimer,shrink_fit,BT30,2.3598,1.0598,,
.7/16Z.4 .,haimer,shrink_fit,BT30,2.3598,1.0598,,
1/2Z.4,haimer,shrink_fit,BT30,2.3598,1.0598,,
.5/8Z.4,haimer,shrink_fit,BT30,2.5598,1.1799,,
.3/4Z.4,haimer,shrink_fit,BT30,2.75,1.3902,,
.03.8,haimer,shrink_fit,BT30,4.7244,0.2362,,
.04.8,haimer,shrink_fit,BT30,4.7244,0.2756,,
.06.8,haimer,shrink_fit,BT30,4.7244,0.3543,,
.16.KKB,haimer,shrink_fit,BT30,1.378,1.4173,,
.22.KKB,haimer,shrink_fit,BT30,1.378,1.6535,,
.27.KKB,haimer,shrink_fit,BT30,1.378,1.6535,,
HAIMER-BT40-shrink_fit-3.17,haimer,shrink_fit,BT40,,0.3902,,
HAIMER-BT40-shrink_fit-4.76,haimer,shrink_fit,BT40,,0.3902,,
.5/8Z.4,haimer,shrink_fit,BT40,6.3,1.3402,,
.3/4Z.4,haimer,shrink_fit,BT40,6.3,1.65,,
.7/8Z.4,haimer,shrink_fit,BT40,6.3,1.65,,
.1Z.4,haimer,shrink_fit,BT40,6.3,2.0902,,
.5/8Z.47,haimer,shrink_fit,BT40,3.5421,1.3402,,
.3/4Z.47,haimer,shrink_fit,BT40,3.5421,1.65,,
.1Z.47,haimer,shrink_fit,BT40,3.9421,2.0902,,
.12,haimer,shrink_fit,BT40,7.874,1.2598,,
.14,haimer,shrink_fit,BT40,7.874,1.3386,,
.16,haimer,shrink_fit,BT40,7.874,1.3386,,
.18,haimer,shrink_fit,BT40,7.874,1.6535,,
.20,haimer,shrink_fit,BT40,7.874,1.6535,,
.25,haimer,shrink_fit,BT40,7.874,2.0866,,
HAIMER-BT40-shrink_fit-32.0,haimer,shrink_fit,BT40,,2.0866,,
.12.2,haimer,shrink_fit,BT40,3.5433,1.2598,,
.14.2,haimer,shrink_fit,BT40,3.5433,1.3386,,
.16.2,haimer,shrink_fit,BT40,3.5433,1.3386,,
.20.2,haimer,shrink_fit,BT40,3.5433,1.6535,,
.25.2,haimer,shrink_fit,BT40,3.937,2.0866,,
.16.7,haimer,shrink_fit,BT40,,1.3386,,
.18.7,haimer,shrink_fit,BT40,,1.6535,,
.20.7,haimer,shrink_fit,BT40,,1.6535,,
.25.7,haimer,shrink_fit,BT40,,2.0866,,
.1/4z.37,haimer,shrink_fit,BT40,2.7598,0.8701,,
7 .1/2z.37,haimer,shrink_fit,BT40,2.7598,1.0402,,
.5/8z.37,haimer,shrink_fit,BT40,2.95,1.1598,,
.3/4z.37,haimer,shrink_fit,BT40,2.95,1.3902,,
.1z.37,haimer,shrink_fit,BT40,3.35,1.7902,,
.06.3.06.37,haimer,shrink_fit,BT40,6.2992,1.9685,,
.08.3.08.37,haimer,shrink_fit,BT40,6.2992,1.9685,,
2.3 .14.32.37 .14.37,haimer,shrink_fit,BT40,6.2992,1.9685,,
.16.3.16.37,haimer,shrink_fit,BT40,6.2992,1.9685,,
.18.3.18.37,haimer,shrink_fit,BT40,6.2992,1.9685,,
.20.3.20.37,haimer,shrink_fit,BT40,6.2992,1.9685,,
.03.8,haimer,shrink_fit,BT40,7.874,0.3543,,
.04.8,haimer,shrink_fit,BT40,7.874,0.3937,,
.05.8,haimer,shrink_fit,BT40,7.874,0.4331,,
.06.8,haimer,shrink_fit,BT40,7.874,0.4724,,
.08.8,haimer,shrink_fit,BT40,7.874,0.5512,,
.10.8,haimer,shrink_fit,BT40,7.874,0.6299,,
HAIMER-BT40-shrink_fit-16.0,haimer,shrink_fit,BT40,0.0543,1.4173,,
.22.KKB,haimer,shrink_fit,BT40,0.0776,1.8898,,
.27.KKB,haimer,shrink_fit,BT40,0.0929,2.3228,,
HAIMER-BT40-shrink_fit-40.0,haimer,shrink_fit,BT40,,3.4252,,
.06,haimer,shrink_fit,BT50,7.874,1.063,,
.08,haimer,shrink_fit,BT50,7.874,1.063,,
.10,haimer,shrink_fit,BT50,7.874,1.2598,,
.12,haimer,shrink_fit,BT50,7.874,1.2598,,
.14,haimer,shrink_fit,BT50,7.874,1.3386,,
.16,haimer,shrink_fit,BT50,7.874,1.3386,,
.18,haimer,shrink_fit,BT50,7.874,1.6535,,
.20,haimer,shrink_fit,BT50,7.874,1.6535,,
.25,haimer,shrink_fit,BT50,7.874,2.0866,,
.32,haimer,shrink_fit,BT50,7.874,2.0866,,
.1/2z.3.1/2z.37,haimer,shrink_fit,BT50,3.9402,2.1701,,
.5/8z.3.5/8z.37,haimer,shrink_fit,BT50,3.9402,1.3098,,
.3/4z.3.3/4z.37,haimer,shrink_fit,BT50,3.9402,1.7598,,
.1z.3.1z.37,haimer,shrink_fit,BT50,3.9402,1.7598,,
12.37,haimer,shrink_fit,BT50,,0.2756,,
.40.6.40.67,haimer,shrink_fit,BT50,7.874,3.7008,,
.50.6.50.67,haimer,shrink_fit,BT50,7.874,3.7008,,
.22.KKB .,haimer,shrink_fit,BT50,3.937,1.8898,,
27.KKB,haimer,shrink_fit,BT50,3.937,2.3622,,
.32.KKB,haimer,shrink_fit,BT50,3.937,3.0709,,
HAIMER-BT50-shrink_fit-40.0,haimer,shrink_fit,BT50,,3.5039,,
.5/16Z.4,haimer,shrink_fit,BT30,2.3618,0.8299,,
.3/8Z.4,haimer,shrink_fit,BT30,2.3618,0.95,,
.7/16Z.4,haimer,shrink_fit,BT30,2.3618,0.95,,
.1/2Z.4,haimer,shrink_fit,BT30,2.3618,0.95,,
.5/8Z.4,haimer,shrink_fit,BT30,2.5618,1.0598,,
.3/4Z.4,haimer,shrink_fit,BT30,2.7618,1.5902,,
.03,haimer,shrink_fit,BT30,,0.3937,,
.04,haimer,shrink_fit,BT30,,0.3937,,
.05,haimer,shrink_fit,BT30,,0.3937,,
.06,haimer,shrink_fit,BT30,,1.063,,
.08,haimer,shrink_fit,BT30,,1.063,,
.10,haimer,shrink_fit,BT30,,1.2598,,
.12,haimer,shrink_fit,BT30,,1.2598,,
.14,haimer,shrink_fit,BT30,,1.3386,,
.16,haimer,shrink_fit,BT30,,1.3386,,
.20,haimer,shrink_fit,BT30,,1.5945,,
.1/4Z.4,haimer,shrink_fit,BT40,6.3,1.0598,,
.5/16Z.4,haimer,shrink_fit,BT40,6.3,1.0598,,
.3/8Z.4,haimer,shrink_fit,BT40,6.3,1.2598,,
.7/16Z.4,haimer,shrink_fit,BT40,6.3,1.2598,,
.1/2Z.4,haimer,shrink_fit,BT40,6.3,1.2598,,
HAIMER-BT40-shrink_fit-3.0,haimer,shrink_fit,BT40,,0.3937,,
.06,haimer,shrink_fit,BT40,,1.063,,
.08,haimer,shrink_fit,BT40,,1.063,,
.10,haimer,shrink_fit,BT40,,1.2598,,
.12,haimer,shrink_fit,BT40,,1.2598,,
.14,haimer,shrink_fit,BT40,,1.3386,,
––,haimer,shrink_fit,BT40,2.7598,0.8701,,
.04.8,haimer,shrink_fit,BT40,,0.3937,,
.05.8,haimer,shrink_fit,BT40,,0.4331,,
.1/4Z.4,haimer,shrink_fit,BT50,3.9402,1.0598,,
.5/16Z.,haimer,shrink_fit,BT50,3.9402,1.0598,,
4 .3/8Z.4,haimer,shrink_fit,BT50,3.9402,1.2598,,
––,haimer,shrink_fit,BT50,3.9402,2.1701,,
.1z.67,haimer,shrink_fit,BT50,4.1299,2.8402,,
.03,haimer,shrink_fit,SK30,,0.3937,,
.04,haimer,shrink_fit,SK30,,0.3937,,
.05,haimer,shrink_fit,SK30,,0.3937,,
.06,haimer,shrink_fit,SK30,,1.063,,
.08,haimer,shrink_fit,SK30,,1.063,,
.10,haimer,shrink_fit,SK30,,1.2598,,
.12,haimer,shrink_fit,SK30,,1.2598,,
.16,haimer,shrink_fit,SK30,,1.3386,,
.20,haimer,shrink_fit,SK30,,1.5945,,
.08,haimer,shrink_fit,SK40,,1.063,,
.10,haimer,shrink_fit,SK40,,1.2598,,
.12,haimer,shrink_fit,SK40,,1.2598,,
.14,haimer,shrink_fit,SK40,,1.3386,,
.16,haimer,shrink_fit,SK40,,1.3386,,
.18,haimer,shrink_fit,SK40,,1.6535,,
.20,haimer,shrink_fit,SK40,,1.6535,,
.25,haimer,shrink_fit,SK40,,2.0866,,
HAIMER-SK40-shrink_fit-32.0,haimer,shrink_fit,SK40,,2.0866,,
.03,haimer,shrink_fit,SK40,,0.3937,,
5 .06.2,haimer,shrink_fit,SK40,,1.063,,
.04.10,haimer,shrink_fit,SK40,,0.3543,,
.05.10,haimer,shrink_fit,SK40,,0.3543,,
.03,haimer,shrink_fit,SK40,4.7244,0.3543,,
.04,haimer,shrink_fit,SK40,4.7244,0.3937,,
.05,haimer,shrink_fit,SK40,4.7244,0.4331,,
.06,haimer,shrink_fit,SK40,4.7244,0.4724,,
.08,haimer,shrink_fit,SK40,4.7244,0.5512,,
.10,haimer,shrink_fit,SK40,4.7244,0.6299,,
.12,haimer,shrink_fit,SK40,4.7244,0.7087,,
.16,haimer,shrink_fit,SK40,4.7244,0.8661,,
.06,haimer,weldon,SK40,,0.9843,,
.08,haimer,weldon,SK40,,1.1024,,
.10,haimer,weldon,SK40,,1.378,,
.12,haimer,weldon,SK40,,1.6535,,
.14,haimer,weldon,SK40,,1.6535,,
.16,haimer,weldon,SK40,,1.8898,,
.18,haimer,weldon,SK40,,1.8898,,
.20,haimer,weldon,SK40,,2.0472,,
.25,haimer,weldon,SK40,,2.5591,,
HAIMER-SK40-weldon-32.0,haimer,weldon,SK40,,2.8346,,
22.KKB,haimer,weldon,SK40,,1.8898,,
.27.KKB,haimer,weldon,SK40,,2.3622,,
.40.6,haimer,shrink_fit,SK40,,3.7008,,
.50.6,haimer,shrink_fit,SK40,,3.7008,,
.06,haimer,weldon,SK50,,0.9843,,
.08 .,haimer,weldon,SK50,,1.1024,,
.14,haimer,weldon,SK50,,1.6535,,
.16,haimer,weldon,SK50,,1.8898,,
.18,haimer,weldon,SK50,,1.8898,,
.20,haimer,weldon,SK50,,2.0472,,
HAIMER-SK50-weldon-25.0,haimer,weldon,SK50,,2.5591,,
HAIMER-SK50-weldon-32.0,haimer,weldon,SK50,,2.8346,,
HAIMER-SK50-weldon-40.0,haimer,weldon,SK50,,3.0709,,
.10.2,haimer,weldon,SK50,,1.378,,
.12.2 .,haimer,weldon,SK50,,1.6535,,
.22.KKB,haimer,weldon,SK50,,1.8898,,
.27.KKB,haimer,weldon,SK50,,2.3622,,
HAIMER-SK50-weldon-50.0,haimer,weldon,SK50,,4.7244,,
.03,haimer,shrink_fit,HSK-A125,,0.3937,,
.04,haimer,shrink_fit,HSK-A125,,0.3937,,
.05,haimer,shrink_fit,HSK-A125,,0.3937,,
.06,haimer,shrink_fit,HSK-A125,,1.063,,
.08,haimer,shrink_fit,HSK-A125,,1.063,,
.10,haimer,shrink_fit,HSK-A125,,1.2598,,
.1/8Z,haimer,shrink_fit,HSK-A125,2.361,0.3902,,
.3/16Z,haimer,shrink_fit,HSK-A125,2.361,0.3902,,
.1/4Z,haimer,shrink_fit,HSK-A125,3.15,1.0598,,
.3/8Z,haimer,shrink_fit,HSK-A125,3.15,1.2598,,
.7/16Z,haimer,shrink_fit,HSK-A125,3.15,1.2598,,
.1/2Z,haimer,shrink_fit,HSK-A125,3.5402,1.2598,,
.5/8Z,haimer,shrink_fit,HSK-A125,3.5402,1.3,,
.12,haimer,shrink_fit,HSK-A125,,1.2598,,
HAIMER-HSK-A125-shrink_fit-14.0,haimer,shrink_fit,HSK-A125,,1.3386,,
HAIMER-HSK-A125-shrink_fit-16.0,haimer,shrink_fit,HSK-A125,,1.3386,,
.22.KKB,haimer,shrink_fit,HSK-A125,,1.8898,,
—,haimer,shrink_fit,HSK-A125,,2.3622,,
—,haimer,shrink_fit,HSK-A125,,3.0709,,
.3/8Z.4,haimer,shrink_fit,HSK-A125,6.3,1.2598,,
.7/16Z.4,haimer,shrink_fit,HSK-A125,6.3,1.2598,,
.1/2Z.4,haimer,shrink_fit,HSK-A125,6.3,1.2598,,
.5/8Z.4,haimer,shrink_fit,HSK-A125,6.3,1.3402,,
.3/4Z.4,haimer,shrink_fit,HSK-A125,6.3,1.65,,
.1Z.4,haimer,shrink_fit,HSK-A125,6.3,2.0902,,
.3/8Z.47,haimer,shrink_fit,HSK-A125,3.352,1.2598,,
.1/2Z.47,haimer,shrink_fit,HSK-A125,3.5421,1.2598,,
.5/8Z.47,haimer,shrink_fit,HSK-A125,3.7421,1.3402,,
.3/4Z.47,haimer,shrink_fit,HSK-A125,3.9421,1.65,,
.1Z.47,haimer,shrink_fit,HSK-A125,4.5319,2.0902,,
HAIMER-HSK-A125-shrink_fit-30.0,haimer,shrink_fit,HSK-A125,,3.9764,,
.18,haimer,shrink_fit,HSK-A125,,1.6535,,
.20,haimer,shrink_fit,HSK-A125,,1.6535,,
.25,haimer,shrink_fit,HSK-A125,,2.0866,,
.06.37,haimer,shrink_fit,HSK-A125,6.2992,2.0866,,
.08.37,haimer,shrink_fit,HSK-A125,6.2992,2.0866,,
12.37,haimer,shrink_fit,HSK-A125,2.3622,0.1575,,
.14.3,haimer,shrink_fit,HSK-A125,6.2992,2.0866,,
7 .16.37,haimer,shrink_fit,HSK-A125,6.2992,2.0866,,
.18.37,haimer,shrink_fit,HSK-A125,6.2992,2.0866,,
.20.37,haimer,shrink_fit,HSK-A125,6.2992,2.0866,,
.25.37,haimer,shrink_fit,HSK-A125,6.2992,2.0866,,
.32.37,haimer,shrink_fit,HSK-A125,6.2992,2.0866,,
.5/8z.67,haimer,shrink_fit,HSK-A125,3.35,1.8098,,
.3/4z.67,haimer,shrink_fit,HSK-A125,3.35,1.8098,,
.16.67,haimer,shrink_fit,HSK-A125,3.3465,1.811,,
.20.67,haimer,shrink_fit,HSK-A125,3.3465,1.811,,
.03,haimer,shrink_fit,HSK-A125,4.7244,,,
.04,haimer,shrink_fit,HSK-A125,4.7244,,,
.05,haimer,shrink_fit,HSK-A125,4.7244,,,
.06,haimer,shrink_fit,HSK-A125,4.7244,,,
.08,haimer,shrink_fit,HSK-A125,4.7244,,,
.10,haimer,shrink_fit,HSK-A125,4.7244,,,
.12,haimer,shrink_fit,HSK-A125,4.7244,,,
HAIMER-HSK-A63-shrink_fit-3.0,haimer,shrink_fit,HSK-A63,6.2992,0.3543,,
HAIMER-HSK-A63-shrink_fit-4.0,haimer,shrink_fit,HSK-A63,6.2992,0.3937,,
HAIMER-HSK-A63-shrink_fit-5.0,haimer,shrink_fit,HSK-A63,6.2992,0.4331,,
HAIMER-HSK-A63-shrink_fit-6.0,haimer,shrink_fit,HSK-A63,6.2992,0.4724,,
HAIMER-HSK-A63-shrink_fit-8.0,haimer,shrink_fit,HSK-A63,6.2992,0.5512,,
HAIMER-HSK-A63-shrink_fit-10.0,haimer,shrink_fit,HSK-A63,6.2992,0.6299,,
HAIMER-HSK-A63-shrink_fit-12.0,haimer,shrink_fit,HSK-A63,6.2992,0.7087,,
HAIMER-HSK-A63-shrink_fit-16.0,haimer,shrink_fit,HSK-A63,6.2992,0.9449,,
.3/4Z,haimer,shrink_fit,HSK-A63,6.3,1.6701,,
.1Z,haimer,shrink_fit,HSK-A63,6.3,1.6701,,
HAIMER-HSK-A63-shrink_fit-16.0,haimer,shrink_fit,HSK-A63,,1.4173,,
.22.KKB,haimer,shrink_fit,HSK-A63,,1.8898,,
.27.KKB,haimer,shrink_fit,HSK-A63,,2.3622,,
.32.KKB,haimer,shrink_fit,HSK-A63,,3.0709,,
HAIMER-HSK-A63-shrink_fit-40.0,haimer,shrink_fit,HSK-A63,,3.4252,,
HAIMER-HSK-A63-shrink_fit-6.35,haimer,shrink_fit,HSK-A63,,1.0598,,
HAIMER-HSK-A63-shrink_fit-7.94,haimer,shrink_fit,HSK-A63,,1.0598,,
HAIMER-HSK-A63-shrink_fit-9.52,haimer,shrink_fit,HSK-A63,,1.2598,,
HAIMER-HSK-A63-shrink_fit-12.7,haimer,shrink_fit,HSK-A63,,1.2598,,
HAIMER-HSK-A63-shrink_fit-15.88,haimer,shrink_fit,HSK-A63,,1.3402,,
HAIMER-HSK-A63-shrink_fit-6.0,haimer,shrink_fit,HSK-A63,,1.063,,
HAIMER-HSK-A63-shrink_fit-8.0,haimer,shrink_fit,HSK-A63,,1.063,,
HAIMER-HSK-A63-shrink_fit-10.0,haimer,shrink_fit,HSK-A63,,1.2598,,
HAIMER-HSK-A63-shrink_fit-12.0,haimer,shrink_fit,HSK-A63,,1.2598,,
HAIMER-HSK-A63-shrink_fit-14.0,haimer,shrink_fit,HSK-A63,,1.3386,,
HAIMER-HSK-A63-shrink_fit-18.0,haimer,shrink_fit,HSK-A63,,1.6535,,
HAIMER-HSK-A63-shrink_fit-20.0,haimer,shrink_fit,HSK-A63,,1.3976,,
.25.3,haimer,shrink_fit,HSK-A63,,1.7717,,
.1/8z.8.i,haimer,shrink_fit,HSK-A63,,0.35,,
.03.8,haimer,shrink_fit,HSK-A63,,0.3543,,
.04.8,haimer,shrink_fit,HSK-A63,,0.3937,,
.05.8,haimer,shrink_fit,HSK-A63,,0.4331,,
.1z.i,haimer,shrink_fit,HSK-A63,,2.1701,,
22,haimer,shrink_fit,HSK-A63,,0.315,,
.1/4Z.4,haimer,shrink_fit,HSK-A63,7.8701,1.0598,,
4 —,haimer,shrink_fit,HSK-A63,,1.2598,,
.1/2Z.4,haimer,shrink_fit,HSK-A63,7.8701,1.2598,,
.5/8Z.4,haimer,shrink_fit,HSK-A63,7.8701,1.3402,,
.3/4Z.4,haimer,shrink_fit,HSK-A63,7.8701,1.65,,
.1Z.4,haimer,shrink_fit,HSK-A63,7.8701,2.0902,,
.06,haimer,shrink_fit,HSK-A63,7.874,1.063,,
0 .12,haimer,shrink_fit,HSK-A63,7.874,1.2598,,
.14,haimer,shrink_fit,HSK-A63,7.874,1.3386,,
.16,haimer,shrink_fit,HSK-A63,7.874,1.3386,,
.18,haimer,shrink_fit,HSK-A63,7.874,1.6535,,
.20,haimer,shrink_fit,HSK-A63,7.874,1.6535,,
.25,haimer,shrink_fit,HSK-A63,7.874,2.0866,,
.32,haimer,shrink_fit,HSK-A63,7.874,2.0866,,
.5/16z.37,haimer,shrink_fit,HSK-A63,7.8701,3.2701,,
.3/8z.37,haimer,shrink_fit,HSK-A63,7.8701,3.2701,,
.10.37,haimer,shrink_fit,HSK-A63,7.874,3.2677,,
.40.6.40.67,haimer,shrink_fit,HSK-A63,7.874,3.7008,,
.50.6.50.67,haimer,shrink_fit,HSK-A63,7.874,3.7008,,
.16.67,haimer,shrink_fit,HSK-A63,3.937,1.811,,
.20.671),haimer,shrink_fit,HSK-A63,3.937,1.811,,
.22.KKB,haimer,shrink_fit,HSK-A63,6.2992,1.8898,,
.27.KKB,haimer,shrink_fit,HSK-A63,6.2992,2.3622,,
.32.KKB,haimer,shrink_fit,HSK-A63,6.2992,3.0709,,
.40.KKB,haimer,shrink_fit,HSK-A63,6.2992,3.4252,,
.1Z.67.I,haimer,shrink_fit,HSK-A63,9,4.2902,,
HAIMER-HSK-A63-shrink_fit-5.0,haimer,shrink_fit,HSK-A63,,0.3543,,
HAIMER-HSK-A63-shrink_fit-19.05,haimer,shrink_fit,HSK-A63,,1.7098,,
.03,haimer,shrink_fit,HSK-A63,1.7717,0.3543,,
.04,haimer,shrink_fit,HSK-A63,1.7717,0.3937,,
.05,haimer,shrink_fit,HSK-A63,1.7717,0.4331,,
.06.V2,haimer,shrink_fit,HSK-A63,1.7717,0.4724,,
.06.V3,haimer,shrink_fit,HSK-A63,1.9685,0.4724,,
.08,haimer,shrink_fit,HSK-A63,1.9685,0.5512,,
.10.V2,haimer,shrink_fit,HSK-A63,1.9685,0.7087,,
.10.V3,haimer,shrink_fit,HSK-A63,2.1654,0.7087,,
.12,haimer,shrink_fit,HSK-A63,1.9685,0.7874,,
.1/8Z,haimer,shrink_fit,HSK-A63,2.361,0.3902,,
.3/16Z,haimer,shrink_fit,HSK-A63,2.361,0.3902,,
.1/4Z,haimer,shrink_fit,HSK-A63,2.7598,0.8299,,
.3/8Z,haimer,shrink_fit,HSK-A63,3.15,0.9402,,
03,haimer,shrink_fit,HSK-A63,3.1496,0.3543,,
.04,haimer,shrink_fit,HSK-A63,3.1496,0.3937,,
.05,haimer,shrink_fit,HSK-A63,3.1496,0.4331,,
.06,haimer,shrink_fit,HSK-A63,3.1496,0.4724,,
.08,haimer,shrink_fit,HSK-A63,3.1496,0.5512,,
.10,haimer,shrink_fit,HSK-A63,3.1496,0.6299,,
.12,haimer,shrink_fit,HSK-A63,3.1496,0.7087,,
.1/4Z,haimer,shrink_fit,HSK-A63,3.15,1.0598,,
.5/16Z,haimer,shrink_fit,HSK-A63,3.15,1.0598,,
.1/2Z,haimer,shrink_fit,HSK-A63,3.5402,1.2598,,
.5/8Z,haimer,shrink_fit,HSK-A63,3.5402,1.3402,,
.03,haimer,shrink_fit,HSK-A63,0.1087,0.3543,,
.04,haimer,shrink_fit,HSK-A63,0.1087,0.3937,,
.05,haimer,shrink_fit,HSK-A63,0.1087,0.4331,,
.06,haimer,shrink_fit,HSK-A63,0.1087,0.4724,,
.08,haimer,shrink_fit,HSK-A63,0.1087,0.5512,,
—,haimer,shrink_fit,HSK-A63,,0.3902,,
.1/4Z,haimer,shrink_fit,HSK-A63,5.1201,1.0598,,
.5/16Z,haimer,shrink_fit,HSK-A63,5.1201,1.0598,,
.3/8Z,haimer,shrink_fit,HSK-A63,5.1201,1.2598,,
.7/16Z,haimer,shrink_fit,HSK-A63,5.1201,1.2598,,
.1/2Z,haimer,shrink_fit,HSK-A63,5.1201,1.2598,,
.5/8Z,haimer,shrink_fit,HSK-A63,5.1201,1.3402,,
.3/4Z,haimer,shrink_fit,HSK-A63,5.1201,1.65,,
–.1/8Z,haimer,shrink_fit,HSK-A63,3.9402,0.35,,
.3/16Z.3/16Z,haimer,shrink_fit,HSK-A63,3.9402,0.4299,,
.1/4Z.1/4Z,haimer,shrink_fit,HSK-A63,3.9402,0.4701,,
.3/8Z.3/8Z,haimer,shrink_fit,HSK-A63,3.9402,0.6299,,
.1/2Z.1/2Z,haimer,shrink_fit,HSK-A63,3.9402,0.7098,,
.10,haimer,shrink_fit,HSK-A63,1.8898,0.6299,,
.12,haimer,shrink_fit,HSK-A63,1.8898,0.7087,,
.1/4z,haimer,shrink_fit,HSK-A63,3,1.063,,
1) .5/16z1),haimer,shrink_fit,HSK-A63,3,1.063,,
.3/8z,haimer,shrink_fit,HSK-A63,3,1.2201,,
.7/16z,haimer,shrink_fit,HSK-A63,3,1.2598,,
.1/2z,haimer,shrink_fit,HSK-A63,3,1.3,,
.5/8z,haimer,shrink_fit,HSK-A63,3,1.4169,,
.3/4z,haimer,shrink_fit,HSK-A63,3,1.6142,,
.1z,haimer,shrink_fit,HSK-A63,3,2.0469,,
.1z.5.i,haimer,shrink_fit,HSK-A63,2.75,1.811,,
HAIMER-HSK-A63-shrink_fit-19.05,haimer,shrink_fit,HSK-A63,0.0748,1.7098,,
HAIMER-HSK-A63-shrink_fit-25.4,haimer,shrink_fit,HSK-A63,0.1,2.165,,
.1/4Z.4,haimer,shrink_fit,PSC,5.1201,1.0598,,
HAIMER-PSC-shrink_fit-7.94,haimer,shrink_fit,PSC,,1.0598,,
.1/2Z,haimer,shrink_fit,PSC,5.1201,1.2598,,
.4 .5/8Z.4,haimer,shrink_fit,PSC,5.1201,1.3402,,
.3/4Z.4,haimer,shrink_fit,PSC,5.1201,1.65,,
HAIMER-PSC-shrink_fit-22.22,haimer,shrink_fit,PSC,,1.65,,
.1Z.4,haimer,shrink_fit,PSC,5.1201,2.0902,,
HAIMER-PSC-shrink_fit-3.0,haimer,shrink_fit,PSC,,0.3937,,
HAIMER-PSC-shrink_fit-4.0,haimer,shrink_fit,PSC,,0.3937,,
HAIMER-PSC-shrink_fit-5.0,haimer,shrink_fit,PSC,,0.3937,,
.06,haimer,shrink_fit,PSC,6.2992,1.063,,
.12,haimer,shrink_fit,PSC,6.2992,1.2598,,
.14,haimer,shrink_fit,PSC,6.2992,1.3386,,
.16,haimer,shrink_fit,PSC,6.2992,1.3386,,
.18,haimer,shrink_fit,PSC,6.2992,1.6535,,
.20,haimer,shrink_fit,PSC,6.2992,1.6535,,
.25,haimer,shrink_fit,PSC,6.2992,2.0866,,
32,haimer,shrink_fit,PSC,6.2992,2.0866,,
.06.3—,haimer,shrink_fit,PSC,5.1181,2.0866,,
.16.3.16.37,haimer,shrink_fit,PSC,5.1181,2.0866,,
.20.3.20.37,haimer,shrink_fit,PSC,5.1181,2.0866,,
.11.71),haimer,ER,PSC,6.3,,,
.16.71),haimer,ER,PSC,6.3,,,
.06,haimer,weldon,PSC,2.1654,0.9843,,
.08,haimer,weldon,PSC,2.1654,1.1024,,
.10,haimer,weldon,PSC,2.3622,1.378,,
.12,haimer,weldon,PSC,2.3622,1.6535,,
.14,haimer,weldon,PSC,2.3622,1.7323,,
.16,haimer,weldon,PSC,2.5591,1.8898,,
.18,haimer,weldon,PSC,2.5591,1.9685,,
.20,haimer,weldon,PSC,2.5591,2.0472,,
.25,haimer,weldon,PSC,3.1496,2.5197,,
.32,haimer,weldon,PSC,3.5433,2.8346,,
.40,haimer,weldon,PSC,3.937,3.1496,,
.16.KKB,haimer,weldon,PSC,1.5748,1.4173,,
.22.KKB,haimer,weldon,PSC,0.9843,1.8898,,
.27.KKB,haimer,weldon,PSC,0.9843,2.3622,,
.32.KKB,haimer,weldon,PSC,0.9843,2.4803,,
.40.KKB,haimer,weldon,PSC,1.5748,2.7559,,
GUH-4216-CAT40-6.35,guhring,hydraulic,CAT40,1.4567,1.0236,,
GUH-4216-CAT40-12.7,guhring,hydraulic,CAT40,1.811,1.2598,,
GUH-4216-CAT40-19.05,guhring,hydraulic,CAT40,1.9291,1.5748,,
GUH-4216-CAT40-31.75,guhring,hydraulic,CAT40,2.4016,2.4803,,
GUH-4216-CAT50-6.35,guhring,hydraulic,CAT50,1.4567,1.0236,,
GUH-4216-CAT50-9.525,guhring,hydraulic,CAT50,1.6142,1.1811,,
GUH-4216-CAT50-12.7,guhring,hydraulic,CAT50,1.811,1.2598,,
GUH-4216-CAT50-15.875,guhring,hydraulic,CAT50,1.9291,1.4961,,
GUH-4216-CAT50-31.75,guhring,hydraulic,CAT50,2.4016,2.4803,,
GUH-4764-CAT40-6.35,guhring,hydraulic,CAT40,1.4173,0.8268,,
GUH-4764-CAT40-12.7,guhring,hydraulic,CAT40,1.811,0.9449,,
GUH-4764-CAT40-19.05,guhring,hydraulic,CAT40,1.9291,1.2992,,
GUH-4764-CAT40-31.75,guhring,hydraulic,CAT40,2.4016,1.7323,,
GUH-4764-CAT50-6.35,guhring,hydraulic,CAT50,1.4173,0.8268,,
GUH-4764-CAT50-9.525,guhring,hydraulic,CAT50,1.6142,0.9449,,
GUH-4764-CAT50-12.7,guhring,hydraulic,CAT50,1.811,0.9449,,
GUH-4764-CAT50-15.875,guhring,hydraulic,CAT50,1.9291,1.063,,
GUH-4764-CAT50-19.05,guhring,hydraulic,CAT50,1.9291,1.2992,,
GUH-4764-CAT50-25.4,guhring,hydraulic,CAT50,2.2441,1.7323,,
GUH-4764-CAT50-31.75,guhring,hydraulic,CAT50,2.4016,1.7323,,
GUH-4765-CAT50-9.525,guhring,hydraulic,CAT50,1.6142,0.9449,,
GUH-4765-CAT50-12.7,guhring,hydraulic,CAT50,1.811,0.9449,,
GUH-4765-CAT50-25.4,guhring,hydraulic,CAT50,2.2441,1.7323,,
