machine_id,machine_name,machine_taper,machine_max_rpm,machine_max_power_kw,tool_id,tool_type,grade_name,iso,toolpath,op,cut,strategy,dia_in,flutes,vc_sfm,rpm,rpm_clamped,fz_in,feed_ipm,ap_in,ae_in,coolant,css,source_crib
VMC-05,Roku-Roku HC 658-II,HSK-E40,32000,6.26,Default Preset,bull nose end mill,1018 Steel (P),P,Rough,milling,roughing,conventional,0.5,6,459,3509,0,0.0052,110.24,0.315,0.2,flood,0,END MILLS FOR MACHINE 4.csv
VMC-05,Roku-Roku HC 658-II,HSK-E40,32000,6.26,Default Preset,bull nose end mill,1018 Steel (P),P,HEM Adaptive,milling,roughing,adaptive,0.5,6,643,4912,0,0.0063,185.19,0.6299,0.05,flood,0,END MILLS FOR MACHINE 4.csv
VMC-05,Roku-Roku HC 658-II,HSK-E40,32000,6.26,Default Preset,bull nose end mill,1018 Steel (P),P,Trochoidal,milling,roughing,trochoidal,0.5,6,689,5263,0,0.0068,214.95,0.7874,0.04,flood,0,END MILLS FOR MACHINE 4.csv
VMC-05,Roku-Roku HC 658-II,HSK-E40,32000,6.26,Default Preset,bull nose end mill,1018 Steel (P),P,Slot,milling,roughing,slot,0.5,6,367,2807,0,0.0047,79.37,0.2205,0.5,flood,0,END MILLS FOR MACHINE 4.csv
VMC-05,Roku-Roku HC 658-II,HSK-E40,32000,6.26,Default Preset,bull nose end mill,1018 Steel (P),P,Ramp,milling,roughing,plunge,0.5,6,322,2456,0,0.0026,38.58,0.315,0.2,flood,0,END MILLS FOR MACHINE 4.csv
VMC-05,Roku-Roku HC 658-II,HSK-E40,32000,6.26,Default Preset,bull nose end mill,1018 Steel (P),P,Semi,milling,semi_finishing,conventional,0.5,6,509,3885,0,0.0041,94.52,0.1181,0.25,flood,0,END MILLS FOR MACHINE 4.csv
VMC-05,Roku-Roku HC 658-II,HSK-E40,32000,6.26,Default Preset,bull nose end mill,1018 Steel (P),P,Finish,milling,finishing,conventional,0.5,6,558,4261,0,0.0032,82.54,0.0197,0.3748,flood,0,END MILLS FOR MACHINE 4.csv
VMC-05,Roku-Roku HC 658-II,HSK-E40,32000,6.26,Default Preset,bull nose end mill,1018 Steel (P),P,HSM,milling,finishing,hsm,0.5,6,725,5539,0,0.0032,107.29,0.0098,0.25,flood,0,END MILLS FOR MACHINE 4.csv
VMC-05,Roku-Roku HC 658-II,HSK-E40,32000,6.26,Default Preset,bull nose end mill,1045 Steel (P),P,Rough,milling,roughing,conventional,0.5,6,389,2969,0,0.0052,93.28,0.315,0.2,flood,0,END MILLS FOR MACHINE 4.csv
VMC-05,Roku-Roku HC 658-II,HSK-E40,32000,6.26,Default Preset,bull nose end mill,1045 Steel (P),P,HEM Adaptive,milling,roughing,adaptive,0.5,6,544,4157,0,0.0063,156.72,0.6299,0.05,flood,0,END MILLS FOR MACHINE 4.csv
VMC-05,Roku-Roku HC 658-II,HSK-E40,32000,6.26,Default Preset,bull nose end mill,1045 Steel (P),P,Trochoidal,milling,roughing,trochoidal,0.5,6,583,4454,0,0.0068,181.91,0.7874,0.04,flood,0,END MILLS FOR MACHINE 4.csv
VMC-05,Roku-Roku HC 658-II,HSK-E40,32000,6.26,Default Preset,bull nose end mill,1045 Steel (P),P,Slot,milling,roughing,slot,0.5,6,311,2375,0,0.0047,67.15,0.2205,0.5,flood,0,END MILLS FOR MACHINE 4.csv
VMC-05,Roku-Roku HC 658-II,HSK-E40,32000,6.26,Default Preset,bull nose end mill,1045 Steel (P),P,Ramp,milling,roughing,plunge,0.5,6,272,2078,0,0.0026,32.64,0.315,0.2,flood,0,END MILLS FOR MACHINE 4.csv
VMC-05,Roku-Roku HC 658-II,HSK-E40,32000,6.26,Default Preset,bull nose end mill,1045 Steel (P),P,Semi,milling,semi_finishing,conventional,0.5,6,430,3287,0,0.0041,79.98,0.1181,0.25,flood,0,END MILLS FOR MACHINE 4.csv
VMC-05,Roku-Roku HC 658-II,HSK-E40,32000,6.26,Default Preset,bull nose end mill,1045 Steel (P),P,Finish,milling,finishing,conventional,0.5,6,472,3605,0,0.0032,69.83,0.0197,0.3748,flood,0,END MILLS FOR MACHINE 4.csv
VMC-05,Roku-Roku HC 658-II,HSK-E40,32000,6.26,Default Preset,bull nose end mill,1045 Steel (P),P,HSM,milling,finishing,hsm,0.5,6,614,4687,0,0.0032,90.79,0.0098,0.25,flood,0,END MILLS FOR MACHINE 4.csv
VMC-05,Roku-Roku HC 658-II,HSK-E40,32000,6.26,Default Preset,bull nose end mill,4140/4340 Alloy (P),P,Rough,milling,roughing,conventional,0.5,6,353,2699,0,0.0052,84.8,0.315,0.2,flood,0,END MILLS FOR MACHINE 4.csv
VMC-05,Roku-Roku HC 658-II,HSK-E40,32000,6.26,Default Preset,bull nose end mill,4140/4340 Alloy (P),P,HEM Adaptive,milling,roughing,adaptive,0.5,6,495,3779,0,0.0063,142.47,0.6299,0.05,flood,0,END MILLS FOR MACHINE 4.csv
VMC-05,Roku-Roku HC 658-II,HSK-E40,32000,6.26,Default Preset,bull nose end mill,4140/4340 Alloy (P),P,Trochoidal,milling,roughing,trochoidal,0.5,6,530,4049,0,0.0068,165.37,0.7874,0.04,flood,0,END MILLS FOR MACHINE 4.csv
VMC-05,Roku-Roku HC 658-II,HSK-E40,32000,6.26,Default Preset,bull nose end mill,4140/4340 Alloy (P),P,Slot,milling,roughing,slot,0.5,6,283,2159,0,0.0047,61.05,0.2205,0.5,flood,0,END MILLS FOR MACHINE 4.csv
VMC-05,Roku-Roku HC 658-II,HSK-E40,32000,6.26,Default Preset,bull nose end mill,4140/4340 Alloy (P),P,Ramp,milling,roughing,plunge,0.5,6,247,1889,0,0.0026,29.67,0.315,0.2,flood,0,END MILLS FOR MACHINE 4.csv
VMC-05,Roku-Roku HC 658-II,HSK-E40,32000,6.26,Default Preset,bull nose end mill,4140/4340 Alloy (P),P,Semi,milling,semi_finishing,conventional,0.5,6,391,2988,0,0.0041,72.7,0.1181,0.25,flood,0,END MILLS FOR MACHINE 4.csv
VMC-05,Roku-Roku HC 658-II,HSK-E40,32000,6.26,Default Preset,bull nose end mill,4140/4340 Alloy (P),P,Finish,milling,finishing,conventional,0.5,6,429,3278,0,0.0032,63.5,0.0197,0.3748,flood,0,END MILLS FOR MACHINE 4.csv
VMC-05,Roku-Roku HC 658-II,HSK-E40,32000,6.26,Default Preset,bull nose end mill,4140/4340 Alloy (P),P,HSM,milling,finishing,hsm,0.5,6,558,4261,0,0.0032,82.54,0.0098,0.25,flood,0,END MILLS FOR MACHINE 4.csv
VMC-05,Roku-Roku HC 658-II,HSK-E40,32000,6.26,Default Preset,bull nose end mill,1018 Steel (P),P,Rough,milling,roughing,conventional,0.5,6,459,3509,0,0.0052,110.24,0.315,0.2,flood,0,END MILLS FOR MACHINE 4.csv
VMC-05,Roku-Roku HC 658-II,HSK-E40,32000,6.26,Default Preset,bull nose end mill,1018 Steel (P),P,HEM Adaptive,milling,roughing,adaptive,0.5,6,643,4912,0,0.0063,185.19,0.6299,0.05,flood,0,END MILLS FOR MACHINE 4.csv
VMC-05,Roku-Roku HC 658-II,HSK-E40,32000,6.26,Default Preset,bull nose end mill,1018 Steel (P),P,Trochoidal,milling,roughing,trochoidal,0.5,6,689,5263,0,0.0068,214.95,0.7874,0.04,flood,0,END MILLS FOR MACHINE 4.csv
VMC-05,Roku-Roku HC 658-II,HSK-E40,32000,6.26,Default Preset,bull nose end mill,1018 Steel (P),P,Slot,milling,roughing,slot,0.5,6,367,2807,0,0.0047,79.37,0.2205,0.5,flood,0,END MILLS FOR MACHINE 4.csv
VMC-05,Roku-Roku HC 658-II,HSK-E40,32000,6.26,Default Preset,bull nose end mill,1018 Steel (P),P,Ramp,milling,roughing,plunge,0.5,6,322,2456,0,0.0026,38.58,0.315,0.2,flood,0,END MILLS FOR MACHINE 4.csv
VMC-05,Roku-Roku HC 658-II,HSK-E40,32000,6.26,Default Preset,bull nose end mill,1018 Steel (P),P,Semi,milling,semi_finishing,conventional,0.5,6,509,3885,0,0.0041,94.52,0.1181,0.25,flood,0,END MILLS FOR MACHINE 4.csv
VMC-05,Roku-Roku HC 658-II,HSK-E40,32000,6.26,Default Preset,bull nose end mill,1018 Steel (P),P,Finish,milling,finishing,conventional,0.5,6,558,4261,0,0.0032,82.54,0.0197,0.3748,flood,0,END MILLS FOR MACHINE 4.csv
VMC-05,Roku-Roku HC 658-II,HSK-E40,32000,6.26,Default Preset,bull nose end mill,1018 Steel (P),P,HSM,milling,finishing,hsm,0.5,6,725,5539,0,0.0032,107.29,0.0098,0.25,flood,0,END MILLS FOR MACHINE 4.csv
VMC-05,Roku-Roku HC 658-II,HSK-E40,32000,6.26,Default Preset,bull nose end mill,1045 Steel (P),P,Rough,milling,roughing,conventional,0.5,6,389,2969,0,0.0052,93.28,0.315,0.2,flood,0,END MILLS FOR MACHINE 4.csv
VMC-05,Roku-Roku HC 658-II,HSK-E40,32000,6.26,Default Preset,bull nose end mill,1045 Steel (P),P,HEM Adaptive,milling,roughing,adaptive,0.5,6,544,4157,0,0.0063,156.72,0.6299,0.05,flood,0,END MILLS FOR MACHINE 4.csv
VMC-05,Roku-Roku HC 658-II,HSK-E40,32000,6.26,Default Preset,bull nose end mill,1045 Steel (P),P,Trochoidal,milling,roughing,trochoidal,0.5,6,583,4454,0,0.0068,181.91,0.7874,0.04,flood,0,END MILLS FOR MACHINE 4.csv
VMC-05,Roku-Roku HC 658-II,HSK-E40,32000,6.26,Default Preset,bull nose end mill,1045 Steel (P),P,Slot,milling,roughing,slot,0.5,6,311,2375,0,0.0047,67.15,0.2205,0.5,flood,0,END MILLS FOR MACHINE 4.csv
VMC-05,Roku-Roku HC 658-II,HSK-E40,32000,6.26,Default Preset,bull nose end mill,1045 Steel (P),P,Ramp,milling,roughing,plunge,0.5,6,272,2078,0,0.0026,32.64,0.315,0.2,flood,0,END MILLS FOR MACHINE 4.csv
VMC-05,Roku-Roku HC 658-II,HSK-E40,32000,6.26,Default Preset,bull nose end mill,1045 Steel (P),P,Semi,milling,semi_finishing,conventional,0.5,6,430,3287,0,0.0041,79.98,0.1181,0.25,flood,0,END MILLS FOR MACHINE 4.csv
VMC-05,Roku-Roku HC 658-II,HSK-E40,32000,6.26,Default Preset,bull nose end mill,1045 Steel (P),P,Finish,milling,finishing,conventional,0.5,6,472,3605,0,0.0032,69.83,0.0197,0.3748,flood,0,END MILLS FOR MACHINE 4.csv
VMC-05,Roku-Roku HC 658-II,HSK-E40,32000,6.26,Default Preset,bull nose end mill,1045 Steel (P),P,HSM,milling,finishing,hsm,0.5,6,614,4687,0,0.0032,90.79,0.0098,0.25,flood,0,END MILLS FOR MACHINE 4.csv
VMC-05,Roku-Roku HC 658-II,HSK-E40,32000,6.26,Default Preset,bull nose end mill,4140/4340 Alloy (P),P,Rough,milling,roughing,conventional,0.5,6,353,2699,0,0.0052,84.8,0.315,0.2,flood,0,END MILLS FOR MACHINE 4.csv
VMC-05,Roku-Roku HC 658-II,HSK-E40,32000,6.26,Default Preset,bull nose end mill,4140/4340 Alloy (P),P,HEM Adaptive,milling,roughing,adaptive,0.5,6,495,3779,0,0.0063,142.47,0.6299,0.05,flood,0,END MILLS FOR MACHINE 4.csv
VMC-05,Roku-Roku HC 658-II,HSK-E40,32000,6.26,Default Preset,bull nose end mill,4140/4340 Alloy (P),P,Trochoidal,milling,roughing,trochoidal,0.5,6,530,4049,0,0.0068,165.37,0.7874,0.04,flood,0,END MILLS FOR MACHINE 4.csv
VMC-05,Roku-Roku HC 658-II,HSK-E40,32000,6.26,Default Preset,bull nose end mill,4140/4340 Alloy (P),P,Slot,milling,roughing,slot,0.5,6,283,2159,0,0.0047,61.05,0.2205,0.5,flood,0,END MILLS FOR MACHINE 4.csv
VMC-05,Roku-Roku HC 658-II,HSK-E40,32000,6.26,Default Preset,bull nose end mill,4140/4340 Alloy (P),P,Ramp,milling,roughing,plunge,0.5,6,247,1889,0,0.0026,29.67,0.315,0.2,flood,0,END MILLS FOR MACHINE 4.csv
VMC-05,Roku-Roku HC 658-II,HSK-E40,32000,6.26,Default Preset,bull nose end mill,4140/4340 Alloy (P),P,Semi,milling,semi_finishing,conventional,0.5,6,391,2988,0,0.0041,72.7,0.1181,0.25,flood,0,END MILLS FOR MACHINE 4.csv
VMC-05,Roku-Roku HC 658-II,HSK-E40,32000,6.26,Default Preset,bull nose end mill,4140/4340 Alloy (P),P,Finish,milling,finishing,conventional,0.5,6,429,3278,0,0.0032,63.5,0.0197,0.3748,flood,0,END MILLS FOR MACHINE 4.csv
VMC-05,Roku-Roku HC 658-II,HSK-E40,32000,6.26,Default Preset,bull nose end mill,4140/4340 Alloy (P),P,HSM,milling,finishing,hsm,0.5,6,558,4261,0,0.0032,82.54,0.0098,0.25,flood,0,END MILLS FOR MACHINE 4.csv
VMC-05,Roku-Roku HC 658-II,HSK-E40,32000,6.26,Default Preset,bull nose end mill,1018 Steel (P),P,Rough,milling,roughing,conventional,0.25,6,459,7018,0,0.0031,132.62,0.25,0.1,flood,0,END MILLS FOR MACHINE 4.csv
VMC-05,Roku-Roku HC 658-II,HSK-E40,32000,6.26,Default Preset,bull nose end mill,1018 Steel (P),P,HEM Adaptive,milling,roughing,adaptive,0.25,6,643,9825,0,0.0038,222.8,0.5,0.025,flood,0,END MILLS FOR MACHINE 4.csv
VMC-05,Roku-Roku HC 658-II,HSK-E40,32000,6.26,Default Preset,bull nose end mill,1018 Steel (P),P,Trochoidal,milling,roughing,trochoidal,0.25,6,689,10527,0,0.0041,258.62,0.625,0.02,flood,0,END MILLS FOR MACHINE 4.csv
VMC-05,Roku-Roku HC 658-II,HSK-E40,32000,6.26,Default Preset,bull nose end mill,1018 Steel (P),P,Slot,milling,roughing,slot,0.25,6,367,5614,0,0.0028,95.48,0.125,0.25,flood,0,END MILLS FOR MACHINE 4.csv
VMC-05,Roku-Roku HC 658-II,HSK-E40,32000,6.26,Default Preset,bull nose end mill,1018 Steel (P),P,Ramp,milling,roughing,plunge,0.25,6,322,4912,0,0.0016,46.41,0.25,0.1,flood,0,END MILLS FOR MACHINE 4.csv
VMC-05,Roku-Roku HC 658-II,HSK-E40,32000,6.26,Default Preset,bull nose end mill,1018 Steel (P),P,Semi,milling,semi_finishing,conventional,0.25,6,509,7770,0,0.0024,113.8,0.1181,0.1252,flood,0,END MILLS FOR MACHINE 4.csv
VMC-05,Roku-Roku HC 658-II,HSK-E40,32000,6.26,Default Preset,bull nose end mill,1018 Steel (P),P,Finish,milling,finishing,conventional,0.25,6,558,8522,0,0.0019,98.64,0.0197,0.1874,flood,0,END MILLS FOR MACHINE 4.csv
VMC-05,Roku-Roku HC 658-II,HSK-E40,32000,6.26,Default Preset,bull nose end mill,1018 Steel (P),P,HSM,milling,finishing,hsm,0.25,6,725,11078,0,0.0019,128.23,0.0098,0.125,flood,0,END MILLS FOR MACHINE 4.csv
VMC-05,Roku-Roku HC 658-II,HSK-E40,32000,6.26,Default Preset,bull nose end mill,1045 Steel (P),P,Rough,milling,roughing,conventional,0.25,6,389,5938,0,0.0031,112.21,0.25,0.1,flood,0,END MILLS FOR MACHINE 4.csv
VMC-05,Roku-Roku HC 658-II,HSK-E40,32000,6.26,Default Preset,bull nose end mill,1045 Steel (P),P,HEM Adaptive,milling,roughing,adaptive,0.25,6,544,8313,0,0.0038,188.52,0.5,0.025,flood,0,END MILLS FOR MACHINE 4.csv
VMC-05,Roku-Roku HC 658-II,HSK-E40,32000,6.26,Default Preset,bull nose end mill,1045 Steel (P),P,Trochoidal,milling,roughing,trochoidal,0.25,6,583,8907,0,0.0041,218.82,0.625,0.02,flood,0,END MILLS FOR MACHINE 4.csv
VMC-05,Roku-Roku HC 658-II,HSK-E40,32000,6.26,Default Preset,bull nose end mill,1045 Steel (P),P,Slot,milling,roughing,slot,0.25,6,311,4751,0,0.0028,80.8,0.125,0.25,flood,0,END MILLS FOR MACHINE 4.csv
VMC-05,Roku-Roku HC 658-II,HSK-E40,32000,6.26,Default Preset,bull nose end mill,1045 Steel (P),P,Ramp,milling,roughing,plunge,0.25,6,272,4157,0,0.0016,39.28,0.25,0.1,flood,0,END MILLS FOR MACHINE 4.csv
VMC-05,Roku-Roku HC 658-II,HSK-E40,32000,6.26,Default Preset,bull nose end mill,1045 Steel (P),P,Semi,milling,semi_finishing,conventional,0.25,6,430,6574,0,0.0024,96.28,0.1181,0.1252,flood,0,END MILLS FOR MACHINE 4.csv
VMC-05,Roku-Roku HC 658-II,HSK-E40,32000,6.26,Default Preset,bull nose end mill,1045 Steel (P),P,Finish,milling,finishing,conventional,0.25,6,472,7211,0,0.0019,83.47,0.0197,0.1874,flood,0,END MILLS FOR MACHINE 4.csv
VMC-05,Roku-Roku HC 658-II,HSK-E40,32000,6.26,Default Preset,bull nose end mill,1045 Steel (P),P,HSM,milling,finishing,hsm,0.25,6,614,9374,0,0.0019,108.5,0.0098,0.125,flood,0,END MILLS FOR MACHINE 4.csv
VMC-05,Roku-Roku HC 658-II,HSK-E40,32000,6.26,Default Preset,bull nose end mill,4140/4340 Alloy (P),P,Rough,milling,roughing,conventional,0.25,6,353,5398,0,0.0031,102.01,0.25,0.1,flood,0,END MILLS FOR MACHINE 4.csv
VMC-05,Roku-Roku HC 658-II,HSK-E40,32000,6.26,Default Preset,bull nose end mill,4140/4340 Alloy (P),P,HEM Adaptive,milling,roughing,adaptive,0.25,6,495,7558,0,0.0038,171.39,0.5,0.025,flood,0,END MILLS FOR MACHINE 4.csv
VMC-05,Roku-Roku HC 658-II,HSK-E40,32000,6.26,Default Preset,bull nose end mill,4140/4340 Alloy (P),P,Trochoidal,milling,roughing,trochoidal,0.25,6,530,8098,0,0.0041,198.94,0.625,0.02,flood,0,END MILLS FOR MACHINE 4.csv
VMC-05,Roku-Roku HC 658-II,HSK-E40,32000,6.26,Default Preset,bull nose end mill,4140/4340 Alloy (P),P,Slot,milling,roughing,slot,0.25,6,283,4319,0,0.0028,73.46,0.125,0.25,flood,0,END MILLS FOR MACHINE 4.csv
VMC-05,Roku-Roku HC 658-II,HSK-E40,32000,6.26,Default Preset,bull nose end mill,4140/4340 Alloy (P),P,Ramp,milling,roughing,plunge,0.25,6,247,3779,0,0.0016,35.71,0.25,0.1,flood,0,END MILLS FOR MACHINE 4.csv
VMC-05,Roku-Roku HC 658-II,HSK-E40,32000,6.26,Default Preset,bull nose end mill,4140/4340 Alloy (P),P,Semi,milling,semi_finishing,conventional,0.25,6,391,5977,0,0.0024,87.54,0.1181,0.1252,flood,0,END MILLS FOR MACHINE 4.csv
VMC-05,Roku-Roku HC 658-II,HSK-E40,32000,6.26,Default Preset,bull nose end mill,4140/4340 Alloy (P),P,Finish,milling,finishing,conventional,0.25,6,429,6555,0,0.0019,75.87,0.0197,0.1874,flood,0,END MILLS FOR MACHINE 4.csv
VMC-05,Roku-Roku HC 658-II,HSK-E40,32000,6.26,Default Preset,bull nose end mill,4140/4340 Alloy (P),P,HSM,milling,finishing,hsm,0.25,6,558,8522,0,0.0019,98.64,0.0098,0.125,flood,0,END MILLS FOR MACHINE 4.csv
VMC-05,Roku-Roku HC 658-II,HSK-E40,32000,6.26,Default Preset,bull nose end mill,1018 Steel (P),P,Rough,milling,roughing,conventional,0.25,6,459,7018,0,0.0031,132.62,0.25,0.1,flood,0,END MILLS FOR MACHINE 4.csv
VMC-05,Roku-Roku HC 658-II,HSK-E40,32000,6.26,Default Preset,bull nose end mill,1018 Steel (P),P,HEM Adaptive,milling,roughing,adaptive,0.25,6,643,9825,0,0.0038,222.8,0.5,0.025,flood,0,END MILLS FOR MACHINE 4.csv
VMC-05,Roku-Roku HC 658-II,HSK-E40,32000,6.26,Default Preset,bull nose end mill,1018 Steel (P),P,Trochoidal,milling,roughing,trochoidal,0.25,6,689,10527,0,0.0041,258.62,0.625,0.02,flood,0,END MILLS FOR MACHINE 4.csv
VMC-05,Roku-Roku HC 658-II,HSK-E40,32000,6.26,Default Preset,bull nose end mill,1018 Steel (P),P,Slot,milling,roughing,slot,0.25,6,367,5614,0,0.0028,95.48,0.125,0.25,flood,0,END MILLS FOR MACHINE 4.csv
VMC-05,Roku-Roku HC 658-II,HSK-E40,32000,6.26,Default Preset,bull nose end mill,1018 Steel (P),P,Ramp,milling,roughing,plunge,0.25,6,322,4912,0,0.0016,46.41,0.25,0.1,flood,0,END MILLS FOR MACHINE 4.csv
VMC-05,Roku-Roku HC 658-II,HSK-E40,32000,6.26,Default Preset,bull nose end mill,1018 Steel (P),P,Semi,milling,semi_finishing,conventional,0.25,6,509,7770,0,0.0024,113.8,0.1181,0.1252,flood,0,END MILLS FOR MACHINE 4.csv
VMC-05,Roku-Roku HC 658-II,HSK-E40,32000,6.26,Default Preset,bull nose end mill,1018 Steel (P),P,Finish,milling,finishing,conventional,0.25,6,558,8522,0,0.0019,98.64,0.0197,0.1874,flood,0,END MILLS FOR MACHINE 4.csv
VMC-05,Roku-Roku HC 658-II,HSK-E40,32000,6.26,Default Preset,bull nose end mill,1018 Steel (P),P,HSM,milling,finishing,hsm,0.25,6,725,11078,0,0.0019,128.23,0.0098,0.125,flood,0,END MILLS FOR MACHINE 4.csv
VMC-05,Roku-Roku HC 658-II,HSK-E40,32000,6.26,Default Preset,bull nose end mill,1045 Steel (P),P,Rough,milling,roughing,conventional,0.25,6,389,5938,0,0.0031,112.21,0.25,0.1,flood,0,END MILLS FOR MACHINE 4.csv
VMC-05,Roku-Roku HC 658-II,HSK-E40,32000,6.26,Default Preset,bull nose end mill,1045 Steel (P),P,HEM Adaptive,milling,roughing,adaptive,0.25,6,544,8313,0,0.0038,188.52,0.5,0.025,flood,0,END MILLS FOR MACHINE 4.csv
VMC-05,Roku-Roku HC 658-II,HSK-E40,32000,6.26,Default Preset,bull nose end mill,1045 Steel (P),P,Trochoidal,milling,roughing,trochoidal,0.25,6,583,8907,0,0.0041,218.82,0.625,0.02,flood,0,END MILLS FOR MACHINE 4.csv
VMC-05,Roku-Roku HC 658-II,HSK-E40,32000,6.26,Default Preset,bull nose end mill,1045 Steel (P),P,Slot,milling,roughing,slot,0.25,6,311,4751,0,0.0028,80.8,0.125,0.25,flood,0,END MILLS FOR MACHINE 4.csv
VMC-05,Roku-Roku HC 658-II,HSK-E40,32000,6.26,Default Preset,bull nose end mill,1045 Steel (P),P,Ramp,milling,roughing,plunge,0.25,6,272,4157,0,0.0016,39.28,0.25,0.1,flood,0,END MILLS FOR MACHINE 4.csv
VMC-05,Roku-Roku HC 658-II,HSK-E40,32000,6.26,Default Preset,bull nose end mill,1045 Steel (P),P,Semi,milling,semi_finishing,conventional,0.25,6,430,6574,0,0.0024,96.28,0.1181,0.1252,flood,0,END MILLS FOR MACHINE 4.csv
VMC-05,Roku-Roku HC 658-II,HSK-E40,32000,6.26,Default Preset,bull nose end mill,1045 Steel (P),P,Finish,milling,finishing,conventional,0.25,6,472,7211,0,0.0019,83.47,0.0197,0.1874,flood,0,END MILLS FOR MACHINE 4.csv
VMC-05,Roku-Roku HC 658-II,HSK-E40,32000,6.26,Default Preset,bull nose end mill,1045 Steel (P),P,HSM,milling,finishing,hsm,0.25,6,614,9374,0,0.0019,108.5,0.0098,0.125,flood,0,END MILLS FOR MACHINE 4.csv
VMC-05,Roku-Roku HC 658-II,HSK-E40,32000,6.26,Default Preset,bull nose end mill,4140/4340 Alloy (P),P,Rough,milling,roughing,conventional,0.25,6,353,5398,0,0.0031,102.01,0.25,0.1,flood,0,END MILLS FOR MACHINE 4.csv
VMC-05,Roku-Roku HC 658-II,HSK-E40,32000,6.26,Default Preset,bull nose end mill,4140/4340 Alloy (P),P,HEM Adaptive,milling,roughing,adaptive,0.25,6,495,7558,0,0.0038,171.39,0.5,0.025,flood,0,END MILLS FOR MACHINE 4.csv
VMC-05,Roku-Roku HC 658-II,HSK-E40,32000,6.26,Default Preset,bull nose end mill,4140/4340 Alloy (P),P,Trochoidal,milling,roughing,trochoidal,0.25,6,530,8098,0,0.0041,198.94,0.625,0.02,flood,0,END MILLS FOR MACHINE 4.csv
VMC-05,Roku-Roku HC 658-II,HSK-E40,32000,6.26,Default Preset,bull nose end mill,4140/4340 Alloy (P),P,Slot,milling,roughing,slot,0.25,6,283,4319,0,0.0028,73.46,0.125,0.25,flood,0,END MILLS FOR MACHINE 4.csv
VMC-05,Roku-Roku HC 658-II,HSK-E40,32000,6.26,Default Preset,bull nose end mill,4140/4340 Alloy (P),P,Ramp,milling,roughing,plunge,0.25,6,247,3779,0,0.0016,35.71,0.25,0.1,flood,0,END MILLS FOR MACHINE 4.csv
VMC-05,Roku-Roku HC 658-II,HSK-E40,32000,6.26,Default Preset,bull nose end mill,4140/4340 Alloy (P),P,Semi,milling,semi_finishing,conventional,0.25,6,391,5977,0,0.0024,87.54,0.1181,0.1252,flood,0,END MILLS FOR MACHINE 4.csv
VMC-05,Roku-Roku HC 658-II,HSK-E40,32000,6.26,Default Preset,bull nose end mill,4140/4340 Alloy (P),P,Finish,milling,finishing,conventional,0.25,6,429,6555,0,0.0019,75.87,0.0197,0.1874,flood,0,END MILLS FOR MACHINE 4.csv
VMC-05,Roku-Roku HC 658-II,HSK-E40,32000,6.26,Default Preset,bull nose end mill,4140/4340 Alloy (P),P,HSM,milling,finishing,hsm,0.25,6,558,8522,0,0.0019,98.64,0.0098,0.125,flood,0,END MILLS FOR MACHINE 4.csv
VMC-05,Roku-Roku HC 658-II,HSK-E40,32000,6.26,Default Preset,bull nose end mill,1018 Steel (P),P,Rough,milling,roughing,conventional,0.375,6,459,4679,0,0.0042,117.16,0.315,0.15,flood,0,END MILLS FOR MACHINE 4.csv
VMC-05,Roku-Roku HC 658-II,HSK-E40,32000,6.26,Default Preset,bull nose end mill,1018 Steel (P),P,HEM Adaptive,milling,roughing,adaptive,0.375,6,643,6550,0,0.005,196.81,0.6299,0.0375,flood,0,END MILLS FOR MACHINE 4.csv
VMC-05,Roku-Roku HC 658-II,HSK-E40,32000,6.26,Default Preset,bull nose end mill,1018 Steel (P),P,Trochoidal,milling,roughing,trochoidal,0.375,6,689,7018,0,0.0054,228.44,0.7874,0.03,flood,0,END MILLS FOR MACHINE 4.csv
VMC-05,Roku-Roku HC 658-II,HSK-E40,32000,6.26,Default Preset,bull nose end mill,1018 Steel (P),P,Slot,milling,roughing,slot,0.375,6,367,3743,0,0.0038,84.35,0.1875,0.375,flood,0,END MILLS FOR MACHINE 4.csv
VMC-05,Roku-Roku HC 658-II,HSK-E40,32000,6.26,Default Preset,bull nose end mill,1018 Steel (P),P,Ramp,milling,roughing,plunge,0.375,6,322,3275,0,0.0021,41,0.315,0.15,flood,0,END MILLS FOR MACHINE 4.csv
VMC-05,Roku-Roku HC 658-II,HSK-E40,32000,6.26,Default Preset,bull nose end mill,1018 Steel (P),P,Semi,milling,semi_finishing,conventional,0.375,6,509,5180,0,0.0032,99.11,0.1181,0.1874,flood,0,END MILLS FOR MACHINE 4.csv
VMC-05,Roku-Roku HC 658-II,HSK-E40,32000,6.26,Default Preset,bull nose end mill,1018 Steel (P),P,Finish,milling,finishing,conventional,0.375,6,558,5681,0,0.0026,87.23,0.0197,0.2811,flood,0,END MILLS FOR MACHINE 4.csv
VMC-05,Roku-Roku HC 658-II,HSK-E40,32000,6.26,Default Preset,bull nose end mill,1018 Steel (P),P,HSM,milling,finishing,hsm,0.375,6,725,7385,0,0.0026,113.39,0.0098,0.1875,flood,0,END MILLS FOR MACHINE 4.csv
VMC-05,Roku-Roku HC 658-II,HSK-E40,32000,6.26,Default Preset,bull nose end mill,1045 Steel (P),P,Rough,milling,roughing,conventional,0.375,6,389,3959,0,0.0042,99.13,0.315,0.15,flood,0,END MILLS FOR MACHINE 4.csv
VMC-05,Roku-Roku HC 658-II,HSK-E40,32000,6.26,Default Preset,bull nose end mill,1045 Steel (P),P,HEM Adaptive,milling,roughing,adaptive,0.375,6,544,5542,0,0.005,166.52,0.6299,0.0375,flood,0,END MILLS FOR MACHINE 4.csv
VMC-05,Roku-Roku HC 658-II,HSK-E40,32000,6.26,Default Preset,bull nose end mill,1045 Steel (P),P,Trochoidal,milling,roughing,trochoidal,0.375,6,583,5938,0,0.0054,193.29,0.7874,0.03,flood,0,END MILLS FOR MACHINE 4.csv
VMC-05,Roku-Roku HC 658-II,HSK-E40,32000,6.26,Default Preset,bull nose end mill,1045 Steel (P),P,Slot,milling,roughing,slot,0.375,6,311,3167,0,0.0038,71.37,0.1875,0.375,flood,0,END MILLS FOR MACHINE 4.csv
VMC-05,Roku-Roku HC 658-II,HSK-E40,32000,6.26,Default Preset,bull nose end mill,1045 Steel (P),P,Ramp,milling,roughing,plunge,0.375,6,272,2771,0,0.0021,34.69,0.315,0.15,flood,0,END MILLS FOR MACHINE 4.csv
VMC-05,Roku-Roku HC 658-II,HSK-E40,32000,6.26,Default Preset,bull nose end mill,1045 Steel (P),P,Semi,milling,semi_finishing,conventional,0.375,6,430,4383,0,0.0032,83.86,0.1181,0.1874,flood,0,END MILLS FOR MACHINE 4.csv
VMC-05,Roku-Roku HC 658-II,HSK-E40,32000,6.26,Default Preset,bull nose end mill,1045 Steel (P),P,Finish,milling,finishing,conventional,0.375,6,472,4807,0,0.0026,73.81,0.0197,0.2811,flood,0,END MILLS FOR MACHINE 4.csv
VMC-05,Roku-Roku HC 658-II,HSK-E40,32000,6.26,Default Preset,bull nose end mill,1045 Steel (P),P,HSM,milling,finishing,hsm,0.375,6,614,6249,0,0.0026,95.95,0.0098,0.1875,flood,0,END MILLS FOR MACHINE 4.csv
VMC-05,Roku-Roku HC 658-II,HSK-E40,32000,6.26,Default Preset,bull nose end mill,4140/4340 Alloy (P),P,Rough,milling,roughing,conventional,0.375,6,353,3599,0,0.0042,90.12,0.315,0.15,flood,0,END MILLS FOR MACHINE 4.csv
VMC-05,Roku-Roku HC 658-II,HSK-E40,32000,6.26,Default Preset,bull nose end mill,4140/4340 Alloy (P),P,HEM Adaptive,milling,roughing,adaptive,0.375,6,495,5038,0,0.005,151.38,0.6299,0.0375,flood,0,END MILLS FOR MACHINE 4.csv
VMC-05,Roku-Roku HC 658-II,HSK-E40,32000,6.26,Default Preset,bull nose end mill,4140/4340 Alloy (P),P,Trochoidal,milling,roughing,trochoidal,0.375,6,530,5398,0,0.0054,175.71,0.7874,0.03,flood,0,END MILLS FOR MACHINE 4.csv
VMC-05,Roku-Roku HC 658-II,HSK-E40,32000,6.26,Default Preset,bull nose end mill,4140/4340 Alloy (P),P,Slot,milling,roughing,slot,0.375,6,283,2879,0,0.0038,64.88,0.1875,0.375,flood,0,END MILLS FOR MACHINE 4.csv
VMC-05,Roku-Roku HC 658-II,HSK-E40,32000,6.26,Default Preset,bull nose end mill,4140/4340 Alloy (P),P,Ramp,milling,roughing,plunge,0.375,6,247,2519,0,0.0021,31.54,0.315,0.15,flood,0,END MILLS FOR MACHINE 4.csv
VMC-05,Roku-Roku HC 658-II,HSK-E40,32000,6.26,Default Preset,bull nose end mill,4140/4340 Alloy (P),P,Semi,milling,semi_finishing,conventional,0.375,6,391,3984,0,0.0032,76.23,0.1181,0.1874,flood,0,END MILLS FOR MACHINE 4.csv
VMC-05,Roku-Roku HC 658-II,HSK-E40,32000,6.26,Default Preset,bull nose end mill,4140/4340 Alloy (P),P,Finish,milling,finishing,conventional,0.375,6,429,4370,0,0.0026,67.1,0.0197,0.2811,flood,0,END MILLS FOR MACHINE 4.csv
VMC-05,Roku-Roku HC 658-II,HSK-E40,32000,6.26,Default Preset,bull nose end mill,4140/4340 Alloy (P),P,HSM,milling,finishing,hsm,0.375,6,558,5681,0,0.0026,87.23,0.0098,0.1875,flood,0,END MILLS FOR MACHINE 4.csv
VMC-05,Roku-Roku HC 658-II,HSK-E40,32000,6.26,Default Preset,spot drill,1018 Steel (P),P,Spot,drilling,roughing,conventional,0.5,2,344,2632,0,0.0036,19.17,0,0.5,flood,0,TWIST DRILLS.csv
VMC-05,Roku-Roku HC 658-II,HSK-E40,32000,6.26,Default Preset,spot drill,1045 Steel (P),P,Spot,drilling,roughing,conventional,0.5,2,291,2227,0,0.0036,16.22,0,0.5,flood,0,TWIST DRILLS.csv
VMC-05,Roku-Roku HC 658-II,HSK-E40,32000,6.26,Default Preset,spot drill,4140/4340 Alloy (P),P,Spot,drilling,roughing,conventional,0.5,2,265,2024,0,0.0036,14.74,0,0.5,flood,0,TWIST DRILLS.csv
VMC-05,Roku-Roku HC 658-II,HSK-E40,32000,6.26,Default Preset,drill,1018 Steel (P),P,Drill,drilling,roughing,conventional,0.0781,2,138,6737,0,0.0011,14.32,0,0.078,flood,0,TWIST DRILLS.csv
VMC-05,Roku-Roku HC 658-II,HSK-E40,32000,6.26,Default Preset,drill,1018 Steel (P),P,Peck,drilling,roughing,plunge,0.0781,2,96,4716,0,0.0005,5.01,0,0.078,flood,0,TWIST DRILLS.csv
VMC-05,Roku-Roku HC 658-II,HSK-E40,32000,6.26,Default Preset,drill,1045 Steel (P),P,Drill,drilling,roughing,conventional,0.0781,2,117,5701,0,0.0011,12.12,0,0.078,flood,0,TWIST DRILLS.csv
VMC-05,Roku-Roku HC 658-II,HSK-E40,32000,6.26,Default Preset,drill,1045 Steel (P),P,Peck,drilling,roughing,plunge,0.0781,2,82,3990,0,0.0005,4.24,0,0.078,flood,0,TWIST DRILLS.csv
VMC-05,Roku-Roku HC 658-II,HSK-E40,32000,6.26,Default Preset,drill,4140/4340 Alloy (P),P,Drill,drilling,roughing,conventional,0.0781,2,106,5182,0,0.0011,11.02,0,0.078,flood,0,TWIST DRILLS.csv
VMC-05,Roku-Roku HC 658-II,HSK-E40,32000,6.26,Default Preset,drill,4140/4340 Alloy (P),P,Peck,drilling,roughing,plunge,0.0781,2,74,3628,0,0.0005,3.86,0,0.078,flood,0,TWIST DRILLS.csv
VMC-05,Roku-Roku HC 658-II,HSK-E40,32000,6.26,Default Preset,drill,1018 Steel (P),P,Drill,drilling,roughing,conventional,0.0937,2,138,5614,0,0.0012,13.48,0,0.0937,flood,0,TWIST DRILLS.csv
VMC-05,Roku-Roku HC 658-II,HSK-E40,32000,6.26,Default Preset,drill,1018 Steel (P),P,Peck,drilling,roughing,plunge,0.0937,2,96,3930,0,0.0006,4.72,0,0.0937,flood,0,TWIST DRILLS.csv
VMC-05,Roku-Roku HC 658-II,HSK-E40,32000,6.26,Default Preset,drill,1045 Steel (P),P,Drill,drilling,roughing,conventional,0.0937,2,117,4751,0,0.0012,11.41,0,0.0937,flood,0,TWIST DRILLS.csv
VMC-05,Roku-Roku HC 658-II,HSK-E40,32000,6.26,Default Preset,drill,1045 Steel (P),P,Peck,drilling,roughing,plunge,0.0937,2,82,3325,0,0.0006,3.99,0,0.0937,flood,0,TWIST DRILLS.csv
VMC-05,Roku-Roku HC 658-II,HSK-E40,32000,6.26,Default Preset,drill,4140/4340 Alloy (P),P,Drill,drilling,roughing,conventional,0.0937,2,106,4319,0,0.0012,10.37,0,0.0937,flood,0,TWIST DRILLS.csv
VMC-05,Roku-Roku HC 658-II,HSK-E40,32000,6.26,Default Preset,drill,4140/4340 Alloy (P),P,Peck,drilling,roughing,plunge,0.0937,2,74,3023,0,0.0006,3.63,0,0.0937,flood,0,TWIST DRILLS.csv
VMC-05,Roku-Roku HC 658-II,HSK-E40,32000,6.26,Default Preset,drill,1018 Steel (P),P,Drill,drilling,roughing,conventional,0.104,2,138,5061,0,0.0013,13.15,0,0.1039,flood,0,TWIST DRILLS.csv
VMC-05,Roku-Roku HC 658-II,HSK-E40,32000,6.26,Default Preset,drill,1018 Steel (P),P,Peck,drilling,roughing,plunge,0.104,2,96,3543,0,0.0006,4.6,0,0.1039,flood,0,TWIST DRILLS.csv
VMC-05,Roku-Roku HC 658-II,HSK-E40,32000,6.26,Default Preset,drill,1045 Steel (P),P,Drill,drilling,roughing,conventional,0.104,2,117,4282,0,0.0013,11.13,0,0.1039,flood,0,TWIST DRILLS.csv
VMC-05,Roku-Roku HC 658-II,HSK-E40,32000,6.26,Default Preset,drill,1045 Steel (P),P,Peck,drilling,roughing,plunge,0.104,2,82,2998,0,0.0006,3.9,0,0.1039,flood,0,TWIST DRILLS.csv
VMC-05,Roku-Roku HC 658-II,HSK-E40,32000,6.26,Default Preset,drill,4140/4340 Alloy (P),P,Drill,drilling,roughing,conventional,0.104,2,106,3893,0,0.0013,10.12,0,0.1039,flood,0,TWIST DRILLS.csv
VMC-05,Roku-Roku HC 658-II,HSK-E40,32000,6.26,Default Preset,drill,4140/4340 Alloy (P),P,Peck,drilling,roughing,plunge,0.104,2,74,2725,0,0.0006,3.54,0,0.1039,flood,0,TWIST DRILLS.csv
VMC-05,Roku-Roku HC 658-II,HSK-E40,32000,6.26,Default Preset,drill,1018 Steel (P),P,Drill,drilling,roughing,conventional,0.11,2,138,4785,0,0.0013,12.81,0,0.1098,flood,0,TWIST DRILLS.csv
VMC-05,Roku-Roku HC 658-II,HSK-E40,32000,6.26,Default Preset,drill,1018 Steel (P),P,Peck,drilling,roughing,plunge,0.11,2,96,3349,0,0.0007,4.48,0,0.1098,flood,0,TWIST DRILLS.csv
VMC-05,Roku-Roku HC 658-II,HSK-E40,32000,6.26,Default Preset,drill,1045 Steel (P),P,Drill,drilling,roughing,conventional,0.11,2,117,4049,0,0.0013,10.84,0,0.1098,flood,0,TWIST DRILLS.csv
VMC-05,Roku-Roku HC 658-II,HSK-E40,32000,6.26,Default Preset,drill,1045 Steel (P),P,Peck,drilling,roughing,plunge,0.11,2,82,2834,0,0.0007,3.79,0,0.1098,flood,0,TWIST DRILLS.csv
VMC-05,Roku-Roku HC 658-II,HSK-E40,32000,6.26,Default Preset,drill,4140/4340 Alloy (P),P,Drill,drilling,roughing,conventional,0.11,2,106,3681,0,0.0013,9.85,0,0.1098,flood,0,TWIST DRILLS.csv
VMC-05,Roku-Roku HC 658-II,HSK-E40,32000,6.26,Default Preset,drill,4140/4340 Alloy (P),P,Peck,drilling,roughing,plunge,0.11,2,74,2576,0,0.0007,3.45,0,0.1098,flood,0,TWIST DRILLS.csv
VMC-05,Roku-Roku HC 658-II,HSK-E40,32000,6.26,Default Preset,drill,1018 Steel (P),P,Drill,drilling,roughing,conventional,0.12,2,138,4386,0,0.0014,12.61,0,0.1201,flood,0,TWIST DRILLS.csv
VMC-05,Roku-Roku HC 658-II,HSK-E40,32000,6.26,Default Preset,drill,1018 Steel (P),P,Peck,drilling,roughing,plunge,0.12,2,96,3070,0,0.0007,4.41,0,0.1201,flood,0,TWIST DRILLS.csv
VMC-05,Roku-Roku HC 658-II,HSK-E40,32000,6.26,Default Preset,drill,1045 Steel (P),P,Drill,drilling,roughing,conventional,0.12,2,117,3711,0,0.0014,10.67,0,0.1201,flood,0,TWIST DRILLS.csv
VMC-05,Roku-Roku HC 658-II,HSK-E40,32000,6.26,Default Preset,drill,1045 Steel (P),P,Peck,drilling,roughing,plunge,0.12,2,82,2598,0,0.0007,3.73,0,0.1201,flood,0,TWIST DRILLS.csv
VMC-05,Roku-Roku HC 658-II,HSK-E40,32000,6.26,Default Preset,drill,4140/4340 Alloy (P),P,Drill,drilling,roughing,conventional,0.12,2,106,3374,0,0.0014,9.7,0,0.1201,flood,0,TWIST DRILLS.csv
VMC-05,Roku-Roku HC 658-II,HSK-E40,32000,6.26,Default Preset,drill,4140/4340 Alloy (P),P,Peck,drilling,roughing,plunge,0.12,2,74,2362,0,0.0007,3.39,0,0.1201,flood,0,TWIST DRILLS.csv
VMC-05,Roku-Roku HC 658-II,HSK-E40,32000,6.26,Default Preset,drill,1018 Steel (P),P,Drill,drilling,roughing,conventional,0.135,3,138,3899,0,0.001,12.28,0,0.135,flood,0,TWIST DRILLS.csv
VMC-05,Roku-Roku HC 658-II,HSK-E40,32000,6.26,Default Preset,drill,1018 Steel (P),P,Peck,drilling,roughing,plunge,0.135,3,96,2729,0,0.0005,4.3,0,0.135,flood,0,TWIST DRILLS.csv
VMC-05,Roku-Roku HC 658-II,HSK-E40,32000,6.26,Default Preset,drill,1045 Steel (P),P,Drill,drilling,roughing,conventional,0.135,3,117,3299,0,0.001,10.39,0,0.135,flood,0,TWIST DRILLS.csv
VMC-05,Roku-Roku HC 658-II,HSK-E40,32000,6.26,Default Preset,drill,1045 Steel (P),P,Peck,drilling,roughing,plunge,0.135,3,82,2309,0,0.0005,3.64,0,0.135,flood,0,TWIST DRILLS.csv
VMC-05,Roku-Roku HC 658-II,HSK-E40,32000,6.26,Default Preset,drill,4140/4340 Alloy (P),P,Drill,drilling,roughing,conventional,0.135,3,106,2999,0,0.001,9.45,0,0.135,flood,0,TWIST DRILLS.csv
VMC-05,Roku-Roku HC 658-II,HSK-E40,32000,6.26,Default Preset,drill,4140/4340 Alloy (P),P,Peck,drilling,roughing,plunge,0.135,3,74,2099,0,0.0005,3.31,0,0.135,flood,0,TWIST DRILLS.csv
VMC-05,Roku-Roku HC 658-II,HSK-E40,32000,6.26,Default Preset,drill,1018 Steel (P),P,Drill,drilling,roughing,conventional,0.1405,3,138,3746,0,0.0011,12.09,0,0.1406,flood,0,TWIST DRILLS.csv
VMC-05,Roku-Roku HC 658-II,HSK-E40,32000,6.26,Default Preset,drill,1018 Steel (P),P,Peck,drilling,roughing,plunge,0.1405,3,96,2622,0,0.0005,4.23,0,0.1406,flood,0,TWIST DRILLS.csv
VMC-05,Roku-Roku HC 658-II,HSK-E40,32000,6.26,Default Preset,drill,1045 Steel (P),P,Drill,drilling,roughing,conventional,0.1405,3,117,3170,0,0.0011,10.23,0,0.1406,flood,0,TWIST DRILLS.csv
VMC-05,Roku-Roku HC 658-II,HSK-E40,32000,6.26,Default Preset,drill,1045 Steel (P),P,Peck,drilling,roughing,plunge,0.1405,3,82,2219,0,0.0005,3.58,0,0.1406,flood,0,TWIST DRILLS.csv
VMC-05,Roku-Roku HC 658-II,HSK-E40,32000,6.26,Default Preset,drill,4140/4340 Alloy (P),P,Drill,drilling,roughing,conventional,0.1405,3,106,2882,0,0.0011,9.3,0,0.1406,flood,0,TWIST DRILLS.csv
VMC-05,Roku-Roku HC 658-II,HSK-E40,32000,6.26,Default Preset,drill,4140/4340 Alloy (P),P,Peck,drilling,roughing,plunge,0.1405,3,74,2017,0,0.0005,3.26,0,0.1406,flood,0,TWIST DRILLS.csv
VMC-05,Roku-Roku HC 658-II,HSK-E40,32000,6.26,Default Preset,drill,1018 Steel (P),P,Drill,drilling,roughing,conventional,0.144,3,138,3655,0,0.0011,12.09,0,0.1441,flood,0,TWIST DRILLS.csv
VMC-05,Roku-Roku HC 658-II,HSK-E40,32000,6.26,Default Preset,drill,1018 Steel (P),P,Peck,drilling,roughing,plunge,0.144,3,96,2559,0,0.0006,4.23,0,0.1441,flood,0,TWIST DRILLS.csv
VMC-05,Roku-Roku HC 658-II,HSK-E40,32000,6.26,Default Preset,drill,1045 Steel (P),P,Drill,drilling,roughing,conventional,0.144,3,117,3093,0,0.0011,10.23,0,0.1441,flood,0,TWIST DRILLS.csv
VMC-05,Roku-Roku HC 658-II,HSK-E40,32000,6.26,Default Preset,drill,1045 Steel (P),P,Peck,drilling,roughing,plunge,0.144,3,82,2165,0,0.0006,3.58,0,0.1441,flood,0,TWIST DRILLS.csv
VMC-05,Roku-Roku HC 658-II,HSK-E40,32000,6.26,Default Preset,drill,4140/4340 Alloy (P),P,Drill,drilling,roughing,conventional,0.144,3,106,2812,0,0.0011,9.3,0,0.1441,flood,0,TWIST DRILLS.csv
VMC-05,Roku-Roku HC 658-II,HSK-E40,32000,6.26,Default Preset,drill,4140/4340 Alloy (P),P,Peck,drilling,roughing,plunge,0.144,3,74,1968,0,0.0006,3.25,0,0.1441,flood,0,TWIST DRILLS.csv
VMC-05,Roku-Roku HC 658-II,HSK-E40,32000,6.26,Default Preset,drill,1018 Steel (P),P,Drill,drilling,roughing,conventional,0.1495,3,138,3521,0,0.0011,11.92,0,0.1496,flood,0,TWIST DRILLS.csv
VMC-05,Roku-Roku HC 658-II,HSK-E40,32000,6.26,Default Preset,drill,1018 Steel (P),P,Peck,drilling,roughing,plunge,0.1495,3,96,2464,0,0.0006,4.17,0,0.1496,flood,0,TWIST DRILLS.csv
VMC-05,Roku-Roku HC 658-II,HSK-E40,32000,6.26,Default Preset,drill,1045 Steel (P),P,Drill,drilling,roughing,conventional,0.1495,3,117,2979,0,0.0011,10.09,0,0.1496,flood,0,TWIST DRILLS.csv
VMC-05,Roku-Roku HC 658-II,HSK-E40,32000,6.26,Default Preset,drill,1045 Steel (P),P,Peck,drilling,roughing,plunge,0.1495,3,82,2085,0,0.0006,3.53,0,0.1496,flood,0,TWIST DRILLS.csv
VMC-05,Roku-Roku HC 658-II,HSK-E40,32000,6.26,Default Preset,drill,4140/4340 Alloy (P),P,Drill,drilling,roughing,conventional,0.1495,3,106,2708,0,0.0011,9.17,0,0.1496,flood,0,TWIST DRILLS.csv
VMC-05,Roku-Roku HC 658-II,HSK-E40,32000,6.26,Default Preset,drill,4140/4340 Alloy (P),P,Peck,drilling,roughing,plunge,0.1495,3,74,1896,0,0.0006,3.21,0,0.1496,flood,0,TWIST DRILLS.csv
VMC-05,Roku-Roku HC 658-II,HSK-E40,32000,6.26,Default Preset,drill,1018 Steel (P),P,Drill,drilling,roughing,conventional,0.1563,2,138,3369,0,0.0018,11.8,0,0.1563,flood,0,TWIST DRILLS.csv
VMC-05,Roku-Roku HC 658-II,HSK-E40,32000,6.26,Default Preset,drill,1018 Steel (P),P,Peck,drilling,roughing,plunge,0.1563,2,96,2358,0,0.0009,4.13,0,0.1563,flood,0,TWIST DRILLS.csv
VMC-05,Roku-Roku HC 658-II,HSK-E40,32000,6.26,Default Preset,drill,1045 Steel (P),P,Drill,drilling,roughing,conventional,0.1563,2,117,2850,0,0.0018,9.99,0,0.1563,flood,0,TWIST DRILLS.csv
VMC-05,Roku-Roku HC 658-II,HSK-E40,32000,6.26,Default Preset,drill,1045 Steel (P),P,Peck,drilling,roughing,plunge,0.1563,2,82,1995,0,0.0009,3.5,0,0.1563,flood,0,TWIST DRILLS.csv
VMC-05,Roku-Roku HC 658-II,HSK-E40,32000,6.26,Default Preset,drill,4140/4340 Alloy (P),P,Drill,drilling,roughing,conventional,0.1563,2,106,2591,0,0.0018,9.08,0,0.1563,flood,0,TWIST DRILLS.csv
VMC-05,Roku-Roku HC 658-II,HSK-E40,32000,6.26,Default Preset,drill,4140/4340 Alloy (P),P,Peck,drilling,roughing,plunge,0.1563,2,74,1814,0,0.0009,3.18,0,0.1563,flood,0,TWIST DRILLS.csv
VMC-05,Roku-Roku HC 658-II,HSK-E40,32000,6.26,Default Preset,drill,1018 Steel (P),P,Drill,drilling,roughing,conventional,0.161,2,138,3269,0,0.0018,11.71,0,0.161,flood,0,TWIST DRILLS.csv
VMC-05,Roku-Roku HC 658-II,HSK-E40,32000,6.26,Default Preset,drill,1018 Steel (P),P,Peck,drilling,roughing,plunge,0.161,2,96,2288,0,0.0009,4.1,0,0.161,flood,0,TWIST DRILLS.csv
VMC-05,Roku-Roku HC 658-II,HSK-E40,32000,6.26,Default Preset,drill,1045 Steel (P),P,Drill,drilling,roughing,conventional,0.161,2,117,2766,0,0.0018,9.91,0,0.161,flood,0,TWIST DRILLS.csv
VMC-05,Roku-Roku HC 658-II,HSK-E40,32000,6.26,Default Preset,drill,1045 Steel (P),P,Peck,drilling,roughing,plunge,0.161,2,82,1936,0,0.0009,3.47,0,0.161,flood,0,TWIST DRILLS.csv
VMC-05,Roku-Roku HC 658-II,HSK-E40,32000,6.26,Default Preset,drill,4140/4340 Alloy (P),P,Drill,drilling,roughing,conventional,0.161,2,106,2515,0,0.0018,9.01,0,0.161,flood,0,TWIST DRILLS.csv
VMC-05,Roku-Roku HC 658-II,HSK-E40,32000,6.26,Default Preset,drill,4140/4340 Alloy (P),P,Peck,drilling,roughing,plunge,0.161,2,74,1760,0,0.0009,3.15,0,0.161,flood,0,TWIST DRILLS.csv
VMC-05,Roku-Roku HC 658-II,HSK-E40,32000,6.26,Default Preset,drill,1018 Steel (P),P,Drill,drilling,roughing,conventional,0.1719,2,138,3062,0,0.0018,11.21,0,0.172,flood,0,TWIST DRILLS.csv
VMC-05,Roku-Roku HC 658-II,HSK-E40,32000,6.26,Default Preset,drill,1018 Steel (P),P,Peck,drilling,roughing,plunge,0.1719,2,96,2144,0,0.0009,3.93,0,0.172,flood,0,TWIST DRILLS.csv
VMC-05,Roku-Roku HC 658-II,HSK-E40,32000,6.26,Default Preset,drill,1045 Steel (P),P,Drill,drilling,roughing,conventional,0.1719,2,117,2591,0,0.0018,9.49,0,0.172,flood,0,TWIST DRILLS.csv
VMC-05,Roku-Roku HC 658-II,HSK-E40,32000,6.26,Default Preset,drill,1045 Steel (P),P,Peck,drilling,roughing,plunge,0.1719,2,82,1814,0,0.0009,3.32,0,0.172,flood,0,TWIST DRILLS.csv
VMC-05,Roku-Roku HC 658-II,HSK-E40,32000,6.26,Default Preset,drill,4140/4340 Alloy (P),P,Drill,drilling,roughing,conventional,0.1719,2,106,2356,0,0.0018,8.63,0,0.172,flood,0,TWIST DRILLS.csv
VMC-05,Roku-Roku HC 658-II,HSK-E40,32000,6.26,Default Preset,drill,4140/4340 Alloy (P),P,Peck,drilling,roughing,plunge,0.1719,2,74,1649,0,0.0009,3.02,0,0.172,flood,0,TWIST DRILLS.csv
VMC-05,Roku-Roku HC 658-II,HSK-E40,32000,6.26,Default Preset,drill,1018 Steel (P),P,Drill,drilling,roughing,conventional,0.177,2,138,2974,0,0.0019,11.01,0,0.1772,flood,0,TWIST DRILLS.csv
VMC-05,Roku-Roku HC 658-II,HSK-E40,32000,6.26,Default Preset,drill,1018 Steel (P),P,Peck,drilling,roughing,plunge,0.177,2,96,2082,0,0.0009,3.85,0,0.1772,flood,0,TWIST DRILLS.csv
VMC-05,Roku-Roku HC 658-II,HSK-E40,32000,6.26,Default Preset,drill,1045 Steel (P),P,Drill,drilling,roughing,conventional,0.177,2,117,2516,0,0.0019,9.31,0,0.1772,flood,0,TWIST DRILLS.csv
VMC-05,Roku-Roku HC 658-II,HSK-E40,32000,6.26,Default Preset,drill,1045 Steel (P),P,Peck,drilling,roughing,plunge,0.177,2,82,1761,0,0.0009,3.26,0,0.1772,flood,0,TWIST DRILLS.csv
VMC-05,Roku-Roku HC 658-II,HSK-E40,32000,6.26,Default Preset,drill,4140/4340 Alloy (P),P,Drill,drilling,roughing,conventional,0.177,2,106,2287,0,0.0019,8.46,0,0.1772,flood,0,TWIST DRILLS.csv
VMC-05,Roku-Roku HC 658-II,HSK-E40,32000,6.26,Default Preset,drill,4140/4340 Alloy (P),P,Peck,drilling,roughing,plunge,0.177,2,74,1601,0,0.0009,2.96,0,0.1772,flood,0,TWIST DRILLS.csv
VMC-05,Roku-Roku HC 658-II,HSK-E40,32000,6.26,Default Preset,drill,1018 Steel (P),P,Drill,drilling,roughing,conventional,0.185,2,138,2845,0,0.0019,10.75,0,0.185,flood,0,TWIST DRILLS.csv
VMC-05,Roku-Roku HC 658-II,HSK-E40,32000,6.26,Default Preset,drill,1018 Steel (P),P,Peck,drilling,roughing,plunge,0.185,2,96,1992,0,0.0009,3.76,0,0.185,flood,0,TWIST DRILLS.csv
VMC-05,Roku-Roku HC 658-II,HSK-E40,32000,6.26,Default Preset,drill,1045 Steel (P),P,Drill,drilling,roughing,conventional,0.185,2,117,2407,0,0.0019,9.1,0,0.185,flood,0,TWIST DRILLS.csv
VMC-05,Roku-Roku HC 658-II,HSK-E40,32000,6.26,Default Preset,drill,1045 Steel (P),P,Peck,drilling,roughing,plunge,0.185,2,82,1685,0,0.0009,3.18,0,0.185,flood,0,TWIST DRILLS.csv
VMC-05,Roku-Roku HC 658-II,HSK-E40,32000,6.26,Default Preset,drill,4140/4340 Alloy (P),P,Drill,drilling,roughing,conventional,0.185,2,106,2189,0,0.0019,8.27,0,0.185,flood,0,TWIST DRILLS.csv
VMC-05,Roku-Roku HC 658-II,HSK-E40,32000,6.26,Default Preset,drill,4140/4340 Alloy (P),P,Peck,drilling,roughing,plunge,0.185,2,74,1532,0,0.0009,2.9,0,0.185,flood,0,TWIST DRILLS.csv
VMC-05,Roku-Roku HC 658-II,HSK-E40,32000,6.26,Default Preset,drill,1018 Steel (P),P,Drill,drilling,roughing,conventional,0.1875,2,138,2807,0,0.0019,10.72,0,0.1874,flood,0,TWIST DRILLS.csv
VMC-05,Roku-Roku HC 658-II,HSK-E40,32000,6.26,Default Preset,drill,1018 Steel (P),P,Peck,drilling,roughing,plunge,0.1875,2,96,1965,0,0.001,3.75,0,0.1874,flood,0,TWIST DRILLS.csv
VMC-05,Roku-Roku HC 658-II,HSK-E40,32000,6.26,Default Preset,drill,1045 Steel (P),P,Drill,drilling,roughing,conventional,0.1875,2,117,2375,0,0.0019,9.07,0,0.1874,flood,0,TWIST DRILLS.csv
VMC-05,Roku-Roku HC 658-II,HSK-E40,32000,6.26,Default Preset,drill,1045 Steel (P),P,Peck,drilling,roughing,plunge,0.1875,2,82,1663,0,0.001,3.18,0,0.1874,flood,0,TWIST DRILLS.csv
VMC-05,Roku-Roku HC 658-II,HSK-E40,32000,6.26,Default Preset,drill,4140/4340 Alloy (P),P,Drill,drilling,roughing,conventional,0.1875,2,106,2159,0,0.0019,8.24,0,0.1874,flood,0,TWIST DRILLS.csv
VMC-05,Roku-Roku HC 658-II,HSK-E40,32000,6.26,Default Preset,drill,4140/4340 Alloy (P),P,Peck,drilling,roughing,plunge,0.1875,2,74,1512,0,0.001,2.89,0,0.1874,flood,0,TWIST DRILLS.csv
VMC-05,Roku-Roku HC 658-II,HSK-E40,32000,6.26,Default Preset,drill,1018 Steel (P),P,Drill,drilling,roughing,conventional,0.193,2,138,2727,0,0.0019,10.52,0,0.1929,flood,0,TWIST DRILLS.csv
VMC-05,Roku-Roku HC 658-II,HSK-E40,32000,6.26,Default Preset,drill,1018 Steel (P),P,Peck,drilling,roughing,plunge,0.193,2,96,1909,0,0.001,3.68,0,0.1929,flood,0,TWIST DRILLS.csv
VMC-05,Roku-Roku HC 658-II,HSK-E40,32000,6.26,Default Preset,drill,1045 Steel (P),P,Drill,drilling,roughing,conventional,0.193,2,117,2308,0,0.0019,8.9,0,0.1929,flood,0,TWIST DRILLS.csv
VMC-05,Roku-Roku HC 658-II,HSK-E40,32000,6.26,Default Preset,drill,1045 Steel (P),P,Peck,drilling,roughing,plunge,0.193,2,82,1615,0,0.001,3.12,0,0.1929,flood,0,TWIST DRILLS.csv
VMC-05,Roku-Roku HC 658-II,HSK-E40,32000,6.26,Default Preset,drill,4140/4340 Alloy (P),P,Drill,drilling,roughing,conventional,0.193,2,106,2098,0,0.0019,8.09,0,0.1929,flood,0,TWIST DRILLS.csv
VMC-05,Roku-Roku HC 658-II,HSK-E40,32000,6.26,Default Preset,drill,4140/4340 Alloy (P),P,Peck,drilling,roughing,plunge,0.193,2,74,1468,0,0.001,2.83,0,0.1929,flood,0,TWIST DRILLS.csv
VMC-05,Roku-Roku HC 658-II,HSK-E40,32000,6.26,Default Preset,drill,1018 Steel (P),P,Drill,drilling,roughing,conventional,0.194,2,138,2713,0,0.0019,10.47,0,0.1941,flood,0,TWIST DRILLS.csv
VMC-05,Roku-Roku HC 658-II,HSK-E40,32000,6.26,Default Preset,drill,1018 Steel (P),P,Peck,drilling,roughing,plunge,0.194,2,96,1899,0,0.001,3.66,0,0.1941,flood,0,TWIST DRILLS.csv
VMC-05,Roku-Roku HC 658-II,HSK-E40,32000,6.26,Default Preset,drill,1045 Steel (P),P,Drill,drilling,roughing,conventional,0.194,2,117,2296,0,0.0019,8.86,0,0.1941,flood,0,TWIST DRILLS.csv
VMC-05,Roku-Roku HC 658-II,HSK-E40,32000,6.26,Default Preset,drill,1045 Steel (P),P,Peck,drilling,roughing,plunge,0.194,2,82,1607,0,0.001,3.1,0,0.1941,flood,0,TWIST DRILLS.csv
VMC-05,Roku-Roku HC 658-II,HSK-E40,32000,6.26,Default Preset,drill,4140/4340 Alloy (P),P,Drill,drilling,roughing,conventional,0.194,2,106,2087,0,0.0019,8.05,0,0.1941,flood,0,TWIST DRILLS.csv
VMC-05,Roku-Roku HC 658-II,HSK-E40,32000,6.26,Default Preset,drill,4140/4340 Alloy (P),P,Peck,drilling,roughing,plunge,0.194,2,74,1461,0,0.001,2.82,0,0.1941,flood,0,TWIST DRILLS.csv
VMC-05,Roku-Roku HC 658-II,HSK-E40,32000,6.26,Default Preset,drill,1018 Steel (P),P,Drill,drilling,roughing,conventional,0.201,2,138,2619,0,0.002,10.31,0,0.2012,flood,0,TWIST DRILLS.csv
VMC-05,Roku-Roku HC 658-II,HSK-E40,32000,6.26,Default Preset,drill,1018 Steel (P),P,Peck,drilling,roughing,plunge,0.201,2,96,1833,0,0.001,3.61,0,0.2012,flood,0,TWIST DRILLS.csv
VMC-05,Roku-Roku HC 658-II,HSK-E40,32000,6.26,Default Preset,drill,1045 Steel (P),P,Drill,drilling,roughing,conventional,0.201,2,117,2216,0,0.002,8.72,0,0.2012,flood,0,TWIST DRILLS.csv
VMC-05,Roku-Roku HC 658-II,HSK-E40,32000,6.26,Default Preset,drill,1045 Steel (P),P,Peck,drilling,roughing,plunge,0.201,2,82,1551,0,0.001,3.05,0,0.2012,flood,0,TWIST DRILLS.csv
VMC-05,Roku-Roku HC 658-II,HSK-E40,32000,6.26,Default Preset,drill,4140/4340 Alloy (P),P,Drill,drilling,roughing,conventional,0.201,2,106,2014,0,0.002,7.93,0,0.2012,flood,0,TWIST DRILLS.csv
VMC-05,Roku-Roku HC 658-II,HSK-E40,32000,6.26,Default Preset,drill,4140/4340 Alloy (P),P,Peck,drilling,roughing,plunge,0.201,2,74,1410,0,0.001,2.78,0,0.2012,flood,0,TWIST DRILLS.csv
VMC-05,Roku-Roku HC 658-II,HSK-E40,32000,6.26,Default Preset,drill,1018 Steel (P),P,Drill,drilling,roughing,conventional,0.218,2,138,2414,0,0.002,9.88,0,0.2181,flood,0,TWIST DRILLS.csv
VMC-05,Roku-Roku HC 658-II,HSK-E40,32000,6.26,Default Preset,drill,1018 Steel (P),P,Peck,drilling,roughing,plunge,0.218,2,96,1690,0,0.001,3.46,0,0.2181,flood,0,TWIST DRILLS.csv
VMC-05,Roku-Roku HC 658-II,HSK-E40,32000,6.26,Default Preset,drill,1045 Steel (P),P,Drill,drilling,roughing,conventional,0.218,2,117,2043,0,0.002,8.37,0,0.2181,flood,0,TWIST DRILLS.csv
VMC-05,Roku-Roku HC 658-II,HSK-E40,32000,6.26,Default Preset,drill,1045 Steel (P),P,Peck,drilling,roughing,plunge,0.218,2,82,1430,0,0.001,2.93,0,0.2181,flood,0,TWIST DRILLS.csv
VMC-05,Roku-Roku HC 658-II,HSK-E40,32000,6.26,Default Preset,drill,4140/4340 Alloy (P),P,Drill,drilling,roughing,conventional,0.218,2,106,1857,0,0.002,7.6,0,0.2181,flood,0,TWIST DRILLS.csv
VMC-05,Roku-Roku HC 658-II,HSK-E40,32000,6.26,Default Preset,drill,4140/4340 Alloy (P),P,Peck,drilling,roughing,plunge,0.218,2,74,1300,0,0.001,2.66,0,0.2181,flood,0,TWIST DRILLS.csv
VMC-05,Roku-Roku HC 658-II,HSK-E40,32000,6.26,Default Preset,drill,1018 Steel (P),P,Drill,drilling,roughing,conventional,0.228,2,138,2309,0,0.0021,9.64,0,0.228,flood,0,TWIST DRILLS.csv
VMC-05,Roku-Roku HC 658-II,HSK-E40,32000,6.26,Default Preset,drill,1018 Steel (P),P,Peck,drilling,roughing,plunge,0.228,2,96,1616,0,0.001,3.37,0,0.228,flood,0,TWIST DRILLS.csv
VMC-05,Roku-Roku HC 658-II,HSK-E40,32000,6.26,Default Preset,drill,1045 Steel (P),P,Drill,drilling,roughing,conventional,0.228,2,117,1953,0,0.0021,8.15,0,0.228,flood,0,TWIST DRILLS.csv
VMC-05,Roku-Roku HC 658-II,HSK-E40,32000,6.26,Default Preset,drill,1045 Steel (P),P,Peck,drilling,roughing,plunge,0.228,2,82,1367,0,0.001,2.85,0,0.228,flood,0,TWIST DRILLS.csv
VMC-05,Roku-Roku HC 658-II,HSK-E40,32000,6.26,Default Preset,drill,4140/4340 Alloy (P),P,Drill,drilling,roughing,conventional,0.228,2,106,1776,0,0.0021,7.41,0,0.228,flood,0,TWIST DRILLS.csv
VMC-05,Roku-Roku HC 658-II,HSK-E40,32000,6.26,Default Preset,drill,4140/4340 Alloy (P),P,Peck,drilling,roughing,plunge,0.228,2,74,1243,0,0.001,2.59,0,0.228,flood,0,TWIST DRILLS.csv
VMC-05,Roku-Roku HC 658-II,HSK-E40,32000,6.26,Default Preset,drill,1018 Steel (P),P,Drill,drilling,roughing,conventional,0.234,2,138,2249,0,0.0021,9.47,0,0.2339,flood,0,TWIST DRILLS.csv
VMC-05,Roku-Roku HC 658-II,HSK-E40,32000,6.26,Default Preset,drill,1018 Steel (P),P,Peck,drilling,roughing,plunge,0.234,2,96,1575,0,0.0011,3.32,0,0.2339,flood,0,TWIST DRILLS.csv
VMC-05,Roku-Roku HC 658-II,HSK-E40,32000,6.26,Default Preset,drill,1045 Steel (P),P,Drill,drilling,roughing,conventional,0.234,2,117,1903,0,0.0021,8.02,0,0.2339,flood,0,TWIST DRILLS.csv
VMC-05,Roku-Roku HC 658-II,HSK-E40,32000,6.26,Default Preset,drill,1045 Steel (P),P,Peck,drilling,roughing,plunge,0.234,2,82,1332,0,0.0011,2.81,0,0.2339,flood,0,TWIST DRILLS.csv
VMC-05,Roku-Roku HC 658-II,HSK-E40,32000,6.26,Default Preset,drill,4140/4340 Alloy (P),P,Drill,drilling,roughing,conventional,0.234,2,106,1730,0,0.0021,7.29,0,0.2339,flood,0,TWIST DRILLS.csv
VMC-05,Roku-Roku HC 658-II,HSK-E40,32000,6.26,Default Preset,drill,4140/4340 Alloy (P),P,Peck,drilling,roughing,plunge,0.234,2,74,1211,0,0.0011,2.55,0,0.2339,flood,0,TWIST DRILLS.csv
VMC-05,Roku-Roku HC 658-II,HSK-E40,32000,6.26,Default Preset,drill,1018 Steel (P),P,Drill,drilling,roughing,conventional,0.242,2,138,2175,0,0.0021,9.33,0,0.2421,flood,0,TWIST DRILLS.csv
VMC-05,Roku-Roku HC 658-II,HSK-E40,32000,6.26,Default Preset,drill,1018 Steel (P),P,Peck,drilling,roughing,plunge,0.242,2,96,1522,0,0.0011,3.27,0,0.2421,flood,0,TWIST DRILLS.csv
VMC-05,Roku-Roku HC 658-II,HSK-E40,32000,6.26,Default Preset,drill,1045 Steel (P),P,Drill,drilling,roughing,conventional,0.242,2,117,1840,0,0.0021,7.9,0,0.2421,flood,0,TWIST DRILLS.csv
VMC-05,Roku-Roku HC 658-II,HSK-E40,32000,6.26,Default Preset,drill,1045 Steel (P),P,Peck,drilling,roughing,plunge,0.242,2,82,1288,0,0.0011,2.76,0,0.2421,flood,0,TWIST DRILLS.csv
VMC-05,Roku-Roku HC 658-II,HSK-E40,32000,6.26,Default Preset,drill,4140/4340 Alloy (P),P,Drill,drilling,roughing,conventional,0.242,2,106,1673,0,0.0021,7.18,0,0.2421,flood,0,TWIST DRILLS.csv
VMC-05,Roku-Roku HC 658-II,HSK-E40,32000,6.26,Default Preset,drill,4140/4340 Alloy (P),P,Peck,drilling,roughing,plunge,0.242,2,74,1171,0,0.0011,2.51,0,0.2421,flood,0,TWIST DRILLS.csv
VMC-05,Roku-Roku HC 658-II,HSK-E40,32000,6.26,Default Preset,drill,1018 Steel (P),P,Drill,drilling,roughing,conventional,0.125,2,138,4211,0,0.0015,12.43,0,0.1252,flood,0,TWIST DRILLS.csv
VMC-05,Roku-Roku HC 658-II,HSK-E40,32000,6.26,Default Preset,drill,1018 Steel (P),P,Peck,drilling,roughing,plunge,0.125,2,96,2947,0,0.0007,4.35,0,0.1252,flood,0,TWIST DRILLS.csv
VMC-05,Roku-Roku HC 658-II,HSK-E40,32000,6.26,Default Preset,drill,1045 Steel (P),P,Drill,drilling,roughing,conventional,0.125,2,117,3563,0,0.0015,10.52,0,0.1252,flood,0,TWIST DRILLS.csv
VMC-05,Roku-Roku HC 658-II,HSK-E40,32000,6.26,Default Preset,drill,1045 Steel (P),P,Peck,drilling,roughing,plunge,0.125,2,82,2494,0,0.0007,3.68,0,0.1252,flood,0,TWIST DRILLS.csv
VMC-05,Roku-Roku HC 658-II,HSK-E40,32000,6.26,Default Preset,drill,4140/4340 Alloy (P),P,Drill,drilling,roughing,conventional,0.125,2,106,3239,0,0.0015,9.56,0,0.1252,flood,0,TWIST DRILLS.csv
VMC-05,Roku-Roku HC 658-II,HSK-E40,32000,6.26,Default Preset,drill,4140/4340 Alloy (P),P,Peck,drilling,roughing,plunge,0.125,2,74,2267,0,0.0007,3.35,0,0.1252,flood,0,TWIST DRILLS.csv
VMC-05,Roku-Roku HC 658-II,HSK-E40,32000,6.26,Default Preset,drill,1018 Steel (P),P,Drill,drilling,roughing,conventional,0.256,2,138,2056,0,0.0022,9.15,0,0.2559,flood,0,TWIST DRILLS.csv
VMC-05,Roku-Roku HC 658-II,HSK-E40,32000,6.26,Default Preset,drill,1018 Steel (P),P,Peck,drilling,roughing,plunge,0.256,2,96,1439,0,0.0011,3.2,0,0.2559,flood,0,TWIST DRILLS.csv
VMC-05,Roku-Roku HC 658-II,HSK-E40,32000,6.26,Default Preset,drill,1045 Steel (P),P,Drill,drilling,roughing,conventional,0.256,2,117,1740,0,0.0022,7.74,0,0.2559,flood,0,TWIST DRILLS.csv
VMC-05,Roku-Roku HC 658-II,HSK-E40,32000,6.26,Default Preset,drill,1045 Steel (P),P,Peck,drilling,roughing,plunge,0.256,2,82,1218,0,0.0011,2.71,0,0.2559,flood,0,TWIST DRILLS.csv
VMC-05,Roku-Roku HC 658-II,HSK-E40,32000,6.26,Default Preset,drill,4140/4340 Alloy (P),P,Drill,drilling,roughing,conventional,0.256,2,106,1582,0,0.0022,7.04,0,0.2559,flood,0,TWIST DRILLS.csv
VMC-05,Roku-Roku HC 658-II,HSK-E40,32000,6.26,Default Preset,drill,4140/4340 Alloy (P),P,Peck,drilling,roughing,plunge,0.256,2,74,1107,0,0.0011,2.46,0,0.2559,flood,0,TWIST DRILLS.csv
VMC-05,Roku-Roku HC 658-II,HSK-E40,32000,6.26,Default Preset,drill,1018 Steel (P),P,Drill,drilling,roughing,conventional,0.2656,2,138,1982,0,0.0023,8.97,0,0.2657,flood,0,TWIST DRILLS.csv
VMC-05,Roku-Roku HC 658-II,HSK-E40,32000,6.26,Default Preset,drill,1018 Steel (P),P,Peck,drilling,roughing,plunge,0.2656,2,96,1387,0,0.0011,3.14,0,0.2657,flood,0,TWIST DRILLS.csv
VMC-05,Roku-Roku HC 658-II,HSK-E40,32000,6.26,Default Preset,drill,1045 Steel (P),P,Drill,drilling,roughing,conventional,0.2656,2,117,1677,0,0.0023,7.59,0,0.2657,flood,0,TWIST DRILLS.csv
VMC-05,Roku-Roku HC 658-II,HSK-E40,32000,6.26,Default Preset,drill,1045 Steel (P),P,Peck,drilling,roughing,plunge,0.2656,2,82,1174,0,0.0011,2.66,0,0.2657,flood,0,TWIST DRILLS.csv
VMC-05,Roku-Roku HC 658-II,HSK-E40,32000,6.26,Default Preset,drill,4140/4340 Alloy (P),P,Drill,drilling,roughing,conventional,0.2656,2,106,1524,0,0.0023,6.9,0,0.2657,flood,0,TWIST DRILLS.csv
VMC-05,Roku-Roku HC 658-II,HSK-E40,32000,6.26,Default Preset,drill,4140/4340 Alloy (P),P,Peck,drilling,roughing,plunge,0.2656,2,74,1067,0,0.0011,2.42,0,0.2657,flood,0,TWIST DRILLS.csv
VMC-05,Roku-Roku HC 658-II,HSK-E40,32000,6.26,Default Preset,drill,1018 Steel (P),P,Drill,drilling,roughing,conventional,0.277,2,138,1900,0,0.0023,8.75,0,0.2772,flood,0,TWIST DRILLS.csv
VMC-05,Roku-Roku HC 658-II,HSK-E40,32000,6.26,Default Preset,drill,1018 Steel (P),P,Peck,drilling,roughing,plunge,0.277,2,96,1330,0,0.0012,3.06,0,0.2772,flood,0,TWIST DRILLS.csv
VMC-05,Roku-Roku HC 658-II,HSK-E40,32000,6.26,Default Preset,drill,1045 Steel (P),P,Drill,drilling,roughing,conventional,0.277,2,117,1608,0,0.0023,7.41,0,0.2772,flood,0,TWIST DRILLS.csv
VMC-05,Roku-Roku HC 658-II,HSK-E40,32000,6.26,Default Preset,drill,1045 Steel (P),P,Peck,drilling,roughing,plunge,0.277,2,82,1125,0,0.0012,2.59,0,0.2772,flood,0,TWIST DRILLS.csv
VMC-05,Roku-Roku HC 658-II,HSK-E40,32000,6.26,Default Preset,drill,4140/4340 Alloy (P),P,Drill,drilling,roughing,conventional,0.277,2,106,1462,0,0.0023,6.73,0,0.2772,flood,0,TWIST DRILLS.csv
VMC-05,Roku-Roku HC 658-II,HSK-E40,32000,6.26,Default Preset,drill,4140/4340 Alloy (P),P,Peck,drilling,roughing,plunge,0.277,2,74,1023,0,0.0012,2.36,0,0.2772,flood,0,TWIST DRILLS.csv
VMC-05,Roku-Roku HC 658-II,HSK-E40,32000,6.26,Default Preset,drill,1018 Steel (P),P,Drill,drilling,roughing,conventional,0.281,2,138,1873,0,0.0023,8.7,0,0.2811,flood,0,TWIST DRILLS.csv
VMC-05,Roku-Roku HC 658-II,HSK-E40,32000,6.26,Default Preset,drill,1018 Steel (P),P,Peck,drilling,roughing,plunge,0.281,2,96,1311,0,0.0012,3.05,0,0.2811,flood,0,TWIST DRILLS.csv
VMC-05,Roku-Roku HC 658-II,HSK-E40,32000,6.26,Default Preset,drill,1045 Steel (P),P,Drill,drilling,roughing,conventional,0.281,2,117,1585,0,0.0023,7.36,0,0.2811,flood,0,TWIST DRILLS.csv
VMC-05,Roku-Roku HC 658-II,HSK-E40,32000,6.26,Default Preset,drill,1045 Steel (P),P,Peck,drilling,roughing,plunge,0.281,2,82,1109,0,0.0012,2.58,0,0.2811,flood,0,TWIST DRILLS.csv
VMC-05,Roku-Roku HC 658-II,HSK-E40,32000,6.26,Default Preset,drill,4140/4340 Alloy (P),P,Drill,drilling,roughing,conventional,0.281,2,106,1441,0,0.0023,6.69,0,0.2811,flood,0,TWIST DRILLS.csv
VMC-05,Roku-Roku HC 658-II,HSK-E40,32000,6.26,Default Preset,drill,4140/4340 Alloy (P),P,Peck,drilling,roughing,plunge,0.281,2,74,1009,0,0.0012,2.34,0,0.2811,flood,0,TWIST DRILLS.csv
VMC-05,Roku-Roku HC 658-II,HSK-E40,32000,6.26,Default Preset,drill,1018 Steel (P),P,Drill,drilling,roughing,conventional,0.29,2,138,1815,0,0.0024,8.57,0,0.2902,flood,0,TWIST DRILLS.csv
VMC-05,Roku-Roku HC 658-II,HSK-E40,32000,6.26,Default Preset,drill,1018 Steel (P),P,Peck,drilling,roughing,plunge,0.29,2,96,1270,0,0.0012,3,0,0.2902,flood,0,TWIST DRILLS.csv
VMC-05,Roku-Roku HC 658-II,HSK-E40,32000,6.26,Default Preset,drill,1045 Steel (P),P,Drill,drilling,roughing,conventional,0.29,2,117,1536,0,0.0024,7.26,0,0.2902,flood,0,TWIST DRILLS.csv
VMC-05,Roku-Roku HC 658-II,HSK-E40,32000,6.26,Default Preset,drill,1045 Steel (P),P,Peck,drilling,roughing,plunge,0.29,2,82,1075,0,0.0012,2.54,0,0.2902,flood,0,TWIST DRILLS.csv
VMC-05,Roku-Roku HC 658-II,HSK-E40,32000,6.26,Default Preset,drill,4140/4340 Alloy (P),P,Drill,drilling,roughing,conventional,0.29,2,106,1396,0,0.0024,6.6,0,0.2902,flood,0,TWIST DRILLS.csv
VMC-05,Roku-Roku HC 658-II,HSK-E40,32000,6.26,Default Preset,drill,4140/4340 Alloy (P),P,Peck,drilling,roughing,plunge,0.29,2,74,977,0,0.0012,2.31,0,0.2902,flood,0,TWIST DRILLS.csv
VMC-05,Roku-Roku HC 658-II,HSK-E40,32000,6.26,Default Preset,drill,1018 Steel (P),P,Drill,drilling,roughing,conventional,0.295,2,138,1784,0,0.0024,8.5,0,0.2949,flood,0,TWIST DRILLS.csv
VMC-05,Roku-Roku HC 658-II,HSK-E40,32000,6.26,Default Preset,drill,1018 Steel (P),P,Peck,drilling,roughing,plunge,0.295,2,96,1249,0,0.0012,2.97,0,0.2949,flood,0,TWIST DRILLS.csv
VMC-05,Roku-Roku HC 658-II,HSK-E40,32000,6.26,Default Preset,drill,1045 Steel (P),P,Drill,drilling,roughing,conventional,0.295,2,117,1510,0,0.0024,7.19,0,0.2949,flood,0,TWIST DRILLS.csv
VMC-05,Roku-Roku HC 658-II,HSK-E40,32000,6.26,Default Preset,drill,1045 Steel (P),P,Peck,drilling,roughing,plunge,0.295,2,82,1057,0,0.0012,2.52,0,0.2949,flood,0,TWIST DRILLS.csv
VMC-05,Roku-Roku HC 658-II,HSK-E40,32000,6.26,Default Preset,drill,4140/4340 Alloy (P),P,Drill,drilling,roughing,conventional,0.295,2,106,1372,0,0.0024,6.54,0,0.2949,flood,0,TWIST DRILLS.csv
VMC-05,Roku-Roku HC 658-II,HSK-E40,32000,6.26,Default Preset,drill,4140/4340 Alloy (P),P,Peck,drilling,roughing,plunge,0.295,2,74,961,0,0.0012,2.29,0,0.2949,flood,0,TWIST DRILLS.csv
VMC-05,Roku-Roku HC 658-II,HSK-E40,32000,6.26,Default Preset,drill,1018 Steel (P),P,Drill,drilling,roughing,conventional,0.358,2,138,1470,0,0.0028,8.16,0,0.3579,flood,0,TWIST DRILLS.csv
VMC-05,Roku-Roku HC 658-II,HSK-E40,32000,6.26,Default Preset,drill,1018 Steel (P),P,Peck,drilling,roughing,plunge,0.358,2,96,1029,0,0.0014,2.86,0,0.3579,flood,0,TWIST DRILLS.csv
VMC-05,Roku-Roku HC 658-II,HSK-E40,32000,6.26,Default Preset,drill,1045 Steel (P),P,Drill,drilling,roughing,conventional,0.358,2,117,1244,0,0.0028,6.91,0,0.3579,flood,0,TWIST DRILLS.csv
VMC-05,Roku-Roku HC 658-II,HSK-E40,32000,6.26,Default Preset,drill,1045 Steel (P),P,Peck,drilling,roughing,plunge,0.358,2,82,871,0,0.0014,2.42,0,0.3579,flood,0,TWIST DRILLS.csv
VMC-05,Roku-Roku HC 658-II,HSK-E40,32000,6.26,Default Preset,drill,4140/4340 Alloy (P),P,Drill,drilling,roughing,conventional,0.358,2,106,1131,0,0.0028,6.28,0,0.3579,flood,0,TWIST DRILLS.csv
VMC-05,Roku-Roku HC 658-II,HSK-E40,32000,6.26,Default Preset,drill,4140/4340 Alloy (P),P,Peck,drilling,roughing,plunge,0.358,2,74,792,0,0.0014,2.2,0,0.3579,flood,0,TWIST DRILLS.csv
VMC-05,Roku-Roku HC 658-II,HSK-E40,32000,6.26,Default Preset,drill,1018 Steel (P),P,Drill,drilling,roughing,conventional,0.3906,2,344,3369,0,0.003,20.16,0,0.3906,flood,0,TWIST DRILLS.csv
VMC-05,Roku-Roku HC 658-II,HSK-E40,32000,6.26,Default Preset,drill,1018 Steel (P),P,Peck,drilling,roughing,plunge,0.3906,2,241,2358,0,0.0015,7.06,0,0.3906,flood,0,TWIST DRILLS.csv
VMC-05,Roku-Roku HC 658-II,HSK-E40,32000,6.26,Default Preset,drill,1045 Steel (P),P,Drill,drilling,roughing,conventional,0.3906,2,291,2850,0,0.003,17.06,0,0.3906,flood,0,TWIST DRILLS.csv
VMC-05,Roku-Roku HC 658-II,HSK-E40,32000,6.26,Default Preset,drill,1045 Steel (P),P,Peck,drilling,roughing,plunge,0.3906,2,204,1995,0,0.0015,5.97,0,0.3906,flood,0,TWIST DRILLS.csv
VMC-05,Roku-Roku HC 658-II,HSK-E40,32000,6.26,Default Preset,drill,4140/4340 Alloy (P),P,Drill,drilling,roughing,conventional,0.3906,2,265,2591,0,0.003,15.51,0,0.3906,flood,0,TWIST DRILLS.csv
VMC-05,Roku-Roku HC 658-II,HSK-E40,32000,6.26,Default Preset,drill,4140/4340 Alloy (P),P,Peck,drilling,roughing,plunge,0.3906,2,185,1814,0,0.0015,5.43,0,0.3906,flood,0,TWIST DRILLS.csv
VMC-05,Roku-Roku HC 658-II,HSK-E40,32000,6.26,Default Preset,drill,1018 Steel (P),P,Drill,drilling,roughing,conventional,0.397,2,344,3314,0,0.003,20.09,0,0.3969,flood,0,TWIST DRILLS.csv
VMC-05,Roku-Roku HC 658-II,HSK-E40,32000,6.26,Default Preset,drill,1018 Steel (P),P,Peck,drilling,roughing,plunge,0.397,2,241,2320,0,0.0015,7.03,0,0.3969,flood,0,TWIST DRILLS.csv
VMC-05,Roku-Roku HC 658-II,HSK-E40,32000,6.26,Default Preset,drill,1045 Steel (P),P,Drill,drilling,roughing,conventional,0.397,2,291,2805,0,0.003,17.01,0,0.3969,flood,0,TWIST DRILLS.csv
VMC-05,Roku-Roku HC 658-II,HSK-E40,32000,6.26,Default Preset,drill,1045 Steel (P),P,Peck,drilling,roughing,plunge,0.397,2,204,1963,0,0.0015,5.95,0,0.3969,flood,0,TWIST DRILLS.csv
VMC-05,Roku-Roku HC 658-II,HSK-E40,32000,6.26,Default Preset,drill,4140/4340 Alloy (P),P,Drill,drilling,roughing,conventional,0.397,2,265,2550,0,0.003,15.46,0,0.3969,flood,0,TWIST DRILLS.csv
VMC-05,Roku-Roku HC 658-II,HSK-E40,32000,6.26,Default Preset,drill,4140/4340 Alloy (P),P,Peck,drilling,roughing,plunge,0.397,2,185,1785,0,0.0015,5.41,0,0.3969,flood,0,TWIST DRILLS.csv
VMC-05,Roku-Roku HC 658-II,HSK-E40,32000,6.26,Default Preset,drill,1018 Steel (P),P,Drill,drilling,roughing,conventional,0.4219,2,344,3119,0,0.0032,20.02,0,0.422,flood,0,TWIST DRILLS.csv
VMC-05,Roku-Roku HC 658-II,HSK-E40,32000,6.26,Default Preset,drill,1018 Steel (P),P,Peck,drilling,roughing,plunge,0.4219,2,241,2183,0,0.0016,7,0,0.422,flood,0,TWIST DRILLS.csv
VMC-05,Roku-Roku HC 658-II,HSK-E40,32000,6.26,Default Preset,drill,1045 Steel (P),P,Drill,drilling,roughing,conventional,0.4219,2,291,2639,0,0.0032,16.94,0,0.422,flood,0,TWIST DRILLS.csv
VMC-05,Roku-Roku HC 658-II,HSK-E40,32000,6.26,Default Preset,drill,1045 Steel (P),P,Peck,drilling,roughing,plunge,0.4219,2,204,1847,0,0.0016,5.93,0,0.422,flood,0,TWIST DRILLS.csv
VMC-05,Roku-Roku HC 658-II,HSK-E40,32000,6.26,Default Preset,drill,4140/4340 Alloy (P),P,Drill,drilling,roughing,conventional,0.4219,2,265,2399,0,0.0032,15.4,0,0.422,flood,0,TWIST DRILLS.csv
VMC-05,Roku-Roku HC 658-II,HSK-E40,32000,6.26,Default Preset,drill,4140/4340 Alloy (P),P,Peck,drilling,roughing,plunge,0.4219,2,185,1679,0,0.0016,5.39,0,0.422,flood,0,TWIST DRILLS.csv
VMC-05,Roku-Roku HC 658-II,HSK-E40,32000,6.26,Default Preset,drill,1018 Steel (P),P,Drill,drilling,roughing,conventional,0.4531,2,344,2904,0,0.0034,19.78,0,0.4531,flood,0,TWIST DRILLS.csv
VMC-05,Roku-Roku HC 658-II,HSK-E40,32000,6.26,Default Preset,drill,1018 Steel (P),P,Peck,drilling,roughing,plunge,0.4531,2,241,2033,0,0.0017,6.92,0,0.4531,flood,0,TWIST DRILLS.csv
VMC-05,Roku-Roku HC 658-II,HSK-E40,32000,6.26,Default Preset,drill,1045 Steel (P),P,Drill,drilling,roughing,conventional,0.4531,2,291,2457,0,0.0034,16.73,0,0.4531,flood,0,TWIST DRILLS.csv
VMC-05,Roku-Roku HC 658-II,HSK-E40,32000,6.26,Default Preset,drill,1045 Steel (P),P,Peck,drilling,roughing,plunge,0.4531,2,204,1720,0,0.0017,5.86,0,0.4531,flood,0,TWIST DRILLS.csv
VMC-05,Roku-Roku HC 658-II,HSK-E40,32000,6.26,Default Preset,drill,4140/4340 Alloy (P),P,Drill,drilling,roughing,conventional,0.4531,2,265,2234,0,0.0034,15.22,0,0.4531,flood,0,TWIST DRILLS.csv
VMC-05,Roku-Roku HC 658-II,HSK-E40,32000,6.26,Default Preset,drill,4140/4340 Alloy (P),P,Peck,drilling,roughing,plunge,0.4531,2,185,1564,0,0.0017,5.33,0,0.4531,flood,0,TWIST DRILLS.csv
VMC-05,Roku-Roku HC 658-II,HSK-E40,32000,6.26,Default Preset,drill,1018 Steel (P),P,Drill,drilling,roughing,conventional,0.488,2,344,2696,0,0.0036,19.42,0,0.4882,flood,0,TWIST DRILLS.csv
VMC-05,Roku-Roku HC 658-II,HSK-E40,32000,6.26,Default Preset,drill,1018 Steel (P),P,Peck,drilling,roughing,plunge,0.488,2,241,1887,0,0.0018,6.8,0,0.4882,flood,0,TWIST DRILLS.csv
VMC-05,Roku-Roku HC 658-II,HSK-E40,32000,6.26,Default Preset,drill,1045 Steel (P),P,Drill,drilling,roughing,conventional,0.488,2,291,2282,0,0.0036,16.44,0,0.4882,flood,0,TWIST DRILLS.csv
VMC-05,Roku-Roku HC 658-II,HSK-E40,32000,6.26,Default Preset,drill,1045 Steel (P),P,Peck,drilling,roughing,plunge,0.488,2,204,1597,0,0.0018,5.75,0,0.4882,flood,0,TWIST DRILLS.csv
VMC-05,Roku-Roku HC 658-II,HSK-E40,32000,6.26,Default Preset,drill,4140/4340 Alloy (P),P,Drill,drilling,roughing,conventional,0.488,2,265,2074,0,0.0036,14.94,0,0.4882,flood,0,TWIST DRILLS.csv
VMC-05,Roku-Roku HC 658-II,HSK-E40,32000,6.26,Default Preset,drill,4140/4340 Alloy (P),P,Peck,drilling,roughing,plunge,0.488,2,185,1452,0,0.0018,5.23,0,0.4882,flood,0,TWIST DRILLS.csv
VMC-05,Roku-Roku HC 658-II,HSK-E40,32000,6.26,Default Preset,spot drill,1018 Steel (P),P,Spot,drilling,roughing,conventional,0.75,2,344,1754,0,0.0045,15.74,0,0.75,flood,0,TWIST DRILLS.csv
VMC-05,Roku-Roku HC 658-II,HSK-E40,32000,6.26,Default Preset,spot drill,1045 Steel (P),P,Spot,drilling,roughing,conventional,0.75,2,291,1485,0,0.0045,13.33,0,0.75,flood,0,TWIST DRILLS.csv
VMC-05,Roku-Roku HC 658-II,HSK-E40,32000,6.26,Default Preset,spot drill,4140/4340 Alloy (P),P,Spot,drilling,roughing,conventional,0.75,2,265,1350,0,0.0045,12.12,0,0.75,flood,0,TWIST DRILLS.csv
VMC-05,Roku-Roku HC 658-II,HSK-E40,32000,6.26,Default Preset,drill,1018 Steel (P),P,Drill,drilling,roughing,conventional,0.25,2,138,2105,0,0.0022,9.2,0,0.25,flood,0,TWIST DRILLS.csv
VMC-05,Roku-Roku HC 658-II,HSK-E40,32000,6.26,Default Preset,drill,1018 Steel (P),P,Peck,drilling,roughing,plunge,0.25,2,96,1474,0,0.0011,3.22,0,0.25,flood,0,TWIST DRILLS.csv
VMC-05,Roku-Roku HC 658-II,HSK-E40,32000,6.26,Default Preset,drill,1045 Steel (P),P,Drill,drilling,roughing,conventional,0.25,2,117,1781,0,0.0022,7.78,0,0.25,flood,0,TWIST DRILLS.csv
VMC-05,Roku-Roku HC 658-II,HSK-E40,32000,6.26,Default Preset,drill,1045 Steel (P),P,Peck,drilling,roughing,plunge,0.25,2,82,1247,0,0.0011,2.72,0,0.25,flood,0,TWIST DRILLS.csv
VMC-05,Roku-Roku HC 658-II,HSK-E40,32000,6.26,Default Preset,drill,4140/4340 Alloy (P),P,Drill,drilling,roughing,conventional,0.25,2,106,1620,0,0.0022,7.08,0,0.25,flood,0,TWIST DRILLS.csv
VMC-05,Roku-Roku HC 658-II,HSK-E40,32000,6.26,Default Preset,drill,4140/4340 Alloy (P),P,Peck,drilling,roughing,plunge,0.25,2,74,1134,0,0.0011,2.48,0,0.25,flood,0,TWIST DRILLS.csv
VMC-05,Roku-Roku HC 658-II,HSK-E40,32000,6.26,Default Preset,drill,1018 Steel (P),P,Drill,drilling,roughing,conventional,0.375,2,138,1404,0,0.0029,8.13,0,0.3748,flood,0,TWIST DRILLS.csv
VMC-05,Roku-Roku HC 658-II,HSK-E40,32000,6.26,Default Preset,drill,1018 Steel (P),P,Peck,drilling,roughing,plunge,0.375,2,96,982,0,0.0014,2.84,0,0.3748,flood,0,TWIST DRILLS.csv
VMC-05,Roku-Roku HC 658-II,HSK-E40,32000,6.26,Default Preset,drill,1045 Steel (P),P,Drill,drilling,roughing,conventional,0.375,2,117,1188,0,0.0029,6.88,0,0.3748,flood,0,TWIST DRILLS.csv
VMC-05,Roku-Roku HC 658-II,HSK-E40,32000,6.26,Default Preset,drill,1045 Steel (P),P,Peck,drilling,roughing,plunge,0.375,2,82,831,0,0.0014,2.4,0,0.3748,flood,0,TWIST DRILLS.csv
VMC-05,Roku-Roku HC 658-II,HSK-E40,32000,6.26,Default Preset,drill,4140/4340 Alloy (P),P,Drill,drilling,roughing,conventional,0.375,2,106,1080,0,0.0029,6.25,0,0.3748,flood,0,TWIST DRILLS.csv
VMC-05,Roku-Roku HC 658-II,HSK-E40,32000,6.26,Default Preset,drill,4140/4340 Alloy (P),P,Peck,drilling,roughing,plunge,0.375,2,74,756,0,0.0014,2.19,0,0.3748,flood,0,TWIST DRILLS.csv
VMC-05,Roku-Roku HC 658-II,HSK-E40,32000,6.26,Default Preset,drill,1018 Steel (P),P,Drill,drilling,roughing,conventional,0.209,3,344,6296,0,0.0013,25.28,0,0.2091,flood,0,TWIST DRILLS.csv
VMC-05,Roku-Roku HC 658-II,HSK-E40,32000,6.26,Default Preset,drill,1018 Steel (P),P,Peck,drilling,roughing,plunge,0.209,3,241,4407,0,0.0007,8.85,0,0.2091,flood,0,TWIST DRILLS.csv
VMC-05,Roku-Roku HC 658-II,HSK-E40,32000,6.26,Default Preset,drill,1045 Steel (P),P,Drill,drilling,roughing,conventional,0.209,3,291,5327,0,0.0013,21.39,0,0.2091,flood,0,TWIST DRILLS.csv
VMC-05,Roku-Roku HC 658-II,HSK-E40,32000,6.26,Default Preset,drill,1045 Steel (P),P,Peck,drilling,roughing,plunge,0.209,3,204,3729,0,0.0007,7.49,0,0.2091,flood,0,TWIST DRILLS.csv
VMC-05,Roku-Roku HC 658-II,HSK-E40,32000,6.26,Default Preset,drill,4140/4340 Alloy (P),P,Drill,drilling,roughing,conventional,0.209,3,265,4843,0,0.0013,19.45,0,0.2091,flood,0,TWIST DRILLS.csv
VMC-05,Roku-Roku HC 658-II,HSK-E40,32000,6.26,Default Preset,drill,4140/4340 Alloy (P),P,Peck,drilling,roughing,plunge,0.209,3,185,3390,0,0.0007,6.81,0,0.2091,flood,0,TWIST DRILLS.csv
VMC-05,Roku-Roku HC 658-II,HSK-E40,32000,6.26,Default Preset,drill,1018 Steel (P),P,Drill,drilling,roughing,conventional,0.3125,2,344,4211,0,0.0025,20.72,0,0.3126,flood,0,TWIST DRILLS.csv
VMC-05,Roku-Roku HC 658-II,HSK-E40,32000,6.26,Default Preset,drill,1018 Steel (P),P,Peck,drilling,roughing,plunge,0.3125,2,241,2947,0,0.0012,7.25,0,0.3126,flood,0,TWIST DRILLS.csv
VMC-05,Roku-Roku HC 658-II,HSK-E40,32000,6.26,Default Preset,drill,1045 Steel (P),P,Drill,drilling,roughing,conventional,0.3125,2,291,3563,0,0.0025,17.53,0,0.3126,flood,0,TWIST DRILLS.csv
VMC-05,Roku-Roku HC 658-II,HSK-E40,32000,6.26,Default Preset,drill,1045 Steel (P),P,Peck,drilling,roughing,plunge,0.3125,2,204,2494,0,0.0012,6.14,0,0.3126,flood,0,TWIST DRILLS.csv
VMC-05,Roku-Roku HC 658-II,HSK-E40,32000,6.26,Default Preset,drill,4140/4340 Alloy (P),P,Drill,drilling,roughing,conventional,0.3125,2,265,3239,0,0.0025,15.94,0,0.3126,flood,0,TWIST DRILLS.csv
VMC-05,Roku-Roku HC 658-II,HSK-E40,32000,6.26,Default Preset,drill,4140/4340 Alloy (P),P,Peck,drilling,roughing,plunge,0.3125,2,185,2267,0,0.0012,5.58,0,0.3126,flood,0,TWIST DRILLS.csv
VMC-05,Roku-Roku HC 658-II,HSK-E40,32000,6.26,Default Preset,drill,1018 Steel (P),P,Drill,drilling,roughing,conventional,0.386,2,138,1364,0,0.003,8.06,0,0.3858,flood,0,TWIST DRILLS.csv
VMC-05,Roku-Roku HC 658-II,HSK-E40,32000,6.26,Default Preset,drill,1018 Steel (P),P,Peck,drilling,roughing,plunge,0.386,2,96,955,0,0.0015,2.82,0,0.3858,flood,0,TWIST DRILLS.csv
VMC-05,Roku-Roku HC 658-II,HSK-E40,32000,6.26,Default Preset,drill,1045 Steel (P),P,Drill,drilling,roughing,conventional,0.386,2,117,1154,0,0.003,6.81,0,0.3858,flood,0,TWIST DRILLS.csv
VMC-05,Roku-Roku HC 658-II,HSK-E40,32000,6.26,Default Preset,drill,1045 Steel (P),P,Peck,drilling,roughing,plunge,0.386,2,82,808,0,0.0015,2.39,0,0.3858,flood,0,TWIST DRILLS.csv
VMC-05,Roku-Roku HC 658-II,HSK-E40,32000,6.26,Default Preset,drill,4140/4340 Alloy (P),P,Drill,drilling,roughing,conventional,0.386,2,106,1049,0,0.003,6.19,0,0.3858,flood,0,TWIST DRILLS.csv
VMC-05,Roku-Roku HC 658-II,HSK-E40,32000,6.26,Default Preset,drill,4140/4340 Alloy (P),P,Peck,drilling,roughing,plunge,0.386,2,74,734,0,0.0015,2.17,0,0.3858,flood,0,TWIST DRILLS.csv
VMC-05,Roku-Roku HC 658-II,HSK-E40,32000,6.26,Default Preset,drill,1018 Steel (P),P,Drill,drilling,roughing,conventional,0.368,2,344,3576,0,0.0028,20.27,0,0.3681,flood,0,TWIST DRILLS.csv
VMC-05,Roku-Roku HC 658-II,HSK-E40,32000,6.26,Default Preset,drill,1018 Steel (P),P,Peck,drilling,roughing,plunge,0.368,2,241,2503,0,0.0014,7.1,0,0.3681,flood,0,TWIST DRILLS.csv
VMC-05,Roku-Roku HC 658-II,HSK-E40,32000,6.26,Default Preset,drill,1045 Steel (P),P,Drill,drilling,roughing,conventional,0.368,2,291,3026,0,0.0028,17.16,0,0.3681,flood,0,TWIST DRILLS.csv
VMC-05,Roku-Roku HC 658-II,HSK-E40,32000,6.26,Default Preset,drill,1045 Steel (P),P,Peck,drilling,roughing,plunge,0.368,2,204,2118,0,0.0014,6,0,0.3681,flood,0,TWIST DRILLS.csv
VMC-05,Roku-Roku HC 658-II,HSK-E40,32000,6.26,Default Preset,drill,4140/4340 Alloy (P),P,Drill,drilling,roughing,conventional,0.368,2,265,2751,0,0.0028,15.6,0,0.3681,flood,0,TWIST DRILLS.csv
VMC-05,Roku-Roku HC 658-II,HSK-E40,32000,6.26,Default Preset,drill,4140/4340 Alloy (P),P,Peck,drilling,roughing,plunge,0.368,2,185,1925,0,0.0014,5.46,0,0.3681,flood,0,TWIST DRILLS.csv
VMC-05,Roku-Roku HC 658-II,HSK-E40,32000,6.26,Default Preset,drill,1018 Steel (P),P,Drill,drilling,roughing,conventional,0.275,2,138,1914,0,0.0023,8.82,0,0.2752,flood,0,TWIST DRILLS.csv
VMC-05,Roku-Roku HC 658-II,HSK-E40,32000,6.26,Default Preset,drill,1018 Steel (P),P,Peck,drilling,roughing,plunge,0.275,2,96,1340,0,0.0012,3.09,0,0.2752,flood,0,TWIST DRILLS.csv
VMC-05,Roku-Roku HC 658-II,HSK-E40,32000,6.26,Default Preset,drill,1045 Steel (P),P,Drill,drilling,roughing,conventional,0.275,2,117,1620,0,0.0023,7.46,0,0.2752,flood,0,TWIST DRILLS.csv
VMC-05,Roku-Roku HC 658-II,HSK-E40,32000,6.26,Default Preset,drill,1045 Steel (P),P,Peck,drilling,roughing,plunge,0.275,2,82,1134,0,0.0012,2.61,0,0.2752,flood,0,TWIST DRILLS.csv
VMC-05,Roku-Roku HC 658-II,HSK-E40,32000,6.26,Default Preset,drill,4140/4340 Alloy (P),P,Drill,drilling,roughing,conventional,0.275,2,106,1472,0,0.0023,6.78,0,0.2752,flood,0,TWIST DRILLS.csv
VMC-05,Roku-Roku HC 658-II,HSK-E40,32000,6.26,Default Preset,drill,4140/4340 Alloy (P),P,Peck,drilling,roughing,plunge,0.275,2,74,1031,0,0.0012,2.37,0,0.2752,flood,0,TWIST DRILLS.csv
VMC-05,Roku-Roku HC 658-II,HSK-E40,32000,6.26,Default Preset,drill,1018 Steel (P),P,Drill,drilling,roughing,conventional,0.4375,2,344,3008,0,0.0033,19.9,0,0.4374,flood,0,TWIST DRILLS.csv
VMC-05,Roku-Roku HC 658-II,HSK-E40,32000,6.26,Default Preset,drill,1018 Steel (P),P,Peck,drilling,roughing,plunge,0.4375,2,241,2105,0,0.0017,6.96,0,0.4374,flood,0,TWIST DRILLS.csv
VMC-05,Roku-Roku HC 658-II,HSK-E40,32000,6.26,Default Preset,drill,1045 Steel (P),P,Drill,drilling,roughing,conventional,0.4375,2,291,2545,0,0.0033,16.83,0,0.4374,flood,0,TWIST DRILLS.csv
VMC-05,Roku-Roku HC 658-II,HSK-E40,32000,6.26,Default Preset,drill,1045 Steel (P),P,Peck,drilling,roughing,plunge,0.4375,2,204,1781,0,0.0017,5.89,0,0.4374,flood,0,TWIST DRILLS.csv
VMC-05,Roku-Roku HC 658-II,HSK-E40,32000,6.26,Default Preset,drill,4140/4340 Alloy (P),P,Drill,drilling,roughing,conventional,0.4375,2,265,2314,0,0.0033,15.31,0,0.4374,flood,0,TWIST DRILLS.csv
VMC-05,Roku-Roku HC 658-II,HSK-E40,32000,6.26,Default Preset,drill,4140/4340 Alloy (P),P,Peck,drilling,roughing,plunge,0.4375,2,185,1620,0,0.0017,5.36,0,0.4374,flood,0,TWIST DRILLS.csv
VMC-05,Roku-Roku HC 658-II,HSK-E40,32000,6.26,Default Preset,drill,1018 Steel (P),P,Drill,drilling,roughing,conventional,0.246,2,138,2140,0,0.0022,9.27,0,0.2461,flood,0,TWIST DRILLS.csv
VMC-05,Roku-Roku HC 658-II,HSK-E40,32000,6.26,Default Preset,drill,1018 Steel (P),P,Peck,drilling,roughing,plunge,0.246,2,96,1498,0,0.0011,3.24,0,0.2461,flood,0,TWIST DRILLS.csv
VMC-05,Roku-Roku HC 658-II,HSK-E40,32000,6.26,Default Preset,drill,1045 Steel (P),P,Drill,drilling,roughing,conventional,0.246,2,117,1810,0,0.0022,7.84,0,0.2461,flood,0,TWIST DRILLS.csv
VMC-05,Roku-Roku HC 658-II,HSK-E40,32000,6.26,Default Preset,drill,1045 Steel (P),P,Peck,drilling,roughing,plunge,0.246,2,82,1267,0,0.0011,2.74,0,0.2461,flood,0,TWIST DRILLS.csv
VMC-05,Roku-Roku HC 658-II,HSK-E40,32000,6.26,Default Preset,drill,4140/4340 Alloy (P),P,Drill,drilling,roughing,conventional,0.246,2,106,1646,0,0.0022,7.13,0,0.2461,flood,0,TWIST DRILLS.csv
VMC-05,Roku-Roku HC 658-II,HSK-E40,32000,6.26,Default Preset,drill,4140/4340 Alloy (P),P,Peck,drilling,roughing,plunge,0.246,2,74,1152,0,0.0011,2.49,0,0.2461,flood,0,TWIST DRILLS.csv
VMC-05,Roku-Roku HC 658-II,HSK-E40,32000,6.26,Default Preset,drill,1018 Steel (P),P,Drill,drilling,roughing,conventional,0.332,2,344,3963,0,0.0026,20.6,0,0.3319,flood,0,TWIST DRILLS.csv
VMC-05,Roku-Roku HC 658-II,HSK-E40,32000,6.26,Default Preset,drill,1018 Steel (P),P,Peck,drilling,roughing,plunge,0.332,2,241,2774,0,0.0013,7.21,0,0.3319,flood,0,TWIST DRILLS.csv
VMC-05,Roku-Roku HC 658-II,HSK-E40,32000,6.26,Default Preset,drill,1045 Steel (P),P,Drill,drilling,roughing,conventional,0.332,2,291,3354,0,0.0026,17.43,0,0.3319,flood,0,TWIST DRILLS.csv
VMC-05,Roku-Roku HC 658-II,HSK-E40,32000,6.26,Default Preset,drill,1045 Steel (P),P,Peck,drilling,roughing,plunge,0.332,2,204,2348,0,0.0013,6.1,0,0.3319,flood,0,TWIST DRILLS.csv
VMC-05,Roku-Roku HC 658-II,HSK-E40,32000,6.26,Default Preset,drill,4140/4340 Alloy (P),P,Drill,drilling,roughing,conventional,0.332,2,265,3049,0,0.0026,15.85,0,0.3319,flood,0,TWIST DRILLS.csv
VMC-05,Roku-Roku HC 658-II,HSK-E40,32000,6.26,Default Preset,drill,4140/4340 Alloy (P),P,Peck,drilling,roughing,plunge,0.332,2,185,2134,0,0.0013,5.55,0,0.3319,flood,0,TWIST DRILLS.csv
VMC-05,Roku-Roku HC 658-II,HSK-E40,32000,6.26,Default Preset,drill,1018 Steel (P),P,Drill,drilling,roughing,conventional,0.261,2,138,2017,0,0.0022,9.05,0,0.261,flood,0,TWIST DRILLS.csv
VMC-05,Roku-Roku HC 658-II,HSK-E40,32000,6.26,Default Preset,drill,1018 Steel (P),P,Peck,drilling,roughing,plunge,0.261,2,96,1412,0,0.0011,3.17,0,0.261,flood,0,TWIST DRILLS.csv
VMC-05,Roku-Roku HC 658-II,HSK-E40,32000,6.26,Default Preset,drill,1045 Steel (P),P,Drill,drilling,roughing,conventional,0.261,2,117,1706,0,0.0022,7.66,0,0.261,flood,0,TWIST DRILLS.csv
VMC-05,Roku-Roku HC 658-II,HSK-E40,32000,6.26,Default Preset,drill,1045 Steel (P),P,Peck,drilling,roughing,plunge,0.261,2,82,1194,0,0.0011,2.68,0,0.261,flood,0,TWIST DRILLS.csv
VMC-05,Roku-Roku HC 658-II,HSK-E40,32000,6.26,Default Preset,drill,4140/4340 Alloy (P),P,Drill,drilling,roughing,conventional,0.261,2,106,1551,0,0.0022,6.96,0,0.261,flood,0,TWIST DRILLS.csv
VMC-05,Roku-Roku HC 658-II,HSK-E40,32000,6.26,Default Preset,drill,4140/4340 Alloy (P),P,Peck,drilling,roughing,plunge,0.261,2,74,1086,0,0.0011,2.44,0,0.261,flood,0,TWIST DRILLS.csv
VMC-05,Roku-Roku HC 658-II,HSK-E40,32000,6.26,Default Preset,center drill,1018 Steel (P),P,Spot,drilling,roughing,conventional,0.191,2,344,6889,0,0.0019,26.58,0,0.1909,flood,0,TWIST DRILLS.csv
VMC-05,Roku-Roku HC 658-II,HSK-E40,32000,6.26,Default Preset,center drill,1045 Steel (P),P,Spot,drilling,roughing,conventional,0.191,2,291,5829,0,0.0019,22.49,0,0.1909,flood,0,TWIST DRILLS.csv
VMC-05,Roku-Roku HC 658-II,HSK-E40,32000,6.26,Default Preset,center drill,4140/4340 Alloy (P),P,Spot,drilling,roughing,conventional,0.191,2,265,5299,0,0.0019,20.44,0,0.1909,flood,0,TWIST DRILLS.csv
VMC-05,Roku-Roku HC 658-II,HSK-E40,32000,6.26,Default Preset,drill,1018 Steel (P),P,Drill,drilling,roughing,conventional,0.175,3,344,7519,0,0.0012,27.83,0,0.1748,flood,0,TWIST DRILLS.csv
VMC-05,Roku-Roku HC 658-II,HSK-E40,32000,6.26,Default Preset,drill,1018 Steel (P),P,Peck,drilling,roughing,plunge,0.175,3,241,5263,0,0.0006,9.74,0,0.1748,flood,0,TWIST DRILLS.csv
VMC-05,Roku-Roku HC 658-II,HSK-E40,32000,6.26,Default Preset,drill,1045 Steel (P),P,Drill,drilling,roughing,conventional,0.175,3,291,6362,0,0.0012,23.54,0,0.1748,flood,0,TWIST DRILLS.csv
VMC-05,Roku-Roku HC 658-II,HSK-E40,32000,6.26,Default Preset,drill,1045 Steel (P),P,Peck,drilling,roughing,plunge,0.175,3,204,4454,0,0.0006,8.24,0,0.1748,flood,0,TWIST DRILLS.csv
VMC-05,Roku-Roku HC 658-II,HSK-E40,32000,6.26,Default Preset,drill,4140/4340 Alloy (P),P,Drill,drilling,roughing,conventional,0.175,3,265,5784,0,0.0012,21.41,0,0.1748,flood,0,TWIST DRILLS.csv
VMC-05,Roku-Roku HC 658-II,HSK-E40,32000,6.26,Default Preset,drill,4140/4340 Alloy (P),P,Peck,drilling,roughing,plunge,0.175,3,185,4049,0,0.0006,7.49,0,0.1748,flood,0,TWIST DRILLS.csv
VMC-05,Roku-Roku HC 658-II,HSK-E40,32000,6.26,Default Preset,drill,1018 Steel (P),P,Drill,drilling,roughing,conventional,0.493,2,344,2669,0,0.0036,19.33,0,0.4929,flood,0,TWIST DRILLS.csv
VMC-05,Roku-Roku HC 658-II,HSK-E40,32000,6.26,Default Preset,drill,1018 Steel (P),P,Peck,drilling,roughing,plunge,0.493,2,241,1868,0,0.0018,6.77,0,0.4929,flood,0,TWIST DRILLS.csv
VMC-05,Roku-Roku HC 658-II,HSK-E40,32000,6.26,Default Preset,drill,1045 Steel (P),P,Drill,drilling,roughing,conventional,0.493,2,291,2258,0,0.0036,16.36,0,0.4929,flood,0,TWIST DRILLS.csv
VMC-05,Roku-Roku HC 658-II,HSK-E40,32000,6.26,Default Preset,drill,1045 Steel (P),P,Peck,drilling,roughing,plunge,0.493,2,204,1581,0,0.0018,5.73,0,0.4929,flood,0,TWIST DRILLS.csv
VMC-05,Roku-Roku HC 658-II,HSK-E40,32000,6.26,Default Preset,drill,4140/4340 Alloy (P),P,Drill,drilling,roughing,conventional,0.493,2,265,2053,0,0.0036,14.87,0,0.4929,flood,0,TWIST DRILLS.csv
VMC-05,Roku-Roku HC 658-II,HSK-E40,32000,6.26,Default Preset,drill,4140/4340 Alloy (P),P,Peck,drilling,roughing,plunge,0.493,2,185,1437,0,0.0018,5.2,0,0.4929,flood,0,TWIST DRILLS.csv
VMC-05,Roku-Roku HC 658-II,HSK-E40,32000,6.26,Default Preset,drill,1018 Steel (P),P,Drill,drilling,roughing,conventional,0.0937,2,138,5614,0,0.0012,13.48,0,0.0937,flood,0,TWIST DRILLS.csv
VMC-05,Roku-Roku HC 658-II,HSK-E40,32000,6.26,Default Preset,drill,1018 Steel (P),P,Peck,drilling,roughing,plunge,0.0937,2,96,3930,0,0.0006,4.72,0,0.0937,flood,0,TWIST DRILLS.csv
VMC-05,Roku-Roku HC 658-II,HSK-E40,32000,6.26,Default Preset,drill,1045 Steel (P),P,Drill,drilling,roughing,conventional,0.0937,2,117,4751,0,0.0012,11.41,0,0.0937,flood,0,TWIST DRILLS.csv
VMC-05,Roku-Roku HC 658-II,HSK-E40,32000,6.26,Default Preset,drill,1045 Steel (P),P,Peck,drilling,roughing,plunge,0.0937,2,82,3325,0,0.0006,3.99,0,0.0937,flood,0,TWIST DRILLS.csv
VMC-05,Roku-Roku HC 658-II,HSK-E40,32000,6.26,Default Preset,drill,4140/4340 Alloy (P),P,Drill,drilling,roughing,conventional,0.0937,2,106,4319,0,0.0012,10.37,0,0.0937,flood,0,TWIST DRILLS.csv
VMC-05,Roku-Roku HC 658-II,HSK-E40,32000,6.26,Default Preset,drill,4140/4340 Alloy (P),P,Peck,drilling,roughing,plunge,0.0937,2,74,3023,0,0.0006,3.63,0,0.0937,flood,0,TWIST DRILLS.csv
VMC-05,Roku-Roku HC 658-II,HSK-E40,32000,6.26,Default Preset,spot drill,1018 Steel (P),P,Spot,drilling,roughing,conventional,1,2,344,1316,0,0.0052,13.63,0,1,flood,0,TWIST DRILLS.csv
VMC-05,Roku-Roku HC 658-II,HSK-E40,32000,6.26,Default Preset,spot drill,1045 Steel (P),P,Spot,drilling,roughing,conventional,1,2,291,1113,0,0.0052,11.52,0,1,flood,0,TWIST DRILLS.csv
VMC-05,Roku-Roku HC 658-II,HSK-E40,32000,6.26,Default Preset,spot drill,4140/4340 Alloy (P),P,Spot,drilling,roughing,conventional,1,2,265,1012,0,0.0052,10.48,0,1,flood,0,TWIST DRILLS.csv
