{
  "manifest_version": "2.0",
  "package_name": "PRISM_SKILLS_PACKAGE",
  "created": "2026-01-23",
  "updated": "2026-01-23",
  "description": "Complete PRISM Manufacturing Intelligence skill set for Claude development",
  
  "statistics": {
    "total_skills": 49,
    "with_skill_md": 46,
    "enhanced_v2": 4,
    "expert_roles": 10,
    "core_skills": 25,
    "utility_skills": 14
  },
  
  "enhanced_skills_v2": [
    {
      "name": "prism-state-manager",
      "version": "2.0",
      "enhancements": ["auto-checkpoint triggers", "delta updates", "recovery confidence scoring"]
    },
    {
      "name": "prism-session-handoff",
      "version": "2.0",
      "enhancements": ["5-second resume", "priority tiers", "session essence format"]
    },
    {
      "name": "prism-extractor",
      "version": "2.0",
      "enhancements": ["pre-extraction analysis", "code quality scoring", "auto-dependency detection", "pattern recognition"]
    },
    {
      "name": "prism-algorithm-selector",
      "version": "1.0",
      "enhancements": ["NEW - algorithm selection by task type"]
    }
  ],
  
  "core_skills": [
    "prism-development",
    "prism-state-manager",
    "prism-session-handoff",
    "prism-extractor",
    "prism-auditor",
    "prism-utilization",
    "prism-consumer-mapper",
    "prism-hierarchy-manager",
    "prism-swarm-orchestrator",
    "prism-knowledge-base",
    "prism-monolith-index",
    "prism-monolith-navigator",
    "prism-extraction-index",
    "prism-dependency-graph",
    "prism-python-tools",
    "prism-large-file-writer",
    "prism-quick-start",
    "prism-task-continuity",
    "prism-context-dna",
    "prism-context-pressure",
    "prism-algorithm-selector",
    "prism-coding-patterns",
    "prism-error-recovery",
    "prism-debugging",
    "prism-planning"
  ],
  
  "expert_roles": [
    "prism-expert-cad-expert",
    "prism-expert-cam-programmer",
    "prism-expert-master-machinist",
    "prism-expert-materials-scientist",
    "prism-expert-mathematics",
    "prism-expert-mechanical-engineer",
    "prism-expert-post-processor",
    "prism-expert-quality-control",
    "prism-expert-quality-manager",
    "prism-expert-thermodynamics"
  ],
  
  "utility_skills": [
    "prism-material-lookup",
    "prism-material-template",
    "prism-material-templates",
    "prism-physics-formulas",
    "prism-physics-reference",
    "prism-unit-converter",
    "prism-tool-selector",
    "prism-validator",
    "prism-verification",
    "prism-review",
    "prism-tdd",
    "prism-session-buffer",
    "prism-category-defaults",
    "prism-derivation-helpers"
  ],
  
  "skill_priority_order": [
    "prism-development",
    "prism-state-manager",
    "prism-quick-start",
    "prism-task-continuity",
    "prism-context-pressure",
    "prism-extractor",
    "prism-knowledge-base"
  ],
  
  "container_upload_path": "/mnt/skills/user/",
  
  "integration_notes": {
    "context_pressure": "Auto-triggers checkpoints at tool call thresholds",
    "context_dna": "Generates session fingerprints for recovery",
    "session_handoff": "5-second resume format for instant context",
    "state_manager": "Delta updates reduce write overhead"
  }
}
